core   0: 0x00001000 (0x00000297) auipc   x5, 0x0
core   0: 3 0x00001000 (0x00000297) x5  0x00001000
core   0: 0x00001004 (0x02028593) addi    x11, x5, 32
core   0: 3 0x00001004 (0x02028593) x11 0x00001020
core   0: 0x00001008 (0xf1402573) csrr    x10, mhartid
core   0: 3 0x00001008 (0xf1402573) x10 0x00000000
core   0: 0x0000100c (0x0182a283) lw      x5, 24(x5)
core   0: 3 0x0000100c (0x0182a283) x5  0x80000000 mem 0x00001018
core   0: 0x00001010 (0x00028067) jr      x5
core   0: 3 0x00001010 (0x00028067)
core   0: 0x80000000 (0x00004197) auipc   x3, 0x4
core   0: 3 0x80000000 (0x00004197) x3  0x80004000
core   0: 0x80000004 (0x80818193) addi    x3, x3, -2040
core   0: 3 0x80000004 (0x80818193) x3  0x80003808
core   0: 0x80000008 (0x02000e93) li      x29, 32
core   0: 3 0x80000008 (0x02000e93) x29 0x00000020
core   0: 0x8000000c (0x0d0efed7) vsetvli x29, x29, e32, m1, ta, ma
core   0: 3 0x8000000c (0x0d0efed7) x29 0x00000020 c8_vstart 0x00000000 c3104_vl 0x00000020 c3105_vtype 0x000000d0 c768_mstatus 0x80000600
core   0: 0x80000010 (0x00002eb7) lui     x29, 0x2
core   0: 3 0x80000010 (0x00002eb7) x29 0x00002000
core   0: 0x80000014 (0x300eaef3) csrrs   x29, mstatus, x29
core   0: 3 0x80000014 (0x300eaef3) x29 0x80000600 c768_mstatus 0x80006600
core   0: 0x80000018 (0x00000e93) li      x29, 0
core   0: 3 0x80000018 (0x00000e93) x29 0x00000000
core   0: 0x8000001c (0x80502373) csrr    x6, wid
core   0: 3 0x8000001c (0x80502373) x6  0x00000000
core   0: 0x80000020 (0x806023f3) csrr    x7, lds
core   0: 3 0x80000020 (0x806023f3) x7  0x70000000
core   0: 0x80000024 (0x40000e13) li      x28, 1024
core   0: 3 0x80000024 (0x40000e13) x28 0x00000400
core   0: 0x80000028 (0x03c30333) mul     x6, x6, x28
core   0: 3 0x80000028 (0x03c30333) x6  0x00000000
core   0: 0x8000002c (0x00730133) add     x2, x6, x7
core   0: 3 0x8000002c (0x00730133) x2  0x70000000
core   0: 0x80000030 (0x00000213) li      x4, 0
core   0: 3 0x80000030 (0x00000213) x4  0x00000000
core   0: 0x80000034 (0x80102f73) csrr    x30, numw
core   0: 3 0x80000034 (0x80102f73) x30 0x00000001
core   0: 0x80000038 (0x40000e13) li      x28, 1024
core   0: 3 0x80000038 (0x40000e13) x28 0x00000400
core   0: 0x8000003c (0x03cf0f33) mul     x30, x30, x28
core   0: 3 0x8000003c (0x03cf0f33) x30 0x00000400
core   0: 0x80000040 (0x01e38433) add     x8, x7, x30
core   0: 3 0x80000040 (0x01e38433) x8  0x70000400
core   0: 0x80000044 (0x00003517) auipc   x10, 0x3
core   0: 3 0x80000044 (0x00003517) x10 0x80003044
core   0: 0x80000048 (0xfc450513) addi    x10, x10, -60
core   0: 3 0x80000048 (0xfc450513) x10 0x80003008
core   0: 0x8000004c (0x00003617) auipc   x12, 0x3
core   0: 3 0x8000004c (0x00003617) x12 0x8000304c
core   0: 0x80000050 (0xfbc60613) addi    x12, x12, -68
core   0: 3 0x80000050 (0xfbc60613) x12 0x80003008
core   0: 0x80000054 (0x00c50863) beq     x10, x12, pc + 16
core   0: 3 0x80000054 (0x00c50863)
core   0: 0x80000064 (0x803022f3) csrr    x5, knl
core   0: 3 0x80000064 (0x803022f3) x5  0x90195000
core   0: 0x80000068 (0x0002a303) lw      x6, 0(x5)
core   0: 3 0x80000068 (0x0002a303) x6  0x80000464 mem 0x90195000
core   0: 0x8000006c (0x0042a503) lw      x10, 4(x5)
core   0: 3 0x8000006c (0x0042a503) x10 0x90014000 mem 0x90195004
core   0: 0x80000070 (0x0302a383) lw      x7, 48(x5)
core   0: 3 0x80000070 (0x0302a383) x7  0x00000000 mem 0x90195030
core   0: 0x80000074 (0x0342ae03) lw      x28, 52(x5)
core   0: 3 0x80000074 (0x0342ae03) x28 0x00000000 mem 0x90195034
core   0: 0x80000078 (0x00003e97) auipc   x29, 0x3
core   0: 3 0x80000078 (0x00003e97) x29 0x80003078
core   0: 0x8000007c (0xf88e8e93) addi    x29, x29, -120
core   0: 3 0x8000007c (0xf88e8e93) x29 0x80003000
core   0: 0x80000080 (0x00003f17) auipc   x30, 0x3
core   0: 3 0x80000080 (0x00003f17) x30 0x80003080
core   0: 0x80000084 (0xf84f0f13) addi    x30, x30, -124
core   0: 3 0x80000084 (0xf84f0f13) x30 0x80003004
core   0: 0x80000088 (0x007ea023) sw      x7, 0(x29)
core   0: 3 0x80000088 (0x007ea023) mem 0x80003000 0x00000000
core   0: 0x8000008c (0x01cf2023) sw      x28, 0(x30)
core   0: 3 0x8000008c (0x01cf2023) mem 0x80003004 0x00000000
core   0: 0x80000090 (0x00000f97) auipc   x31, 0x0
core   0: 3 0x80000090 (0x00000f97) x31 0x80000090
core   0: 0x80000094 (0x018f8f93) addi    x31, x31, 24
core   0: 3 0x80000094 (0x018f8f93) x31 0x800000a8
core   0: 0x80000098 (0x305f9073) csrw    mtvec, x31
core   0: 3 0x80000098 (0x305f9073) c773_mtvec 0x800000a8
core   0: 0x8000009c (0x000300e7) jalr    x6
core   0: 3 0x8000009c (0x000300e7) x1  0x800000a0
core   0: 0x80000464 (0x01810113) addi    x2, x2, 24
core   0: 3 0x80000464 (0x01810113) x2  0x70000018
core   0: 0x80000468 (0x00420213) addi    x4, x4, 4
core   0: 3 0x80000468 (0x00420213) x4  0x00000004
core   0: 0x8000046c (0x0010200b) regext  x0, x0,  0 0 0 1 
core   0: 3 0x8000046c (0x0010200b)
core   0: 0x80000470 (0x5e024057) vmv.v.x v0, x4
core   0: 3 0x80000470 (0x5e024057) c8_vstart 0x00000000 e32 m1 l32 v32 ffffffff 0x00000004 00000004 00000004 00000004 00000004 00000004 00000004 00000004 00000004 00000004 00000004 00000004 00000004 00000004 00000004 00000004 00000004 00000004 00000004 00000004 00000004 00000004 00000004 00000004 00000004 00000004 00000004 00000004 00000004 00000004 00000004 00000004 
core   0: 0x80000474 (0xfe112423) sw      x1, -24(x2)
core   0: 3 0x80000474 (0xfe112423) mem 0x70000000 0x800000a0
core   0: 0x80000478 (0x01052283) lw      x5, 16(x10)
core   0: 3 0x80000478 (0x01052283) x5  0x90011000 mem 0x90014010
core   0: 0x8000047c (0xfe512c23) sw      x5, -8(x2)
core   0: 3 0x8000047c (0xfe512c23) mem 0x70000010 0x90011000
core   0: 0x80000480 (0x00c52283) lw      x5, 12(x10)
core   0: 3 0x80000480 (0x00c52283) x5  0x00000001 mem 0x9001400c
core   0: 0x80000484 (0xfe512a23) sw      x5, -12(x2)
core   0: 3 0x80000484 (0xfe512a23) mem 0x7000000c 0x00000001
core   0: 0x80000488 (0x00452283) lw      x5, 4(x10)
core   0: 3 0x80000488 (0x00452283) x5  0x00000000 mem 0x90014004
core   0: 0x8000048c (0xfe512823) sw      x5, -16(x2)
core   0: 3 0x8000048c (0xfe512823) mem 0x70000008 0x00000000
core   0: 0x80000490 (0x00052283) lw      x5, 0(x10)
core   0: 3 0x80000490 (0x00052283) x5  0x9000e000 mem 0x90014000
core   0: 0x80000494 (0xfe512623) sw      x5, -20(x2)
core   0: 3 0x80000494 (0xfe512623) mem 0x70000004 0x9000e000
core   0: 0x80000498 (0x00852283) lw      x5, 8(x10)
core   0: 3 0x80000498 (0x00852283) x5  0x0000000c mem 0x90014008
core   0: 0x8000049c (0xfe512e23) sw      x5, -4(x2)
core   0: 3 0x8000049c (0xfe512e23) mem 0x70000014 0x0000000c
core   0: 0x800004a0 (0x5e004057) vmv.v.x v0, x0
core   0: 3 0x800004a0 (0x5e004057) c8_vstart 0x00000000 e32 m1 l32 v0  ffffffff 0x00000000 00000000 00000000 00000000 00000000 00000000 00000000 00000000 00000000 00000000 00000000 00000000 00000000 00000000 00000000 00000000 00000000 00000000 00000000 00000000 00000000 00000000 00000000 00000000 00000000 00000000 00000000 00000000 00000000 00000000 00000000 00000000 
core   0: 0x800004a4 (0x1d4000ef) jal     pc + 0x1d4
core   0: 3 0x800004a4 (0x1d4000ef) x1  0x800004a8
core   0: 0x80000678 (0x00410113) addi    x2, x2, 4
core   0: 3 0x80000678 (0x00410113) x2  0x7000001c
core   0: 0x8000067c (0xfe112e23) sw      x1, -4(x2)
core   0: 3 0x8000067c (0xfe112e23) mem 0x70000018 0x800004a8
core   0: 0x80000680 (0x020040d7) vadd.vx v1, v0, x0
core   0: 3 0x80000680 (0x020040d7) c8_vstart 0x00000000 e32 m1 l32 v1  ffffffff 0x00000000 00000000 00000000 00000000 00000000 00000000 00000000 00000000 00000000 00000000 00000000 00000000 00000000 00000000 00000000 00000000 00000000 00000000 00000000 00000000 00000000 00000000 00000000 00000000 00000000 00000000 00000000 00000000 00000000 00000000 00000000 00000000 
core   0: 0x80000684 (0x00200293) li      x5, 2
core   0: 3 0x80000684 (0x00200293) x5  0x00000002
core   0: 0x80000688 (0x5e02c057) vmv.v.x v0, x5
core   0: 3 0x80000688 (0x5e02c057) c8_vstart 0x00000000 e32 m1 l32 v0  ffffffff 0x00000002 00000002 00000002 00000002 00000002 00000002 00000002 00000002 00000002 00000002 00000002 00000002 00000002 00000002 00000002 00000002 00000002 00000002 00000002 00000002 00000002 00000002 00000002 00000002 00000002 00000002 00000002 00000002 00000002 00000002 00000002 00000002 
core   0: 0x8000068c (0x00000317) auipc   x6, 0x0
core   0: 3 0x8000068c (0x00000317) x6  0x8000068c
core   0: 0x80000690 (0x0543305b) setrpc  x0, x6, 84
core   0: 3 0x80000690 (0x0543305b) c2060_rpc 0x800006e0 current mask:	ffffffff current npc:	00000000 stack size: 0
core   0: 0x80000694 (0x0410045b) vbeq    v1, v0, pc + 72
core   0: 3 0x80000694 (0x0410045b) c8_vstart 0x00000000 e32 m1 l32 current mask:	ffffffff current npc:	80000698 stack size: 0
core   0: 0x80000698 (0x0040006f) j       pc + 0x4
core   0: 3 0x80000698 (0x0040006f)
core   0: 0x8000069c (0x00100293) li      x5, 1
core   0: 3 0x8000069c (0x00100293) x5  0x00000001
core   0: 0x800006a0 (0x5e02c057) vmv.v.x v0, x5
core   0: 3 0x800006a0 (0x5e02c057) c8_vstart 0x00000000 e32 m1 l32 v0  ffffffff 0x00000001 00000001 00000001 00000001 00000001 00000001 00000001 00000001 00000001 00000001 00000001 00000001 00000001 00000001 00000001 00000001 00000001 00000001 00000001 00000001 00000001 00000001 00000001 00000001 00000001 00000001 00000001 00000001 00000001 00000001 00000001 00000001 
core   0: 0x800006a4 (0x00000317) auipc   x6, 0x0
core   0: 3 0x800006a4 (0x00000317) x6  0x800006a4
core   0: 0x800006a8 (0x03c3305b) setrpc  x0, x6, 60
core   0: 3 0x800006a8 (0x03c3305b) c2060_rpc 0x800006e0 current mask:	ffffffff current npc:	80000698 stack size: 0
core   0: 0x800006ac (0x0210045b) vbeq    v1, v0, pc + 40
core   0: 3 0x800006ac (0x0210045b) c8_vstart 0x00000000 e32 m1 l32 current mask:	ffffffff current npc:	800006b0 stack size: 0
core   0: 0x800006b0 (0x0040006f) j       pc + 0x4
core   0: 3 0x800006b0 (0x0040006f)
core   0: 0x800006b4 (0x5e004157) vmv.v.x v2, x0
core   0: 3 0x800006b4 (0x5e004157) c8_vstart 0x00000000 e32 m1 l32 v2  ffffffff 0x00000000 00000000 00000000 00000000 00000000 00000000 00000000 00000000 00000000 00000000 00000000 00000000 00000000 00000000 00000000 00000000 00000000 00000000 00000000 00000000 00000000 00000000 00000000 00000000 00000000 00000000 00000000 00000000 00000000 00000000 00000000 00000000 
core   0: 0x800006b8 (0x5e004057) vmv.v.x v0, x0
core   0: 3 0x800006b8 (0x5e004057) c8_vstart 0x00000000 e32 m1 l32 v0  ffffffff 0x00000000 00000000 00000000 00000000 00000000 00000000 00000000 00000000 00000000 00000000 00000000 00000000 00000000 00000000 00000000 00000000 00000000 00000000 00000000 00000000 00000000 00000000 00000000 00000000 00000000 00000000 00000000 00000000 00000000 00000000 00000000 00000000 
core   0: 0x800006bc (0x00000317) auipc   x6, 0x0
core   0: 3 0x800006bc (0x00000317) x6  0x800006bc
core   0: 0x800006c0 (0x0243305b) setrpc  x0, x6, 36
core   0: 3 0x800006c0 (0x0243305b) c2060_rpc 0x800006e0 current mask:	ffffffff current npc:	800006b0 stack size: 0
core   0: 0x800006c4 (0x00111e5b) vbne    v1, v2, pc + 28
core   0: 3 0x800006c4 (0x00111e5b) c8_vstart 0x00000000 e32 m1 l32 current mask:	ffffffff current npc:	800006c8 stack size: 0
core   0: 0x800006c8 (0x0040006f) j       pc + 0x4
core   0: 3 0x800006c8 (0x0040006f)
core   0: 0x800006cc (0x09c000ef) jal     pc + 0x9c
core   0: 3 0x800006cc (0x09c000ef) x1  0x800006d0
core   0: 0x80000768 (0x80802573) csrr    x10, gidx
core   0: 3 0x80000768 (0x80802573) x10 0x00000000
core   0: 0x8000076c (0x5e054057) vmv.v.x v0, x10
core   0: 3 0x8000076c (0x5e054057) c8_vstart 0x00000000 e32 m1 l32 v0  ffffffff 0x00000000 00000000 00000000 00000000 00000000 00000000 00000000 00000000 00000000 00000000 00000000 00000000 00000000 00000000 00000000 00000000 00000000 00000000 00000000 00000000 00000000 00000000 00000000 00000000 00000000 00000000 00000000 00000000 00000000 00000000 00000000 00000000 
core   0: 0x80000770 (0x00008067) ret
core   0: 3 0x80000770 (0x00008067)
core   0: 0x800006d0 (0x0100006f) j       pc + 0x10
core   0: 3 0x800006d0 (0x0100006f)
core   0: 0x800006e0 (0x0000205b) join    v0, v0, pc + 0
core   0: 3 0x800006e0 (0x0000205b) current mask:	ffffffff current npc:	800006c8 stack size: 0
core   0: 0x800006e4 (0xffc12083) lw      x1, -4(x2)
core   0: 3 0x800006e4 (0xffc12083) x1  0x800004a8 mem 0x70000018
core   0: 0x800006e8 (0xffc10113) addi    x2, x2, -4
core   0: 3 0x800006e8 (0xffc10113) x2  0x70000018
core   0: 0x800006ec (0x00008067) ret
core   0: 3 0x800006ec (0x00008067)
core   0: 0x800004a8 (0x0080200b) regext  x0, x0,  0 0 1 0 
core   0: 3 0x800004a8 (0x0080200b)
core   0: 0x800004ac (0xfe002e2b) vsw.v   v0, x0, -4
core   0: 3 0x800004ac (0xfe002e2b) c8_vstart 0x00000000 mem 0x90015000 0x00000000 mem 0x90015004 0x00000000 mem 0x90015008 0x00000000 mem 0x9001500c 0x00000000 mem 0x90015010 0x00000000 mem 0x90015014 0x00000000 mem 0x90015018 0x00000000 mem 0x9001501c 0x00000000 mem 0x90015020 0x00000000 mem 0x90015024 0x00000000 mem 0x90015028 0x00000000 mem 0x9001502c 0x00000000 mem 0x90015030 0x00000000 mem 0x90015034 0x00000000 mem 0x90015038 0x00000000 mem 0x9001503c 0x00000000 mem 0x90015040 0x00000000 mem 0x90015044 0x00000000 mem 0x90015048 0x00000000 mem 0x9001504c 0x00000000 mem 0x90015050 0x00000000 mem 0x90015054 0x00000000 mem 0x90015058 0x00000000 mem 0x9001505c 0x00000000 mem 0x90015060 0x00000000 mem 0x90015064 0x00000000 mem 0x90015068 0x00000000 mem 0x9001506c 0x00000000 mem 0x90015070 0x00000000 mem 0x90015074 0x00000000 mem 0x90015078 0x00000000 mem 0x9001507c 0x00000000
core   0: 0x800004b0 (0x5e004057) vmv.v.x v0, x0
core   0: 3 0x800004b0 (0x5e004057) c8_vstart 0x00000000 e32 m1 l32 v0  ffffffff 0x00000000 00000000 00000000 00000000 00000000 00000000 00000000 00000000 00000000 00000000 00000000 00000000 00000000 00000000 00000000 00000000 00000000 00000000 00000000 00000000 00000000 00000000 00000000 00000000 00000000 00000000 00000000 00000000 00000000 00000000 00000000 00000000 
core   0: 0x800004b4 (0x14c000ef) jal     pc + 0x14c
core   0: 3 0x800004b4 (0x14c000ef) x1  0x800004b8
core   0: 0x80000600 (0x00410113) addi    x2, x2, 4
core   0: 3 0x80000600 (0x00410113) x2  0x7000001c
core   0: 0x80000604 (0xfe112e23) sw      x1, -4(x2)
core   0: 3 0x80000604 (0xfe112e23) mem 0x70000018 0x800004b8
core   0: 0x80000608 (0x020040d7) vadd.vx v1, v0, x0
core   0: 3 0x80000608 (0x020040d7) c8_vstart 0x00000000 e32 m1 l32 v1  ffffffff 0x00000000 00000000 00000000 00000000 00000000 00000000 00000000 00000000 00000000 00000000 00000000 00000000 00000000 00000000 00000000 00000000 00000000 00000000 00000000 00000000 00000000 00000000 00000000 00000000 00000000 00000000 00000000 00000000 00000000 00000000 00000000 00000000 
core   0: 0x8000060c (0x00200293) li      x5, 2
core   0: 3 0x8000060c (0x00200293) x5  0x00000002
core   0: 0x80000610 (0x5e02c057) vmv.v.x v0, x5
core   0: 3 0x80000610 (0x5e02c057) c8_vstart 0x00000000 e32 m1 l32 v0  ffffffff 0x00000002 00000002 00000002 00000002 00000002 00000002 00000002 00000002 00000002 00000002 00000002 00000002 00000002 00000002 00000002 00000002 00000002 00000002 00000002 00000002 00000002 00000002 00000002 00000002 00000002 00000002 00000002 00000002 00000002 00000002 00000002 00000002 
core   0: 0x80000614 (0x00000317) auipc   x6, 0x0
core   0: 3 0x80000614 (0x00000317) x6  0x80000614
core   0: 0x80000618 (0x0543305b) setrpc  x0, x6, 84
core   0: 3 0x80000618 (0x0543305b) c2060_rpc 0x80000668 current mask:	ffffffff current npc:	800006c8 stack size: 0
core   0: 0x8000061c (0x0410045b) vbeq    v1, v0, pc + 72
core   0: 3 0x8000061c (0x0410045b) c8_vstart 0x00000000 e32 m1 l32 current mask:	ffffffff current npc:	80000620 stack size: 0
core   0: 0x80000620 (0x0040006f) j       pc + 0x4
core   0: 3 0x80000620 (0x0040006f)
core   0: 0x80000624 (0x00100293) li      x5, 1
core   0: 3 0x80000624 (0x00100293) x5  0x00000001
core   0: 0x80000628 (0x5e02c057) vmv.v.x v0, x5
core   0: 3 0x80000628 (0x5e02c057) c8_vstart 0x00000000 e32 m1 l32 v0  ffffffff 0x00000001 00000001 00000001 00000001 00000001 00000001 00000001 00000001 00000001 00000001 00000001 00000001 00000001 00000001 00000001 00000001 00000001 00000001 00000001 00000001 00000001 00000001 00000001 00000001 00000001 00000001 00000001 00000001 00000001 00000001 00000001 00000001 
core   0: 0x8000062c (0x00000317) auipc   x6, 0x0
core   0: 3 0x8000062c (0x00000317) x6  0x8000062c
core   0: 0x80000630 (0x03c3305b) setrpc  x0, x6, 60
core   0: 3 0x80000630 (0x03c3305b) c2060_rpc 0x80000668 current mask:	ffffffff current npc:	80000620 stack size: 0
core   0: 0x80000634 (0x0210045b) vbeq    v1, v0, pc + 40
core   0: 3 0x80000634 (0x0210045b) c8_vstart 0x00000000 e32 m1 l32 current mask:	ffffffff current npc:	80000638 stack size: 0
core   0: 0x80000638 (0x0040006f) j       pc + 0x4
core   0: 3 0x80000638 (0x0040006f)
core   0: 0x8000063c (0x5e004157) vmv.v.x v2, x0
core   0: 3 0x8000063c (0x5e004157) c8_vstart 0x00000000 e32 m1 l32 v2  ffffffff 0x00000000 00000000 00000000 00000000 00000000 00000000 00000000 00000000 00000000 00000000 00000000 00000000 00000000 00000000 00000000 00000000 00000000 00000000 00000000 00000000 00000000 00000000 00000000 00000000 00000000 00000000 00000000 00000000 00000000 00000000 00000000 00000000 
core   0: 0x80000640 (0x5e004057) vmv.v.x v0, x0
core   0: 3 0x80000640 (0x5e004057) c8_vstart 0x00000000 e32 m1 l32 v0  ffffffff 0x00000000 00000000 00000000 00000000 00000000 00000000 00000000 00000000 00000000 00000000 00000000 00000000 00000000 00000000 00000000 00000000 00000000 00000000 00000000 00000000 00000000 00000000 00000000 00000000 00000000 00000000 00000000 00000000 00000000 00000000 00000000 00000000 
core   0: 0x80000644 (0x00000317) auipc   x6, 0x0
core   0: 3 0x80000644 (0x00000317) x6  0x80000644
core   0: 0x80000648 (0x0243305b) setrpc  x0, x6, 36
core   0: 3 0x80000648 (0x0243305b) c2060_rpc 0x80000668 current mask:	ffffffff current npc:	80000638 stack size: 0
core   0: 0x8000064c (0x00111e5b) vbne    v1, v2, pc + 28
core   0: 3 0x8000064c (0x00111e5b) c8_vstart 0x00000000 e32 m1 l32 current mask:	ffffffff current npc:	80000650 stack size: 0
core   0: 0x80000650 (0x0040006f) j       pc + 0x4
core   0: 3 0x80000650 (0x0040006f)
core   0: 0x80000654 (0x138000ef) jal     pc + 0x138
core   0: 3 0x80000654 (0x138000ef) x1  0x80000658
core   0: 0x8000078c (0x00410113) addi    x2, x2, 4
core   0: 3 0x8000078c (0x00410113) x2  0x70000020
core   0: 0x80000790 (0xfe112e23) sw      x1, -4(x2)
core   0: 3 0x80000790 (0xfe112e23) mem 0x7000001c 0x80000658
core   0: 0x80000794 (0x80302573) csrr    x10, knl
core   0: 3 0x80000794 (0x80302573) x10 0x90195000
core   0: 0x80000798 (0x00852283) lw      x5, 8(x10)
core   0: 3 0x80000798 (0x00852283) x5  0x00000001 mem 0x90195008
core   0: 0x8000079c (0x80002373) csrr    x6, tid
core   0: 3 0x8000079c (0x80002373) x6  0x00000000
core   0: 0x800007a0 (0x5208a157) vid.v   v2
core   0: 3 0x800007a0 (0x5208a157) c8_vstart 0x00000000 e32 m1 l32 v2  ffffffff 0x0000001f 0000001e 0000001d 0000001c 0000001b 0000001a 00000019 00000018 00000017 00000016 00000015 00000014 00000013 00000012 00000011 00000010 0000000f 0000000e 0000000d 0000000c 0000000b 0000000a 00000009 00000008 00000007 00000006 00000005 00000004 00000003 00000002 00000001 00000000 
core   0: 0x800007a4 (0x02234057) vadd.vx v0, v2, x6
core   0: 3 0x800007a4 (0x02234057) c8_vstart 0x00000000 e32 m1 l32 v0  ffffffff 0x0000001f 0000001e 0000001d 0000001c 0000001b 0000001a 00000019 00000018 00000017 00000016 00000015 00000014 00000013 00000012 00000011 00000010 0000000f 0000000e 0000000d 0000000c 0000000b 0000000a 00000009 00000008 00000007 00000006 00000005 00000004 00000003 00000002 00000001 00000000 
core   0: 0x800007a8 (0x01852e03) lw      x28, 24(x10)
core   0: 3 0x800007a8 (0x01852e03) x28 0x00000020 mem 0x90195018
core   0: 0x800007ac (0x8a0e6057) vremu.vx v0, v0, x28
core   0: 3 0x800007ac (0x8a0e6057) c8_vstart 0x00000000 e32 m1 l32 v0  ffffffff 0x0000001f 0000001e 0000001d 0000001c 0000001b 0000001a 00000019 00000018 00000017 00000016 00000015 00000014 00000013 00000012 00000011 00000010 0000000f 0000000e 0000000d 0000000c 0000000b 0000000a 00000009 00000008 00000007 00000006 00000005 00000004 00000003 00000002 00000001 00000000 
core   0: 0x800007b0 (0xffc12083) lw      x1, -4(x2)
core   0: 3 0x800007b0 (0xffc12083) x1  0x80000658 mem 0x7000001c
core   0: 0x800007b4 (0xffc10113) addi    x2, x2, -4
core   0: 3 0x800007b4 (0xffc10113) x2  0x7000001c
core   0: 0x800007b8 (0x00008067) ret
core   0: 3 0x800007b8 (0x00008067)
core   0: 0x80000658 (0x0100006f) j       pc + 0x10
core   0: 3 0x80000658 (0x0100006f)
core   0: 0x80000668 (0x0000205b) join    v0, v0, pc + 0
core   0: 3 0x80000668 (0x0000205b) current mask:	ffffffff current npc:	80000650 stack size: 0
core   0: 0x8000066c (0xffc12083) lw      x1, -4(x2)
core   0: 3 0x8000066c (0xffc12083) x1  0x800004b8 mem 0x70000018
core   0: 0x80000670 (0xffc10113) addi    x2, x2, -4
core   0: 3 0x80000670 (0xffc10113) x2  0x70000018
core   0: 0x80000674 (0x00008067) ret
core   0: 3 0x80000674 (0x00008067)
core   0: 0x800004b8 (0x0080200b) regext  x0, x0,  0 0 1 0 
core   0: 3 0x800004b8 (0x0080200b)
core   0: 0x800004bc (0x7fc0212b) vlw.v   v2, x0, -4
core   0: 3 0x800004bc (0x7fc0212b) e32 m1 l32 v2  ffffffff 0x00000000 00000000 00000000 00000000 00000000 00000000 00000000 00000000 00000000 00000000 00000000 00000000 00000000 00000000 00000000 00000000 00000000 00000000 00000000 00000000 00000000 00000000 00000000 00000000 00000000 00000000 00000000 00000000 00000000 00000000 00000000 00000000  c8_vstart 0x00000000 mem 0x90015000 mem 0x90015004 mem 0x90015008 mem 0x9001500c mem 0x90015010 mem 0x90015014 mem 0x90015018 mem 0x9001501c mem 0x90015020 mem 0x90015024 mem 0x90015028 mem 0x9001502c mem 0x90015030 mem 0x90015034 mem 0x90015038 mem 0x9001503c mem 0x90015040 mem 0x90015044 mem 0x90015048 mem 0x9001504c mem 0x90015050 mem 0x90015054 mem 0x90015058 mem 0x9001505c mem 0x90015060 mem 0x90015064 mem 0x90015068 mem 0x9001506c mem 0x90015070 mem 0x90015074 mem 0x90015078 mem 0x9001507c
core   0: 0x800004c0 (0xffc12283) lw      x5, -4(x2)
core   0: 3 0x800004c0 (0xffc12283) x5  0x0000000c mem 0x70000014
core   0: 0x800004c4 (0x5e02c0d7) vmv.v.x v1, x5
core   0: 3 0x800004c4 (0x5e02c0d7) c8_vstart 0x00000000 e32 m1 l32 v1  ffffffff 0x0000000c 0000000c 0000000c 0000000c 0000000c 0000000c 0000000c 0000000c 0000000c 0000000c 0000000c 0000000c 0000000c 0000000c 0000000c 0000000c 0000000c 0000000c 0000000c 0000000c 0000000c 0000000c 0000000c 0000000c 0000000c 0000000c 0000000c 0000000c 0000000c 0000000c 0000000c 0000000c 
core   0: 0x800004c8 (0x00000317) auipc   x6, 0x0
core   0: 3 0x800004c8 (0x00000317) x6  0x800004c8
core   0: 0x800004cc (0x11c3305b) setrpc  x0, x6, 284
core   0: 3 0x800004cc (0x11c3305b) c2060_rpc 0x800005e4 current mask:	ffffffff current npc:	80000650 stack size: 0
core   0: 0x800004d0 (0x1020da5b) vbge    v2, v1, pc + 276
core   0: 3 0x800004d0 (0x1020da5b) c8_vstart 0x00000000 e32 m1 l32 current mask:	ffffffff current npc:	800004d4 stack size: 0
core   0: 0x800004d4 (0x0040006f) j       pc + 0x4
core   0: 3 0x800004d4 (0x0040006f)
core   0: 0x800004d8 (0xff012283) lw      x5, -16(x2)
core   0: 3 0x800004d8 (0xff012283) x5  0x00000000 mem 0x70000008
core   0: 0x800004dc (0x0222c4d7) vadd.vx v9, v2, x5
core   0: 3 0x800004dc (0x0222c4d7) c8_vstart 0x00000000 e32 m1 l32 v9  ffffffff 0x00000000 00000000 00000000 00000000 00000000 00000000 00000000 00000000 00000000 00000000 00000000 00000000 00000000 00000000 00000000 00000000 00000000 00000000 00000000 00000000 00000000 00000000 00000000 00000000 00000000 00000000 00000000 00000000 00000000 00000000 00000000 00000000 
core   0: 0x800004e0 (0x5e0040d7) vmv.v.x v1, x0
core   0: 3 0x800004e0 (0x5e0040d7) c8_vstart 0x00000000 e32 m1 l32 v1  ffffffff 0x00000000 00000000 00000000 00000000 00000000 00000000 00000000 00000000 00000000 00000000 00000000 00000000 00000000 00000000 00000000 00000000 00000000 00000000 00000000 00000000 00000000 00000000 00000000 00000000 00000000 00000000 00000000 00000000 00000000 00000000 00000000 00000000 
core   0: 0x800004e4 (0xff412283) lw      x5, -12(x2)
core   0: 3 0x800004e4 (0xff412283) x5  0x00000001 mem 0x7000000c
core   0: 0x800004e8 (0x02504263) blt     x0, x5, pc + 36
core   0: 3 0x800004e8 (0x02504263)
core   0: 0x8000050c (0x9692e0d7) vmul.vx v1, v9, x5
core   0: 3 0x8000050c (0x9692e0d7) c8_vstart 0x00000000 e32 m1 l32 v1  ffffffff 0x00000000 00000000 00000000 00000000 00000000 00000000 00000000 00000000 00000000 00000000 00000000 00000000 00000000 00000000 00000000 00000000 00000000 00000000 00000000 00000000 00000000 00000000 00000000 00000000 00000000 00000000 00000000 00000000 00000000 00000000 00000000 00000000 
core   0: 0x80000510 (0x961530d7) vsll.vi v1, v1, 10
core   0: 3 0x80000510 (0x961530d7) c8_vstart 0x00000000 e32 m1 l32 v1  ffffffff 0x00000000 00000000 00000000 00000000 00000000 00000000 00000000 00000000 00000000 00000000 00000000 00000000 00000000 00000000 00000000 00000000 00000000 00000000 00000000 00000000 00000000 00000000 00000000 00000000 00000000 00000000 00000000 00000000 00000000 00000000 00000000 00000000 
core   0: 0x80000514 (0x9602b157) vsll.vi v2, v0, 5
core   0: 3 0x80000514 (0x9602b157) c8_vstart 0x00000000 e32 m1 l32 v2  ffffffff 0x000003e0 000003c0 000003a0 00000380 00000360 00000340 00000320 00000300 000002e0 000002c0 000002a0 00000280 00000260 00000240 00000220 00000200 000001e0 000001c0 000001a0 00000180 00000160 00000140 00000120 00000100 000000e0 000000c0 000000a0 00000080 00000060 00000040 00000020 00000000 
core   0: 0x80000518 (0x021100d7) vadd.vv v1, v1, v2
core   0: 3 0x80000518 (0x021100d7) c8_vstart 0x00000000 e32 m1 l32 v1  ffffffff 0x000003e0 000003c0 000003a0 00000380 00000360 00000340 00000320 00000300 000002e0 000002c0 000002a0 00000280 00000260 00000240 00000220 00000200 000001e0 000001c0 000001a0 00000180 00000160 00000140 00000120 00000100 000000e0 000000c0 000000a0 00000080 00000060 00000040 00000020 00000000 
core   0: 0x8000051c (0xfec12303) lw      x6, -20(x2)
core   0: 3 0x8000051c (0xfec12303) x6  0x9000e000 mem 0x70000004
core   0: 0x80000520 (0x02134557) vadd.vx v10, v1, x6
core   0: 3 0x80000520 (0x02134557) c8_vstart 0x00000000 e32 m1 l32 v10 ffffffff 0x9000e3e0 9000e3c0 9000e3a0 9000e380 9000e360 9000e340 9000e320 9000e300 9000e2e0 9000e2c0 9000e2a0 9000e280 9000e260 9000e240 9000e220 9000e200 9000e1e0 9000e1c0 9000e1a0 9000e180 9000e160 9000e140 9000e120 9000e100 9000e0e0 9000e0c0 9000e0a0 9000e080 9000e060 9000e040 9000e020 9000e000 
core   0: 0x80000524 (0x5e0040d7) vmv.v.x v1, x0
core   0: 3 0x80000524 (0x5e0040d7) c8_vstart 0x00000000 e32 m1 l32 v1  ffffffff 0x00000000 00000000 00000000 00000000 00000000 00000000 00000000 00000000 00000000 00000000 00000000 00000000 00000000 00000000 00000000 00000000 00000000 00000000 00000000 00000000 00000000 00000000 00000000 00000000 00000000 00000000 00000000 00000000 00000000 00000000 00000000 00000000 
core   0: 0x80000528 (0x02104157) vadd.vx v2, v1, x0
core   0: 3 0x80000528 (0x02104157) c8_vstart 0x00000000 e32 m1 l32 v2  ffffffff 0x00000000 00000000 00000000 00000000 00000000 00000000 00000000 00000000 00000000 00000000 00000000 00000000 00000000 00000000 00000000 00000000 00000000 00000000 00000000 00000000 00000000 00000000 00000000 00000000 00000000 00000000 00000000 00000000 00000000 00000000 00000000 00000000 
core   0: 0x8000052c (0x021041d7) vadd.vx v3, v1, x0
core   0: 3 0x8000052c (0x021041d7) c8_vstart 0x00000000 e32 m1 l32 v3  ffffffff 0x00000000 00000000 00000000 00000000 00000000 00000000 00000000 00000000 00000000 00000000 00000000 00000000 00000000 00000000 00000000 00000000 00000000 00000000 00000000 00000000 00000000 00000000 00000000 00000000 00000000 00000000 00000000 00000000 00000000 00000000 00000000 00000000 
core   0: 0x80000530 (0x02104257) vadd.vx v4, v1, x0
core   0: 3 0x80000530 (0x02104257) c8_vstart 0x00000000 e32 m1 l32 v4  ffffffff 0x00000000 00000000 00000000 00000000 00000000 00000000 00000000 00000000 00000000 00000000 00000000 00000000 00000000 00000000 00000000 00000000 00000000 00000000 00000000 00000000 00000000 00000000 00000000 00000000 00000000 00000000 00000000 00000000 00000000 00000000 00000000 00000000 
core   0: 0x80000534 (0x021042d7) vadd.vx v5, v1, x0
core   0: 3 0x80000534 (0x021042d7) c8_vstart 0x00000000 e32 m1 l32 v5  ffffffff 0x00000000 00000000 00000000 00000000 00000000 00000000 00000000 00000000 00000000 00000000 00000000 00000000 00000000 00000000 00000000 00000000 00000000 00000000 00000000 00000000 00000000 00000000 00000000 00000000 00000000 00000000 00000000 00000000 00000000 00000000 00000000 00000000 
core   0: 0x80000538 (0x02104357) vadd.vx v6, v1, x0
core   0: 3 0x80000538 (0x02104357) c8_vstart 0x00000000 e32 m1 l32 v6  ffffffff 0x00000000 00000000 00000000 00000000 00000000 00000000 00000000 00000000 00000000 00000000 00000000 00000000 00000000 00000000 00000000 00000000 00000000 00000000 00000000 00000000 00000000 00000000 00000000 00000000 00000000 00000000 00000000 00000000 00000000 00000000 00000000 00000000 
core   0: 0x8000053c (0x021043d7) vadd.vx v7, v1, x0
core   0: 3 0x8000053c (0x021043d7) c8_vstart 0x00000000 e32 m1 l32 v7  ffffffff 0x00000000 00000000 00000000 00000000 00000000 00000000 00000000 00000000 00000000 00000000 00000000 00000000 00000000 00000000 00000000 00000000 00000000 00000000 00000000 00000000 00000000 00000000 00000000 00000000 00000000 00000000 00000000 00000000 00000000 00000000 00000000 00000000 
core   0: 0x80000540 (0x02104457) vadd.vx v8, v1, x0
core   0: 3 0x80000540 (0x02104457) c8_vstart 0x00000000 e32 m1 l32 v8  ffffffff 0x00000000 00000000 00000000 00000000 00000000 00000000 00000000 00000000 00000000 00000000 00000000 00000000 00000000 00000000 00000000 00000000 00000000 00000000 00000000 00000000 00000000 00000000 00000000 00000000 00000000 00000000 00000000 00000000 00000000 00000000 00000000 00000000 
core   0: 0x80000544 (0x5e02c5d7) vmv.v.x v11, x5
core   0: 3 0x80000544 (0x5e02c5d7) c8_vstart 0x00000000 e32 m1 l32 v11 ffffffff 0x00000001 00000001 00000001 00000001 00000001 00000001 00000001 00000001 00000001 00000001 00000001 00000001 00000001 00000001 00000001 00000001 00000001 00000001 00000001 00000001 00000001 00000001 00000001 00000001 00000001 00000001 00000001 00000001 00000001 00000001 00000001 00000001 
core   0: 0x80000548 (0x5e004a57) vmv.v.x v20, x0
core   0: 3 0x80000548 (0x5e004a57) c8_vstart 0x00000000 e32 m1 l32 v20 ffffffff 0x00000000 00000000 00000000 00000000 00000000 00000000 00000000 00000000 00000000 00000000 00000000 00000000 00000000 00000000 00000000 00000000 00000000 00000000 00000000 00000000 00000000 00000000 00000000 00000000 00000000 00000000 00000000 00000000 00000000 00000000 00000000 00000000 
core   0: 0x8000054c (0x0400006f) j       pc + 0x40
core   0: 3 0x8000054c (0x0400006f)
core   0: 0x8000058c (0x01c529fb) vlw12.v v19, v10, 28
core   0: 3 0x8000058c (0x01c529fb) e32 m1 l32 v19 ffffffff 0x00000000 00000000 00000000 00000000 00000000 00000000 00000000 00000000 00000000 00000000 00000000 00000000 00000000 00000000 00000000 00000000 00000000 00000000 00000000 00000000 00000000 00000000 00000000 00000000 00000000 00000000 00000000 00000000 00000000 00000000 00000000 00000000  c8_vstart 0x00000000 mem 0x9000e01c mem 0x9000e03c mem 0x9000e05c mem 0x9000e07c mem 0x9000e09c mem 0x9000e0bc mem 0x9000e0dc mem 0x9000e0fc mem 0x9000e11c mem 0x9000e13c mem 0x9000e15c mem 0x9000e17c mem 0x9000e19c mem 0x9000e1bc mem 0x9000e1dc mem 0x9000e1fc mem 0x9000e21c mem 0x9000e23c mem 0x9000e25c mem 0x9000e27c mem 0x9000e29c mem 0x9000e2bc mem 0x9000e2dc mem 0x9000e2fc mem 0x9000e31c mem 0x9000e33c mem 0x9000e35c mem 0x9000e37c mem 0x9000e39c mem 0x9000e3bc mem 0x9000e3dc mem 0x9000e3fc
core   0: 0x80000590 (0x0185297b) vlw12.v v18, v10, 24
core   0: 3 0x80000590 (0x0185297b) e32 m1 l32 v18 ffffffff 0x00000000 00000000 00000000 00000000 00000000 00000000 00000000 00000000 00000000 00000000 00000000 00000000 00000000 00000000 00000000 00000000 00000000 00000000 00000000 00000000 00000000 00000000 00000000 00000000 00000000 00000000 00000000 00000000 00000000 00000000 00000000 00000000  c8_vstart 0x00000000 mem 0x9000e018 mem 0x9000e038 mem 0x9000e058 mem 0x9000e078 mem 0x9000e098 mem 0x9000e0b8 mem 0x9000e0d8 mem 0x9000e0f8 mem 0x9000e118 mem 0x9000e138 mem 0x9000e158 mem 0x9000e178 mem 0x9000e198 mem 0x9000e1b8 mem 0x9000e1d8 mem 0x9000e1f8 mem 0x9000e218 mem 0x9000e238 mem 0x9000e258 mem 0x9000e278 mem 0x9000e298 mem 0x9000e2b8 mem 0x9000e2d8 mem 0x9000e2f8 mem 0x9000e318 mem 0x9000e338 mem 0x9000e358 mem 0x9000e378 mem 0x9000e398 mem 0x9000e3b8 mem 0x9000e3d8 mem 0x9000e3f8
core   0: 0x80000594 (0x014528fb) vlw12.v v17, v10, 20
core   0: 3 0x80000594 (0x014528fb) e32 m1 l32 v17 ffffffff 0x00000000 00000000 00000000 00000000 00000000 00000000 00000000 00000000 00000000 00000000 00000000 00000000 00000000 00000000 00000000 00000000 00000000 00000000 00000000 00000000 00000000 00000000 00000000 00000000 00000000 00000000 00000000 00000000 00000000 00000000 00000000 00000000  c8_vstart 0x00000000 mem 0x9000e014 mem 0x9000e034 mem 0x9000e054 mem 0x9000e074 mem 0x9000e094 mem 0x9000e0b4 mem 0x9000e0d4 mem 0x9000e0f4 mem 0x9000e114 mem 0x9000e134 mem 0x9000e154 mem 0x9000e174 mem 0x9000e194 mem 0x9000e1b4 mem 0x9000e1d4 mem 0x9000e1f4 mem 0x9000e214 mem 0x9000e234 mem 0x9000e254 mem 0x9000e274 mem 0x9000e294 mem 0x9000e2b4 mem 0x9000e2d4 mem 0x9000e2f4 mem 0x9000e314 mem 0x9000e334 mem 0x9000e354 mem 0x9000e374 mem 0x9000e394 mem 0x9000e3b4 mem 0x9000e3d4 mem 0x9000e3f4
core   0: 0x80000598 (0x0105287b) vlw12.v v16, v10, 16
core   0: 3 0x80000598 (0x0105287b) e32 m1 l32 v16 ffffffff 0x00000000 00000000 00000000 00000000 00000000 00000000 00000000 00000000 00000000 00000000 00000000 00000000 00000000 00000000 00000000 00000000 00000000 00000000 00000000 00000000 00000000 00000000 00000000 00000000 00000000 00000000 00000000 00000000 00000000 00000000 00000000 00000000  c8_vstart 0x00000000 mem 0x9000e010 mem 0x9000e030 mem 0x9000e050 mem 0x9000e070 mem 0x9000e090 mem 0x9000e0b0 mem 0x9000e0d0 mem 0x9000e0f0 mem 0x9000e110 mem 0x9000e130 mem 0x9000e150 mem 0x9000e170 mem 0x9000e190 mem 0x9000e1b0 mem 0x9000e1d0 mem 0x9000e1f0 mem 0x9000e210 mem 0x9000e230 mem 0x9000e250 mem 0x9000e270 mem 0x9000e290 mem 0x9000e2b0 mem 0x9000e2d0 mem 0x9000e2f0 mem 0x9000e310 mem 0x9000e330 mem 0x9000e350 mem 0x9000e370 mem 0x9000e390 mem 0x9000e3b0 mem 0x9000e3d0 mem 0x9000e3f0
core   0: 0x8000059c (0x00c527fb) vlw12.v v15, v10, 12
core   0: 3 0x8000059c (0x00c527fb) e32 m1 l32 v15 ffffffff 0x3b8350f0 3d2ae8ed bd75052e be84a043 be190ca8 be720185 3c93e42f bc97d72a bd847d81 bd30d902 bd97e8f1 be037d18 be18c828 3cfdcfce be5d867b be993bc5 bd548de0 be0485ae bdaddfa5 3ac92278 bd4e3a5e bdf05020 bd51480d be23f9dc 3e41f20f 3d276d7b 3dbc3878 3cab88cc 3d02112e 3e7e2ec3 bae6b6b4 bcf34fb3  c8_vstart 0x00000000 mem 0x9000e00c mem 0x9000e02c mem 0x9000e04c mem 0x9000e06c mem 0x9000e08c mem 0x9000e0ac mem 0x9000e0cc mem 0x9000e0ec mem 0x9000e10c mem 0x9000e12c mem 0x9000e14c mem 0x9000e16c mem 0x9000e18c mem 0x9000e1ac mem 0x9000e1cc mem 0x9000e1ec mem 0x9000e20c mem 0x9000e22c mem 0x9000e24c mem 0x9000e26c mem 0x9000e28c mem 0x9000e2ac mem 0x9000e2cc mem 0x9000e2ec mem 0x9000e30c mem 0x9000e32c mem 0x9000e34c mem 0x9000e36c mem 0x9000e38c mem 0x9000e3ac mem 0x9000e3cc mem 0x9000e3ec
core   0: 0x800005a0 (0x0085277b) vlw12.v v14, v10, 8
core   0: 3 0x800005a0 (0x0085277b) e32 m1 l32 v14 ffffffff 0x3ddfbb23 bd37524c 3e057c8c bd02d716 bd81389a 3d186a9e 3d9dba4c 3d446936 bdb01c09 3e4878be 3e80de18 bd0a784b 3e7b0e1a 3ce18057 3e2714db 3e6ff736 bda27568 3d5a34db be5ab7da bdf4a695 be592565 bdd868c0 3dd33963 bd5ce914 3dd60d17 3e0335ab be1a7ad2 be733182 bd790611 be43d339 be5279a0 bd483489  c8_vstart 0x00000000 mem 0x9000e008 mem 0x9000e028 mem 0x9000e048 mem 0x9000e068 mem 0x9000e088 mem 0x9000e0a8 mem 0x9000e0c8 mem 0x9000e0e8 mem 0x9000e108 mem 0x9000e128 mem 0x9000e148 mem 0x9000e168 mem 0x9000e188 mem 0x9000e1a8 mem 0x9000e1c8 mem 0x9000e1e8 mem 0x9000e208 mem 0x9000e228 mem 0x9000e248 mem 0x9000e268 mem 0x9000e288 mem 0x9000e2a8 mem 0x9000e2c8 mem 0x9000e2e8 mem 0x9000e308 mem 0x9000e328 mem 0x9000e348 mem 0x9000e368 mem 0x9000e388 mem 0x9000e3a8 mem 0x9000e3c8 mem 0x9000e3e8
core   0: 0x800005a4 (0x004526fb) vlw12.v v13, v10, 4
core   0: 3 0x800005a4 (0x004526fb) e32 m1 l32 v13 ffffffff 0x3de53a9e be928310 be06f400 bd24eaa0 3e1e4c60 be47af78 be5c1f4f bdba9ced 3d42d50e bdb6a76f 3dd546e7 3e75911b 3d45afe9 3e2660ad 3e2479e4 bc85c6c3 bc284429 3ab89010 be236b79 be580124 bcd27e14 3e7316bf 3e400d3a 3db160f1 be0fae38 be34dec1 3d8324aa bdb3aecb bd98b1cf bdddc561 bd425904 3a8b2764  c8_vstart 0x00000000 mem 0x9000e004 mem 0x9000e024 mem 0x9000e044 mem 0x9000e064 mem 0x9000e084 mem 0x9000e0a4 mem 0x9000e0c4 mem 0x9000e0e4 mem 0x9000e104 mem 0x9000e124 mem 0x9000e144 mem 0x9000e164 mem 0x9000e184 mem 0x9000e1a4 mem 0x9000e1c4 mem 0x9000e1e4 mem 0x9000e204 mem 0x9000e224 mem 0x9000e244 mem 0x9000e264 mem 0x9000e284 mem 0x9000e2a4 mem 0x9000e2c4 mem 0x9000e2e4 mem 0x9000e304 mem 0x9000e324 mem 0x9000e344 mem 0x9000e364 mem 0x9000e384 mem 0x9000e3a4 mem 0x9000e3c4 mem 0x9000e3e4
core   0: 0x800005a8 (0x0005267b) vlw12.v v12, v10, 0
core   0: 3 0x800005a8 (0x0005267b) e32 m1 l32 v12 ffffffff 0x3cb6a471 be70c42f 3d336e6e 3d31391c be111f6c bd814dcf be96977e be49e12e 3e6bb78c be4638e9 bdfa4ad1 be06aad0 bd31b303 bcf02a05 3c59c45a be168693 3e377551 be383132 3e135366 3e6f2e95 bd3a6e30 be4cb50f bea24a54 be0b31a7 3d526b70 bdb516f7 3e6db2a4 bdb0b01f 3dcede32 bdf4cafe 3dec0018 bb725aa4  c8_vstart 0x00000000 mem 0x9000e000 mem 0x9000e020 mem 0x9000e040 mem 0x9000e060 mem 0x9000e080 mem 0x9000e0a0 mem 0x9000e0c0 mem 0x9000e0e0 mem 0x9000e100 mem 0x9000e120 mem 0x9000e140 mem 0x9000e160 mem 0x9000e180 mem 0x9000e1a0 mem 0x9000e1c0 mem 0x9000e1e0 mem 0x9000e200 mem 0x9000e220 mem 0x9000e240 mem 0x9000e260 mem 0x9000e280 mem 0x9000e2a0 mem 0x9000e2c0 mem 0x9000e2e0 mem 0x9000e300 mem 0x9000e320 mem 0x9000e340 mem 0x9000e360 mem 0x9000e380 mem 0x9000e3a0 mem 0x9000e3c0 mem 0x9000e3e0
core   0: 0x800005ac (0x02899457) vfadd.vv v8, v8, v19
core   0: 3 0x800005ac (0x02899457) c8_vstart 0x00000000 e32 m1 l32 v8  ffffffff 0x00000000 00000000 00000000 00000000 00000000 00000000 00000000 00000000 00000000 00000000 00000000 00000000 00000000 00000000 00000000 00000000 00000000 00000000 00000000 00000000 00000000 00000000 00000000 00000000 00000000 00000000 00000000 00000000 00000000 00000000 00000000 00000000 
core   0: 0x800005b0 (0x027913d7) vfadd.vv v7, v7, v18
core   0: 3 0x800005b0 (0x027913d7) c8_vstart 0x00000000 e32 m1 l32 v7  ffffffff 0x00000000 00000000 00000000 00000000 00000000 00000000 00000000 00000000 00000000 00000000 00000000 00000000 00000000 00000000 00000000 00000000 00000000 00000000 00000000 00000000 00000000 00000000 00000000 00000000 00000000 00000000 00000000 00000000 00000000 00000000 00000000 00000000 
core   0: 0x800005b4 (0x02689357) vfadd.vv v6, v6, v17
core   0: 3 0x800005b4 (0x02689357) c8_vstart 0x00000000 e32 m1 l32 v6  ffffffff 0x00000000 00000000 00000000 00000000 00000000 00000000 00000000 00000000 00000000 00000000 00000000 00000000 00000000 00000000 00000000 00000000 00000000 00000000 00000000 00000000 00000000 00000000 00000000 00000000 00000000 00000000 00000000 00000000 00000000 00000000 00000000 00000000 
core   0: 0x800005b8 (0x025812d7) vfadd.vv v5, v5, v16
core   0: 3 0x800005b8 (0x025812d7) c8_vstart 0x00000000 e32 m1 l32 v5  ffffffff 0x00000000 00000000 00000000 00000000 00000000 00000000 00000000 00000000 00000000 00000000 00000000 00000000 00000000 00000000 00000000 00000000 00000000 00000000 00000000 00000000 00000000 00000000 00000000 00000000 00000000 00000000 00000000 00000000 00000000 00000000 00000000 00000000 
core   0: 0x800005bc (0x02479257) vfadd.vv v4, v4, v15
core   0: 3 0x800005bc (0x02479257) c8_vstart 0x00000000 e32 m1 l32 v4  ffffffff 0x3b8350f0 3d2ae8ed bd75052e be84a043 be190ca8 be720185 3c93e42f bc97d72a bd847d81 bd30d902 bd97e8f1 be037d18 be18c828 3cfdcfce be5d867b be993bc5 bd548de0 be0485ae bdaddfa5 3ac92278 bd4e3a5e bdf05020 bd51480d be23f9dc 3e41f20f 3d276d7b 3dbc3878 3cab88cc 3d02112e 3e7e2ec3 bae6b6b4 bcf34fb3 
core   0: 0x800005c0 (0x023711d7) vfadd.vv v3, v3, v14
core   0: 3 0x800005c0 (0x023711d7) c8_vstart 0x00000000 e32 m1 l32 v3  ffffffff 0x3ddfbb23 bd37524c 3e057c8c bd02d716 bd81389a 3d186a9e 3d9dba4c 3d446936 bdb01c09 3e4878be 3e80de18 bd0a784b 3e7b0e1a 3ce18057 3e2714db 3e6ff736 bda27568 3d5a34db be5ab7da bdf4a695 be592565 bdd868c0 3dd33963 bd5ce914 3dd60d17 3e0335ab be1a7ad2 be733182 bd790611 be43d339 be5279a0 bd483489 
core   0: 0x800005c4 (0x02269157) vfadd.vv v2, v2, v13
core   0: 3 0x800005c4 (0x02269157) c8_vstart 0x00000000 e32 m1 l32 v2  ffffffff 0x3de53a9e be928310 be06f400 bd24eaa0 3e1e4c60 be47af78 be5c1f4f bdba9ced 3d42d50e bdb6a76f 3dd546e7 3e75911b 3d45afe9 3e2660ad 3e2479e4 bc85c6c3 bc284429 3ab89010 be236b79 be580124 bcd27e14 3e7316bf 3e400d3a 3db160f1 be0fae38 be34dec1 3d8324aa bdb3aecb bd98b1cf bdddc561 bd425904 3a8b2764 
core   0: 0x800005c8 (0x021610d7) vfadd.vv v1, v1, v12
core   0: 3 0x800005c8 (0x021610d7) c8_vstart 0x00000000 e32 m1 l32 v1  ffffffff 0x3cb6a471 be70c42f 3d336e6e 3d31391c be111f6c bd814dcf be96977e be49e12e 3e6bb78c be4638e9 bdfa4ad1 be06aad0 bd31b303 bcf02a05 3c59c45a be168693 3e377551 be383132 3e135366 3e6f2e95 bd3a6e30 be4cb50f bea24a54 be0b31a7 3d526b70 bdb516f7 3e6db2a4 bdb0b01f 3dcede32 bdf4cafe 3dec0018 bb725aa4 
core   0: 0x800005cc (0x0015958b) vsub12.vi v11, v11, 1
core   0: 3 0x800005cc (0x0015958b) c8_vstart 0x00000000 e32 m1 l32 v11 ffffffff 0x00000000 00000000 00000000 00000000 00000000 00000000 00000000 00000000 00000000 00000000 00000000 00000000 00000000 00000000 00000000 00000000 00000000 00000000 00000000 00000000 00000000 00000000 00000000 00000000 00000000 00000000 00000000 00000000 00000000 00000000 00000000 00000000 
core   0: 0x800005d0 (0x4005050b) vadd12.vi v10, v10, 1024
core   0: 3 0x800005d0 (0x4005050b) c8_vstart 0x00000000 e32 m1 l32 v10 ffffffff 0x9000e7e0 9000e7c0 9000e7a0 9000e780 9000e760 9000e740 9000e720 9000e700 9000e6e0 9000e6c0 9000e6a0 9000e680 9000e660 9000e640 9000e620 9000e600 9000e5e0 9000e5c0 9000e5a0 9000e580 9000e560 9000e540 9000e520 9000e500 9000e4e0 9000e4c0 9000e4a0 9000e480 9000e460 9000e440 9000e420 9000e400 
core   0: 0x800005d4 (0x00000317) auipc   x6, 0x0
core   0: 3 0x800005d4 (0x00000317) x6  0x800005d4
core   0: 0x800005d8 (0xf7c3305b) setrpc  x0, x6, -132
core   0: 3 0x800005d8 (0xf7c3305b) c2060_rpc 0x80000550 current mask:	ffffffff current npc:	800004d4 stack size: 0
core   0: 0x800005dc (0xf6ba0adb) vbeq    v11, v20, pc - 140
core   0: 3 0x800005dc (0xf6ba0adb) c8_vstart 0x00000000 e32 m1 l32 current mask:	ffffffff current npc:	80000550 stack size: 0
core   0: 0x80000550 (0x0000205b) join    v0, v0, pc + 0
core   0: 3 0x80000550 (0x0000205b) current mask:	ffffffff current npc:	80000550 stack size: 0
core   0: 0x80000554 (0x9692b4d7) vsll.vi v9, v9, 5
core   0: 3 0x80000554 (0x9692b4d7) c8_vstart 0x00000000 e32 m1 l32 v9  ffffffff 0x00000000 00000000 00000000 00000000 00000000 00000000 00000000 00000000 00000000 00000000 00000000 00000000 00000000 00000000 00000000 00000000 00000000 00000000 00000000 00000000 00000000 00000000 00000000 00000000 00000000 00000000 00000000 00000000 00000000 00000000 00000000 00000000 
core   0: 0x80000558 (0x02900057) vadd.vv v0, v9, v0
core   0: 3 0x80000558 (0x02900057) c8_vstart 0x00000000 e32 m1 l32 v0  ffffffff 0x0000001f 0000001e 0000001d 0000001c 0000001b 0000001a 00000019 00000018 00000017 00000016 00000015 00000014 00000013 00000012 00000011 00000010 0000000f 0000000e 0000000d 0000000c 0000000b 0000000a 00000009 00000008 00000007 00000006 00000005 00000004 00000003 00000002 00000001 00000000 
core   0: 0x8000055c (0x9602b057) vsll.vi v0, v0, 5
core   0: 3 0x8000055c (0x9602b057) c8_vstart 0x00000000 e32 m1 l32 v0  ffffffff 0x000003e0 000003c0 000003a0 00000380 00000360 00000340 00000320 00000300 000002e0 000002c0 000002a0 00000280 00000260 00000240 00000220 00000200 000001e0 000001c0 000001a0 00000180 00000160 00000140 00000120 00000100 000000e0 000000c0 000000a0 00000080 00000060 00000040 00000020 00000000 
core   0: 0x80000560 (0xff812283) lw      x5, -8(x2)
core   0: 3 0x80000560 (0xff812283) x5  0x90011000 mem 0x70000010
core   0: 0x80000564 (0x0202c057) vadd.vx v0, v0, x5
core   0: 3 0x80000564 (0x0202c057) c8_vstart 0x00000000 e32 m1 l32 v0  ffffffff 0x900113e0 900113c0 900113a0 90011380 90011360 90011340 90011320 90011300 900112e0 900112c0 900112a0 90011280 90011260 90011240 90011220 90011200 900111e0 900111c0 900111a0 90011180 90011160 90011140 90011120 90011100 900110e0 900110c0 900110a0 90011080 90011060 90011040 90011020 90011000 
core   0: 0x80000568 (0x00806e7b) vsw12.v v8, v0, 28
core   0: 3 0x80000568 (0x00806e7b) c8_vstart 0x00000000 e32 m1 l32 mem 0x9001101c 0x00000000 mem 0x9001103c 0x00000000 mem 0x9001105c 0x00000000 mem 0x9001107c 0x00000000 mem 0x9001109c 0x00000000 mem 0x900110bc 0x00000000 mem 0x900110dc 0x00000000 mem 0x900110fc 0x00000000 mem 0x9001111c 0x00000000 mem 0x9001113c 0x00000000 mem 0x9001115c 0x00000000 mem 0x9001117c 0x00000000 mem 0x9001119c 0x00000000 mem 0x900111bc 0x00000000 mem 0x900111dc 0x00000000 mem 0x900111fc 0x00000000 mem 0x9001121c 0x00000000 mem 0x9001123c 0x00000000 mem 0x9001125c 0x00000000 mem 0x9001127c 0x00000000 mem 0x9001129c 0x00000000 mem 0x900112bc 0x00000000 mem 0x900112dc 0x00000000 mem 0x900112fc 0x00000000 mem 0x9001131c 0x00000000 mem 0x9001133c 0x00000000 mem 0x9001135c 0x00000000 mem 0x9001137c 0x00000000 mem 0x9001139c 0x00000000 mem 0x900113bc 0x00000000 mem 0x900113dc 0x00000000 mem 0x900113fc 0x00000000
core   0: 0x8000056c (0x00706c7b) vsw12.v v7, v0, 24
core   0: 3 0x8000056c (0x00706c7b) c8_vstart 0x00000000 e32 m1 l32 mem 0x90011018 0x00000000 mem 0x90011038 0x00000000 mem 0x90011058 0x00000000 mem 0x90011078 0x00000000 mem 0x90011098 0x00000000 mem 0x900110b8 0x00000000 mem 0x900110d8 0x00000000 mem 0x900110f8 0x00000000 mem 0x90011118 0x00000000 mem 0x90011138 0x00000000 mem 0x90011158 0x00000000 mem 0x90011178 0x00000000 mem 0x90011198 0x00000000 mem 0x900111b8 0x00000000 mem 0x900111d8 0x00000000 mem 0x900111f8 0x00000000 mem 0x90011218 0x00000000 mem 0x90011238 0x00000000 mem 0x90011258 0x00000000 mem 0x90011278 0x00000000 mem 0x90011298 0x00000000 mem 0x900112b8 0x00000000 mem 0x900112d8 0x00000000 mem 0x900112f8 0x00000000 mem 0x90011318 0x00000000 mem 0x90011338 0x00000000 mem 0x90011358 0x00000000 mem 0x90011378 0x00000000 mem 0x90011398 0x00000000 mem 0x900113b8 0x00000000 mem 0x900113d8 0x00000000 mem 0x900113f8 0x00000000
core   0: 0x80000570 (0x00606a7b) vsw12.v v6, v0, 20
core   0: 3 0x80000570 (0x00606a7b) c8_vstart 0x00000000 e32 m1 l32 mem 0x90011014 0x00000000 mem 0x90011034 0x00000000 mem 0x90011054 0x00000000 mem 0x90011074 0x00000000 mem 0x90011094 0x00000000 mem 0x900110b4 0x00000000 mem 0x900110d4 0x00000000 mem 0x900110f4 0x00000000 mem 0x90011114 0x00000000 mem 0x90011134 0x00000000 mem 0x90011154 0x00000000 mem 0x90011174 0x00000000 mem 0x90011194 0x00000000 mem 0x900111b4 0x00000000 mem 0x900111d4 0x00000000 mem 0x900111f4 0x00000000 mem 0x90011214 0x00000000 mem 0x90011234 0x00000000 mem 0x90011254 0x00000000 mem 0x90011274 0x00000000 mem 0x90011294 0x00000000 mem 0x900112b4 0x00000000 mem 0x900112d4 0x00000000 mem 0x900112f4 0x00000000 mem 0x90011314 0x00000000 mem 0x90011334 0x00000000 mem 0x90011354 0x00000000 mem 0x90011374 0x00000000 mem 0x90011394 0x00000000 mem 0x900113b4 0x00000000 mem 0x900113d4 0x00000000 mem 0x900113f4 0x00000000
core   0: 0x80000574 (0x0050687b) vsw12.v v5, v0, 16
core   0: 3 0x80000574 (0x0050687b) c8_vstart 0x00000000 e32 m1 l32 mem 0x90011010 0x00000000 mem 0x90011030 0x00000000 mem 0x90011050 0x00000000 mem 0x90011070 0x00000000 mem 0x90011090 0x00000000 mem 0x900110b0 0x00000000 mem 0x900110d0 0x00000000 mem 0x900110f0 0x00000000 mem 0x90011110 0x00000000 mem 0x90011130 0x00000000 mem 0x90011150 0x00000000 mem 0x90011170 0x00000000 mem 0x90011190 0x00000000 mem 0x900111b0 0x00000000 mem 0x900111d0 0x00000000 mem 0x900111f0 0x00000000 mem 0x90011210 0x00000000 mem 0x90011230 0x00000000 mem 0x90011250 0x00000000 mem 0x90011270 0x00000000 mem 0x90011290 0x00000000 mem 0x900112b0 0x00000000 mem 0x900112d0 0x00000000 mem 0x900112f0 0x00000000 mem 0x90011310 0x00000000 mem 0x90011330 0x00000000 mem 0x90011350 0x00000000 mem 0x90011370 0x00000000 mem 0x90011390 0x00000000 mem 0x900113b0 0x00000000 mem 0x900113d0 0x00000000 mem 0x900113f0 0x00000000
core   0: 0x80000578 (0x0040667b) vsw12.v v4, v0, 12
core   0: 3 0x80000578 (0x0040667b) c8_vstart 0x00000000 e32 m1 l32 mem 0x9001100c 0xbcf34fb3 mem 0x9001102c 0xbae6b6b4 mem 0x9001104c 0x3e7e2ec3 mem 0x9001106c 0x3d02112e mem 0x9001108c 0x3cab88cc mem 0x900110ac 0x3dbc3878 mem 0x900110cc 0x3d276d7b mem 0x900110ec 0x3e41f20f mem 0x9001110c 0xbe23f9dc mem 0x9001112c 0xbd51480d mem 0x9001114c 0xbdf05020 mem 0x9001116c 0xbd4e3a5e mem 0x9001118c 0x3ac92278 mem 0x900111ac 0xbdaddfa5 mem 0x900111cc 0xbe0485ae mem 0x900111ec 0xbd548de0 mem 0x9001120c 0xbe993bc5 mem 0x9001122c 0xbe5d867b mem 0x9001124c 0x3cfdcfce mem 0x9001126c 0xbe18c828 mem 0x9001128c 0xbe037d18 mem 0x900112ac 0xbd97e8f1 mem 0x900112cc 0xbd30d902 mem 0x900112ec 0xbd847d81 mem 0x9001130c 0xbc97d72a mem 0x9001132c 0x3c93e42f mem 0x9001134c 0xbe720185 mem 0x9001136c 0xbe190ca8 mem 0x9001138c 0xbe84a043 mem 0x900113ac 0xbd75052e mem 0x900113cc 0x3d2ae8ed mem 0x900113ec 0x3b8350f0
core   0: 0x8000057c (0x0030647b) vsw12.v v3, v0, 8
core   0: 3 0x8000057c (0x0030647b) c8_vstart 0x00000000 e32 m1 l32 mem 0x90011008 0xbd483489 mem 0x90011028 0xbe5279a0 mem 0x90011048 0xbe43d339 mem 0x90011068 0xbd790611 mem 0x90011088 0xbe733182 mem 0x900110a8 0xbe1a7ad2 mem 0x900110c8 0x3e0335ab mem 0x900110e8 0x3dd60d17 mem 0x90011108 0xbd5ce914 mem 0x90011128 0x3dd33963 mem 0x90011148 0xbdd868c0 mem 0x90011168 0xbe592565 mem 0x90011188 0xbdf4a695 mem 0x900111a8 0xbe5ab7da mem 0x900111c8 0x3d5a34db mem 0x900111e8 0xbda27568 mem 0x90011208 0x3e6ff736 mem 0x90011228 0x3e2714db mem 0x90011248 0x3ce18057 mem 0x90011268 0x3e7b0e1a mem 0x90011288 0xbd0a784b mem 0x900112a8 0x3e80de18 mem 0x900112c8 0x3e4878be mem 0x900112e8 0xbdb01c09 mem 0x90011308 0x3d446936 mem 0x90011328 0x3d9dba4c mem 0x90011348 0x3d186a9e mem 0x90011368 0xbd81389a mem 0x90011388 0xbd02d716 mem 0x900113a8 0x3e057c8c mem 0x900113c8 0xbd37524c mem 0x900113e8 0x3ddfbb23
core   0: 0x80000580 (0x0020627b) vsw12.v v2, v0, 4
core   0: 3 0x80000580 (0x0020627b) c8_vstart 0x00000000 e32 m1 l32 mem 0x90011004 0x3a8b2764 mem 0x90011024 0xbd425904 mem 0x90011044 0xbdddc561 mem 0x90011064 0xbd98b1cf mem 0x90011084 0xbdb3aecb mem 0x900110a4 0x3d8324aa mem 0x900110c4 0xbe34dec1 mem 0x900110e4 0xbe0fae38 mem 0x90011104 0x3db160f1 mem 0x90011124 0x3e400d3a mem 0x90011144 0x3e7316bf mem 0x90011164 0xbcd27e14 mem 0x90011184 0xbe580124 mem 0x900111a4 0xbe236b79 mem 0x900111c4 0x3ab89010 mem 0x900111e4 0xbc284429 mem 0x90011204 0xbc85c6c3 mem 0x90011224 0x3e2479e4 mem 0x90011244 0x3e2660ad mem 0x90011264 0x3d45afe9 mem 0x90011284 0x3e75911b mem 0x900112a4 0x3dd546e7 mem 0x900112c4 0xbdb6a76f mem 0x900112e4 0x3d42d50e mem 0x90011304 0xbdba9ced mem 0x90011324 0xbe5c1f4f mem 0x90011344 0xbe47af78 mem 0x90011364 0x3e1e4c60 mem 0x90011384 0xbd24eaa0 mem 0x900113a4 0xbe06f400 mem 0x900113c4 0xbe928310 mem 0x900113e4 0x3de53a9e
core   0: 0x80000584 (0x0010607b) vsw12.v v1, v0, 0
core   0: 3 0x80000584 (0x0010607b) c8_vstart 0x00000000 e32 m1 l32 mem 0x90011000 0xbb725aa4 mem 0x90011020 0x3dec0018 mem 0x90011040 0xbdf4cafe mem 0x90011060 0x3dcede32 mem 0x90011080 0xbdb0b01f mem 0x900110a0 0x3e6db2a4 mem 0x900110c0 0xbdb516f7 mem 0x900110e0 0x3d526b70 mem 0x90011100 0xbe0b31a7 mem 0x90011120 0xbea24a54 mem 0x90011140 0xbe4cb50f mem 0x90011160 0xbd3a6e30 mem 0x90011180 0x3e6f2e95 mem 0x900111a0 0x3e135366 mem 0x900111c0 0xbe383132 mem 0x900111e0 0x3e377551 mem 0x90011200 0xbe168693 mem 0x90011220 0x3c59c45a mem 0x90011240 0xbcf02a05 mem 0x90011260 0xbd31b303 mem 0x90011280 0xbe06aad0 mem 0x900112a0 0xbdfa4ad1 mem 0x900112c0 0xbe4638e9 mem 0x900112e0 0x3e6bb78c mem 0x90011300 0xbe49e12e mem 0x90011320 0xbe96977e mem 0x90011340 0xbd814dcf mem 0x90011360 0xbe111f6c mem 0x90011380 0x3d31391c mem 0x900113a0 0x3d336e6e mem 0x900113c0 0xbe70c42f mem 0x900113e0 0x3cb6a471
core   0: 0x80000588 (0x05c0006f) j       pc + 0x5c
core   0: 3 0x80000588 (0x05c0006f)
core   0: 0x800005e4 (0x0000205b) join    v0, v0, pc + 0
core   0: 3 0x800005e4 (0x0000205b) current mask:	ffffffff current npc:	80000550 stack size: 0
core   0: 0x800005e8 (0xfe812083) lw      x1, -24(x2)
core   0: 3 0x800005e8 (0xfe812083) x1  0x800000a0 mem 0x70000000
core   0: 0x800005ec (0xfe810113) addi    x2, x2, -24
core   0: 3 0x800005ec (0xfe810113) x2  0x70000000
core   0: 0x800005f0 (0xffc20213) addi    x4, x4, -4
core   0: 3 0x800005f0 (0xffc20213) x4  0x00000000
core   0: 0x800005f4 (0x0010200b) regext  x0, x0,  0 0 0 1 
core   0: 3 0x800005f4 (0x0010200b)
core   0: 0x800005f8 (0x5e024057) vmv.v.x v0, x4
core   0: 3 0x800005f8 (0x5e024057) c8_vstart 0x00000core   0: 0x00001000 (0x00000297) auipc   x5, 0x0
core   0: 3 0x00001000 (0x00000297) x5  0x00001000
core   0: 0x00001004 (0x02028593) addi    x11, x5, 32
core   0: 3 0x00001004 (0x02028593) x11 0x00001020
core   0: 0x00001008 (0xf1402573) csrr    x10, mhartid
core   0: 3 0x00001008 (0xf1402573) x10 0x00000000
core   0: 0x0000100c (0x0182a283) lw      x5, 24(x5)
core   0: 3 0x0000100c (0x0182a283) x5  0x80000000 mem 0x00001018
core   0: 0x00001010 (0x00028067) jr      x5
core   0: 3 0x00001010 (0x00028067)
core   0: 0x80000000 (0x00004197) auipc   x3, 0x4
core   0: 3 0x80000000 (0x00004197) x3  0x80004000
core   0: 0x80000004 (0x80818193) addi    x3, x3, -2040
core   0: 3 0x80000004 (0x80818193) x3  0x80003808
core   0: 0x80000008 (0x02000e93) li      x29, 32
core   0: 3 0x80000008 (0x02000e93) x29 0x00000020
core   0: 0x8000000c (0x0d0efed7) vsetvli x29, x29, e32, m1, ta, ma
core   0: 3 0x8000000c (0x0d0efed7) x29 0x00000020 c8_vstart 0x00000000 c3104_vl 0x00000020 c3105_vtype 0x000000d0 c768_mstatus 0x80000600
core   0: 0x80000010 (0x00002eb7) lui     x29, 0x2
core   0: 3 0x80000010 (0x00002eb7) x29 0x00002000
core   0: 0x80000014 (0x300eaef3) csrrs   x29, mstatus, x29
core   0: 3 0x80000014 (0x300eaef3) x29 0x80000600 c768_mstatus 0x80006600
core   0: 0x80000018 (0x00000e93) li      x29, 0
core   0: 3 0x80000018 (0x00000e93) x29 0x00000000
core   0: 0x8000001c (0x80502373) csrr    x6, wid
core   0: 3 0x8000001c (0x80502373) x6  0x00000000
core   0: 0x80000020 (0x806023f3) csrr    x7, lds
core   0: 3 0x80000020 (0x806023f3) x7  0x70000000
core   0: 0x80000024 (0x40000e13) li      x28, 1024
core   0: 3 0x80000024 (0x40000e13) x28 0x00000400
core   0: 0x80000028 (0x03c30333) mul     x6, x6, x28
core   0: 3 0x80000028 (0x03c30333) x6  0x00000000
core   0: 0x8000002c (0x00730133) add     x2, x6, x7
core   0: 3 0x8000002c (0x00730133) x2  0x70000000
core   0: 0x80000030 (0x00000213) li      x4, 0
core   0: 3 0x80000030 (0x00000213) x4  0x00000000
core   0: 0x80000034 (0x80102f73) csrr    x30, numw
core   0: 3 0x80000034 (0x80102f73) x30 0x00000001
core   0: 0x80000038 (0x40000e13) li      x28, 1024
core   0: 3 0x80000038 (0x40000e13) x28 0x00000400
core   0: 0x8000003c (0x03cf0f33) mul     x30, x30, x28
core   0: 3 0x8000003c (0x03cf0f33) x30 0x00000400
core   0: 0x80000040 (0x01e38433) add     x8, x7, x30
core   0: 3 0x80000040 (0x01e38433) x8  0x70000400
core   0: 0x80000044 (0x00003517) auipc   x10, 0x3
core   0: 3 0x80000044 (0x00003517) x10 0x80003044
core   0: 0x80000048 (0xfc450513) addi    x10, x10, -60
core   0: 3 0x80000048 (0xfc450513) x10 0x80003008
core   0: 0x8000004c (0x00003617) auipc   x12, 0x3
core   0: 3 0x8000004c (0x00003617) x12 0x8000304c
core   0: 0x80000050 (0xfbc60613) addi    x12, x12, -68
core   0: 3 0x80000050 (0xfbc60613) x12 0x80003008
core   0: 0x80000054 (0x00c50863) beq     x10, x12, pc + 16
core   0: 3 0x80000054 (0x00c50863)
core   0: 0x80000064 (0x803022f3) csrr    x5, knl
core   0: 3 0x80000064 (0x803022f3) x5  0x90195000
core   0: 0x80000068 (0x0002a303) lw      x6, 0(x5)
core   0: 3 0x80000068 (0x0002a303) x6  0x80000464 mem 0x90195000
core   0: 0x8000006c (0x0042a503) lw      x10, 4(x5)
core   0: 3 0x8000006c (0x0042a503) x10 0x90014000 mem 0x90195004
core   0: 0x80000070 (0x0302a383) lw      x7, 48(x5)
core   0: 3 0x80000070 (0x0302a383) x7  0x00000000 mem 0x90195030
core   0: 0x80000074 (0x0342ae03) lw      x28, 52(x5)
core   0: 3 0x80000074 (0x0342ae03) x28 0x00000000 mem 0x90195034
core   0: 0x80000078 (0x00003e97) auipc   x29, 0x3
core   0: 3 0x80000078 (0x00003e97) x29 0x80003078
core   0: 0x8000007c (0xf88e8e93) addi    x29, x29, -120
core   0: 3 0x8000007c (0xf88e8e93) x29 0x80003000
core   0: 0x80000080 (0x00003f17) auipc   x30, 0x3
core   0: 3 0x80000080 (0x00003f17) x30 0x80003080
core   0: 0x80000084 (0xf84f0f13) addi    x30, x30, -124
core   0: 3 0x80000084 (0xf84f0f13) x30 0x80003004
core   0: 0x80000088 (0x007ea023) sw      x7, 0(x29)
core   0: 3 0x80000088 (0x007ea023) mem 0x80003000 0x00000000
core   0: 0x8000008c (0x01cf2023) sw      x28, 0(x30)
core   0: 3 0x8000008c (0x01cf2023) mem 0x80003004 0x00000000
core   0: 0x80000090 (0x00000f97) auipc   x31, 0x0
core   0: 3 0x80000090 (0x00000f97) x31 0x80000090
core   0: 0x80000094 (0x018f8f93) addi    x31, x31, 24
core   0: 3 0x80000094 (0x018f8f93) x31 0x800000a8
core   0: 0x80000098 (0x305f9073) csrw    mtvec, x31
core   0: 3 0x80000098 (0x305f9073) c773_mtvec 0x800000a8
core   0: 0x8000009c (0x000300e7) jalr    x6
core   0: 3 0x8000009c (0x000300e7) x1  0x800000a0
core   0: 0x80000464 (0x01810113) addi    x2, x2, 24
core   0: 3 0x80000464 (0x01810113) x2  0x70000018
core   0: 0x80000468 (0x00420213) addi    x4, x4, 4
core   0: 3 0x80000468 (0x00420213) x4  0x00000004
core   0: 0x8000046c (0x0010200b) regext  x0, x0,  0 0 0 1 
core   0: 3 0x8000046c (0x0010200b)
core   0: 0x80000470 (0x5e024057) vmv.v.x v0, x4
core   0: 3 0x80000470 (0x5e024057) c8_vstart 0x00000000 e32 m1 l32 v32 ffffffff 0x00000004 00000004 00000004 00000004 00000004 00000004 00000004 00000004 00000004 00000004 00000004 00000004 00000004 00000004 00000004 00000004 00000004 00000004 00000004 00000004 00000004 00000004 00000004 00000004 00000004 00000004 00000004 00000004 00000004 00000004 00000004 00000004 
core   0: 0x80000474 (0xfe112423) sw      x1, -24(x2)
core   0: 3 0x80000474 (0xfe112423) mem 0x70000000 0x800000a0
core   0: 0x80000478 (0x01052283) lw      x5, 16(x10)
core   0: 3 0x80000478 (0x01052283) x5  0x90011000 mem 0x90014010
core   0: 0x8000047c (0xfe512c23) sw      x5, -8(x2)
core   0: 3 0x8000047c (0xfe512c23) mem 0x70000010 0x90011000
core   0: 0x80000480 (0x00c52283) lw      x5, 12(x10)
core   0: 3 0x80000480 (0x00c52283) x5  0x00000001 mem 0x9001400c
core   0: 0x80000484 (0xfe512a23) sw      x5, -12(x2)
core   0: 3 0x80000484 (0xfe512a23) mem 0x7000000c 0x00000001
core   0: 0x80000488 (0x00452283) lw      x5, 4(x10)
core   0: 3 0x80000488 (0x00452283) x5  0x00000000 mem 0x90014004
core   0: 0x8000048c (0xfe512823) sw      x5, -16(x2)
core   0: 3 0x8000048c (0xfe512823) mem 0x70000008 0x00000000
core   0: 0x80000490 (0x00052283) lw      x5, 0(x10)
core   0: 3 0x80000490 (0x00052283) x5  0x9000e000 mem 0x90014000
core   0: 0x80000494 (0xfe512623) sw      x5, -20(x2)
core   0: 3 0x80000494 (0xfe512623) mem 0x70000004 0x9000e000
core   0: 0x80000498 (0x00852283) lw      x5, 8(x10)
core   0: 3 0x80000498 (0x00852283) x5  0x0000000c mem 0x90014008
core   0: 0x8000049c (0xfe512e23) sw      x5, -4(x2)
core   0: 3 0x8000049c (0xfe512e23) mem 0x70000014 0x0000000c
core   0: 0x800004a0 (0x5e004057) vmv.v.x v0, x0
core   0: 3 0x800004a0 (0x5e004057) c8_vstart 0x00000000 e32 m1 l32 v0  ffffffff 0x00000000 00000000 00000000 00000000 00000000 00000000 00000000 00000000 00000000 00000000 00000000 00000000 00000000 00000000 00000000 00000000 00000000 00000000 00000000 00000000 00000000 00000000 00000000 00000000 00000000 00000000 00000000 00000000 00000000 00000000 00000000 00000000 
core   0: 0x800004a4 (0x1d4000ef) jal     pc + 0x1d4
core   0: 3 0x800004a4 (0x1d4000ef) x1  0x800004a8
core   0: 0x80000678 (0x00410113) addi    x2, x2, 4
core   0: 3 0x80000678 (0x00410113) x2  0x7000001c
core   0: 0x8000067c (0xfe112e23) sw      x1, -4(x2)
core   0: 3 0x8000067c (0xfe112e23) mem 0x70000018 0x800004a8
core   0: 0x80000680 (0x020040d7) vadd.vx v1, v0, x0
core   0: 3 0x80000680 (0x020040d7) c8_vstart 0x00000000 e32 m1 l32 v1  ffffffff 0x00000000 00000000 00000000 00000000 00000000 00000000 00000000 00000000 00000000 00000000 00000000 00000000 00000000 00000000 00000000 00000000 00000000 00000000 00000000 00000000 00000000 00000000 00000000 00000000 00000000 00000000 00000000 00000000 00000000 00000000 00000000 00000000 
core   0: 0x80000684 (0x00200293) li      x5, 2
core   0: 3 0x80000684 (0x00200293) x5  0x00000002
core   0: 0x80000688 (0x5e02c057) vmv.v.x v0, x5
core   0: 3 0x80000688 (0x5e02c057) c8_vstart 0x00000000 e32 m1 l32 v0  ffffffff 0x00000002 00000002 00000002 00000002 00000002 00000002 00000002 00000002 00000002 00000002 00000002 00000002 00000002 00000002 00000002 00000002 00000002 00000002 00000002 00000002 00000002 00000002 00000002 00000002 00000002 00000002 00000002 00000002 00000002 00000002 00000002 00000002 
core   0: 0x8000068c (0x00000317) auipc   x6, 0x0
core   0: 3 0x8000068c (0x00000317) x6  0x8000068c
core   0: 0x80000690 (0x0543305b) setrpc  x0, x6, 84
core   0: 3 0x80000690 (0x0543305b) c2060_rpc 0x800006e0 current mask:	ffffffff current npc:	00000000 stack size: 0
core   0: 0x80000694 (0x0410045b) vbeq    v1, v0, pc + 72
core   0: 3 0x80000694 (0x0410045b) c8_vstart 0x00000000 e32 m1 l32 current mask:	ffffffff current npc:	80000698 stack size: 0
core   0: 0x80000698 (0x0040006f) j       pc + 0x4
core   0: 3 0x80000698 (0x0040006f)
core   0: 0x8000069c (0x00100293) li      x5, 1
core   0: 3 0x8000069c (0x00100293) x5  0x00000001
core   0: 0x800006a0 (0x5e02c057) vmv.v.x v0, x5
core   0: 3 0x800006a0 (0x5e02c057) c8_vstart 0x00000000 e32 m1 l32 v0  ffffffff 0x00000001 00000001 00000001 00000001 00000001 00000001 00000001 00000001 00000001 00000001 00000001 00000001 00000001 00000001 00000001 00000001 00000001 00000001 00000001 00000001 00000001 00000001 00000001 00000001 00000001 00000001 00000001 00000001 00000001 00000001 00000001 00000001 
core   0: 0x800006a4 (0x00000317) auipc   x6, 0x0
core   0: 3 0x800006a4 (0x00000317) x6  0x800006a4
core   0: 0x800006a8 (0x03c3305b) setrpc  x0, x6, 60
core   0: 3 0x800006a8 (0x03c3305b) c2060_rpc 0x800006e0 current mask:	ffffffff current npc:	80000698 stack size: 0
core   0: 0x800006ac (0x0210045b) vbeq    v1, v0, pc + 40
core   0: 3 0x800006ac (0x0210045b) c8_vstart 0x00000000 e32 m1 l32 current mask:	ffffffff current npc:	800006b0 stack size: 0
core   0: 0x800006b0 (0x0040006f) j       pc + 0x4
core   0: 3 0x800006b0 (0x0040006f)
core   0: 0x800006b4 (0x5e004157) vmv.v.x v2, x0
core   0: 3 0x800006b4 (0x5e004157) c8_vstart 0x00000000 e32 m1 l32 v2  ffffffff 0x00000000 00000000 00000000 00000000 00000000 00000000 00000000 00000000 00000000 00000000 00000000 00000000 00000000 00000000 00000000 00000000 00000000 00000000 00000000 00000000 00000000 00000000 00000000 00000000 00000000 00000000 00000000 00000000 00000000 00000000 00000000 00000000 
core   0: 0x800006b8 (0x5e004057) vmv.v.x v0, x0
core   0: 3 0x800006b8 (0x5e004057) c8_vstart 0x00000000 e32 m1 l32 v0  ffffffff 0x00000000 00000000 00000000 00000000 00000000 00000000 00000000 00000000 00000000 00000000 00000000 00000000 00000000 00000000 00000000 00000000 00000000 00000000 00000000 00000000 00000000 00000000 00000000 00000000 00000000 00000000 00000000 00000000 00000000 00000000 00000000 00000000 
core   0: 0x800006bc (0x00000317) auipc   x6, 0x0
core   0: 3 0x800006bc (0x00000317) x6  0x800006bc
core   0: 0x800006c0 (0x0243305b) setrpc  x0, x6, 36
core   0: 3 0x800006c0 (0x0243305b) c2060_rpc 0x800006e0 current mask:	ffffffff current npc:	800006b0 stack size: 0
core   0: 0x800006c4 (0x00111e5b) vbne    v1, v2, pc + 28
core   0: 3 0x800006c4 (0x00111e5b) c8_vstart 0x00000000 e32 m1 l32 current mask:	ffffffff current npc:	800006c8 stack size: 0
core   0: 0x800006c8 (0x0040006f) j       pc + 0x4
core   0: 3 0x800006c8 (0x0040006f)
core   0: 0x800006cc (0x09c000ef) jal     pc + 0x9c
core   0: 3 0x800006cc (0x09c000ef) x1  0x800006d0
core   0: 0x80000768 (0x80802573) csrr    x10, gidx
core   0: 3 0x80000768 (0x80802573) x10 0x00000001
core   0: 0x8000076c (0x5e054057) vmv.v.x v0, x10
core   0: 3 0x8000076c (0x5e054057) c8_vstart 0x00000000 e32 m1 l32 v0  ffffffff 0x00000001 00000001 00000001 00000001 00000001 00000001 00000001 00000001 00000001 00000001 00000001 00000001 00000001 00000001 00000001 00000001 00000001 00000001 00000001 00000001 00000001 00000001 00000001 00000001 00000001 00000001 00000001 00000001 00000001 00000001 00000001 00000001 
core   0: 0x80000770 (0x00008067) ret
core   0: 3 0x80000770 (0x00008067)
core   0: 0x800006d0 (0x0100006f) j       pc + 0x10
core   0: 3 0x800006d0 (0x0100006f)
core   0: 0x800006e0 (0x0000205b) join    v0, v0, pc + 0
core   0: 3 0x800006e0 (0x0000205b) current mask:	ffffffff current npc:	800006c8 stack size: 0
core   0: 0x800006e4 (0xffc12083) lw      x1, -4(x2)
core   0: 3 0x800006e4 (0xffc12083) x1  0x800004a8 mem 0x70000018
core   0: 0x800006e8 (0xffc10113) addi    x2, x2, -4
core   0: 3 0x800006e8 (0xffc10113) x2  0x70000018
core   0: 0x800006ec (0x00008067) ret
core   0: 3 0x800006ec (0x00008067)
core   0: 0x800004a8 (0x0080200b) regext  x0, x0,  0 0 1 0 
core   0: 3 0x800004a8 (0x0080200b)
core   0: 0x800004ac (0xfe002e2b) vsw.v   v0, x0, -4
core   0: 3 0x800004ac (0xfe002e2b) c8_vstart 0x00000000 mem 0x90015000 0x00000001 mem 0x90015004 0x00000001 mem 0x90015008 0x00000001 mem 0x9001500c 0x00000001 mem 0x90015010 0x00000001 mem 0x90015014 0x00000001 mem 0x90015018 0x00000001 mem 0x9001501c 0x00000001 mem 0x90015020 0x00000001 mem 0x90015024 0x00000001 mem 0x90015028 0x00000001 mem 0x9001502c 0x00000001 mem 0x90015030 0x00000001 mem 0x90015034 0x00000001 mem 0x90015038 0x00000001 mem 0x9001503c 0x00000001 mem 0x90015040 0x00000001 mem 0x90015044 0x00000001 mem 0x90015048 0x00000001 mem 0x9001504c 0x00000001 mem 0x90015050 0x00000001 mem 0x90015054 0x00000001 mem 0x90015058 0x00000001 mem 0x9001505c 0x00000001 mem 0x90015060 0x00000001 mem 0x90015064 0x00000001 mem 0x90015068 0x00000001 mem 0x9001506c 0x00000001 mem 0x90015070 0x00000001 mem 0x90015074 0x00000001 mem 0x90015078 0x00000001 mem 0x9001507c 0x00000001
core   0: 0x800004b0 (0x5e004057) vmv.v.x v0, x0
core   0: 3 0x800004b0 (0x5e004057) c8_vstart 0x00000000 e32 m1 l32 v0  ffffffff 0x00000000 00000000 00000000 00000000 00000000 00000000 00000000 00000000 00000000 00000000 00000000 00000000 00000000 00000000 00000000 00000000 00000000 00000000 00000000 00000000 00000000 00000000 00000000 00000000 00000000 00000000 00000000 00000000 00000000 00000000 00000000 00000000 
core   0: 0x800004b4 (0x14c000ef) jal     pc + 0x14c
core   0: 3 0x800004b4 (0x14c000ef) x1  0x800004b8
core   0: 0x80000600 (0x00410113) addi    x2, x2, 4
core   0: 3 0x80000600 (0x00410113) x2  0x7000001c
core   0: 0x80000604 (0xfe112e23) sw      x1, -4(x2)
core   0: 3 0x80000604 (0xfe112e23) mem 0x70000018 0x800004b8
core   0: 0x80000608 (0x020040d7) vadd.vx v1, v0, x0
core   0: 3 0x80000608 (0x020040d7) c8_vstart 0x00000000 e32 m1 l32 v1  ffffffff 0x00000000 00000000 00000000 00000000 00000000 00000000 00000000 00000000 00000000 00000000 00000000 00000000 00000000 00000000 00000000 00000000 00000000 00000000 00000000 00000000 00000000 00000000 00000000 00000000 00000000 00000000 00000000 00000000 00000000 00000000 00000000 00000000 
core   0: 0x8000060c (0x00200293) li      x5, 2
core   0: 3 0x8000060c (0x00200293) x5  0x00000002
core   0: 0x80000610 (0x5e02c057) vmv.v.x v0, x5
core   0: 3 0x80000610 (0x5e02c057) c8_vstart 0x00000000 e32 m1 l32 v0  ffffffff 0x00000002 00000002 00000002 00000002 00000002 00000002 00000002 00000002 00000002 00000002 00000002 00000002 00000002 00000002 00000002 00000002 00000002 00000002 00000002 00000002 00000002 00000002 00000002 00000002 00000002 00000002 00000002 00000002 00000002 00000002 00000002 00000002 
core   0: 0x80000614 (0x00000317) auipc   x6, 0x0
core   0: 3 0x80000614 (0x00000317) x6  0x80000614
core   0: 0x80000618 (0x0543305b) setrpc  x0, x6, 84
core   0: 3 0x80000618 (0x0543305b) c2060_rpc 0x80000668 current mask:	ffffffff current npc:	800006c8 stack size: 0
core   0: 0x8000061c (0x0410045b) vbeq    v1, v0, pc + 72
core   0: 3 0x8000061c (0x0410045b) c8_vstart 0x00000000 e32 m1 l32 current mask:	ffffffff current npc:	80000620 stack size: 0
core   0: 0x80000620 (0x0040006f) j       pc + 0x4
core   0: 3 0x80000620 (0x0040006f)
core   0: 0x80000624 (0x00100293) li      x5, 1
core   0: 3 0x80000624 (0x00100293) x5  0x00000001
core   0: 0x80000628 (0x5e02c057) vmv.v.x v0, x5
core   0: 3 0x80000628 (0x5e02c057) c8_vstart 0x00000000 e32 m1 l32 v0  ffffffff 0x00000001 00000001 00000001 00000001 00000001 00000001 00000001 00000001 00000001 00000001 00000001 00000001 00000001 00000001 00000001 00000001 00000001 00000001 00000001 00000001 00000001 00000001 00000001 00000001 00000001 00000001 00000001 00000001 00000001 00000001 00000001 00000001 
core   0: 0x8000062c (0x00000317) auipc   x6, 0x0
core   0: 3 0x8000062c (0x00000317) x6  0x8000062c
core   0: 0x80000630 (0x03c3305b) setrpc  x0, x6, 60
core   0: 3 0x80000630 (0x03c3305b) c2060_rpc 0x80000668 current mask:	ffffffff current npc:	80000620 stack size: 0
core   0: 0x80000634 (0x0210045b) vbeq    v1, v0, pc + 40
core   0: 3 0x80000634 (0x0210045b) c8_vstart 0x00000000 e32 m1 l32 current mask:	ffffffff current npc:	80000638 stack size: 0
core   0: 0x80000638 (0x0040006f) j       pc + 0x4
core   0: 3 0x80000638 (0x0040006f)
core   0: 0x8000063c (0x5e004157) vmv.v.x v2, x0
core   0: 3 0x8000063c (0x5e004157) c8_vstart 0x00000000 e32 m1 l32 v2  ffffffff 0x00000000 00000000 00000000 00000000 00000000 00000000 00000000 00000000 00000000 00000000 00000000 00000000 00000000 00000000 00000000 00000000 00000000 00000000 00000000 00000000 00000000 00000000 00000000 00000000 00000000 00000000 00000000 00000000 00000000 00000000 00000000 00000000 
core   0: 0x80000640 (0x5e004057) vmv.v.x v0, x0
core   0: 3 0x80000640 (0x5e004057) c8_vstart 0x00000000 e32 m1 l32 v0  ffffffff 0x00000000 00000000 00000000 00000000 00000000 00000000 00000000 00000000 00000000 00000000 00000000 00000000 00000000 00000000 00000000 00000000 00000000 00000000 00000000 00000000 00000000 00000000 00000000 00000000 00000000 00000000 00000000 00000000 00000000 00000000 00000000 00000000 
core   0: 0x80000644 (0x00000317) auipc   x6, 0x0
core   0: 3 0x80000644 (0x00000317) x6  0x80000644
core   0: 0x80000648 (0x0243305b) setrpc  x0, x6, 36
core   0: 3 0x80000648 (0x0243305b) c2060_rpc 0x80000668 current mask:	ffffffff current npc:	80000638 stack size: 0
core   0: 0x8000064c (0x00111e5b) vbne    v1, v2, pc + 28
core   0: 3 0x8000064c (0x00111e5b) c8_vstart 0x00000000 e32 m1 l32 current mask:	ffffffff current npc:	80000650 stack size: 0
core   0: 0x80000650 (0x0040006f) j       pc + 0x4
core   0: 3 0x80000650 (0x0040006f)
core   0: 0x80000654 (0x138000ef) jal     pc + 0x138
core   0: 3 0x80000654 (0x138000ef) x1  0x80000658
core   0: 0x8000078c (0x00410113) addi    x2, x2, 4
core   0: 3 0x8000078c (0x00410113) x2  0x70000020
core   0: 0x80000790 (0xfe112e23) sw      x1, -4(x2)
core   0: 3 0x80000790 (0xfe112e23) mem 0x7000001c 0x80000658
core   0: 0x80000794 (0x80302573) csrr    x10, knl
core   0: 3 0x80000794 (0x80302573) x10 0x90195000
core   0: 0x80000798 (0x00852283) lw      x5, 8(x10)
core   0: 3 0x80000798 (0x00852283) x5  0x00000001 mem 0x90195008
core   0: 0x8000079c (0x80002373) csrr    x6, tid
core   0: 3 0x8000079c (0x80002373) x6  0x00000000
core   0: 0x800007a0 (0x5208a157) vid.v   v2
core   0: 3 0x800007a0 (0x5208a157) c8_vstart 0x00000000 e32 m1 l32 v2  ffffffff 0x0000001f 0000001e 0000001d 0000001c 0000001b 0000001a 00000019 00000018 00000017 00000016 00000015 00000014 00000013 00000012 00000011 00000010 0000000f 0000000e 0000000d 0000000c 0000000b 0000000a 00000009 00000008 00000007 00000006 00000005 00000004 00000003 00000002 00000001 00000000 
core   0: 0x800007a4 (0x02234057) vadd.vx v0, v2, x6
core   0: 3 0x800007a4 (0x02234057) c8_vstart 0x00000000 e32 m1 l32 v0  ffffffff 0x0000001f 0000001e 0000001d 0000001c 0000001b 0000001a 00000019 00000018 00000017 00000016 00000015 00000014 00000013 00000012 00000011 00000010 0000000f 0000000e 0000000d 0000000c 0000000b 0000000a 00000009 00000008 00000007 00000006 00000005 00000004 00000003 00000002 00000001 00000000 
core   0: 0x800007a8 (0x01852e03) lw      x28, 24(x10)
core   0: 3 0x800007a8 (0x01852e03) x28 0x00000020 mem 0x90195018
core   0: 0x800007ac (0x8a0e6057) vremu.vx v0, v0, x28
core   0: 3 0x800007ac (0x8a0e6057) c8_vstart 0x00000000 e32 m1 l32 v0  ffffffff 0x0000001f 0000001e 0000001d 0000001c 0000001b 0000001a 00000019 00000018 00000017 00000016 00000015 00000014 00000013 00000012 00000011 00000010 0000000f 0000000e 0000000d 0000000c 0000000b 0000000a 00000009 00000008 00000007 00000006 00000005 00000004 00000003 00000002 00000001 00000000 
core   0: 0x800007b0 (0xffc12083) lw      x1, -4(x2)
core   0: 3 0x800007b0 (0xffc12083) x1  0x80000658 mem 0x7000001c
core   0: 0x800007b4 (0xffc10113) addi    x2, x2, -4
core   0: 3 0x800007b4 (0xffc10113) x2  0x7000001c
core   0: 0x800007b8 (0x00008067) ret
core   0: 3 0x800007b8 (0x00008067)
core   0: 0x80000658 (0x0100006f) j       pc + 0x10
core   0: 3 0x80000658 (0x0100006f)
core   0: 0x80000668 (0x0000205b) join    v0, v0, pc + 0
core   0: 3 0x80000668 (0x0000205b) current mask:	ffffffff current npc:	80000650 stack size: 0
core   0: 0x8000066c (0xffc12083) lw      x1, -4(x2)
core   0: 3 0x8000066c (0xffc12083) x1  0x800004b8 mem 0x70000018
core   0: 0x80000670 (0xffc10113) addi    x2, x2, -4
core   0: 3 0x80000670 (0xffc10113) x2  0x70000018
core   0: 0x80000674 (0x00008067) ret
core   0: 3 0x80000674 (0x00008067)
core   0: 0x800004b8 (0x0080200b) regext  x0, x0,  0 0 1 0 
core   0: 3 0x800004b8 (0x0080200b)
core   0: 0x800004bc (0x7fc0212b) vlw.v   v2, x0, -4
core   0: 3 0x800004bc (0x7fc0212b) e32 m1 l32 v2  ffffffff 0x00000001 00000001 00000001 00000001 00000001 00000001 00000001 00000001 00000001 00000001 00000001 00000001 00000001 00000001 00000001 00000001 00000001 00000001 00000001 00000001 00000001 00000001 00000001 00000001 00000001 00000001 00000001 00000001 00000001 00000001 00000001 00000001  c8_vstart 0x00000000 mem 0x90015000 mem 0x90015004 mem 0x90015008 mem 0x9001500c mem 0x90015010 mem 0x90015014 mem 0x90015018 mem 0x9001501c mem 0x90015020 mem 0x90015024 mem 0x90015028 mem 0x9001502c mem 0x90015030 mem 0x90015034 mem 0x90015038 mem 0x9001503c mem 0x90015040 mem 0x90015044 mem 0x90015048 mem 0x9001504c mem 0x90015050 mem 0x90015054 mem 0x90015058 mem 0x9001505c mem 0x90015060 mem 0x90015064 mem 0x90015068 mem 0x9001506c mem 0x90015070 mem 0x90015074 mem 0x90015078 mem 0x9001507c
core   0: 0x800004c0 (0xffc12283) lw      x5, -4(x2)
core   0: 3 0x800004c0 (0xffc12283) x5  0x0000000c mem 0x70000014
core   0: 0x800004c4 (0x5e02c0d7) vmv.v.x v1, x5
core   0: 3 0x800004c4 (0x5e02c0d7) c8_vstart 0x00000000 e32 m1 l32 v1  ffffffff 0x0000000c 0000000c 0000000c 0000000c 0000000c 0000000c 0000000c 0000000c 0000000c 0000000c 0000000c 0000000c 0000000c 0000000c 0000000c 0000000c 0000000c 0000000c 0000000c 0000000c 0000000c 0000000c 0000000c 0000000c 0000000c 0000000c 0000000c 0000000c 0000000c 0000000c 0000000c 0000000c 
core   0: 0x800004c8 (0x00000317) auipc   x6, 0x0
core   0: 3 0x800004c8 (0x00000317) x6  0x800004c8
core   0: 0x800004cc (0x11c3305b) setrpc  x0, x6, 284
core   0: 3 0x800004cc (0x11c3305b) c2060_rpc 0x800005e4 current mask:	ffffffff current npc:	80000650 stack size: 0
core   0: 0x800004d0 (0x1020da5b) vbge    v2, v1, pc + 276
core   0: 3 0x800004d0 (0x1020da5b) c8_vstart 0x00000000 e32 m1 l32 current mask:	ffffffff current npc:	800004d4 stack size: 0
core   0: 0x800004d4 (0x0040006f) j       pc + 0x4
core   0: 3 0x800004d4 (0x0040006f)
core   0: 0x800004d8 (0xff012283) lw      x5, -16(x2)
core   0: 3 0x800004d8 (0xff012283) x5  0x00000000 mem 0x70000008
core   0: 0x800004dc (0x0222c4d7) vadd.vx v9, v2, x5
core   0: 3 0x800004dc (0x0222c4d7) c8_vstart 0x00000000 e32 m1 l32 v9  ffffffff 0x00000001 00000001 00000001 00000001 00000001 00000001 00000001 00000001 00000001 00000001 00000001 00000001 00000001 00000001 00000001 00000001 00000001 00000001 00000001 00000001 00000001 00000001 00000001 00000001 00000001 00000001 00000001 00000001 00000001 00000001 00000001 00000001 
core   0: 0x800004e0 (0x5e0040d7) vmv.v.x v1, x0
core   0: 3 0x800004e0 (0x5e0040d7) c8_vstart 0x00000000 e32 m1 l32 v1  ffffffff 0x00000000 00000000 00000000 00000000 00000000 00000000 00000000 00000000 00000000 00000000 00000000 00000000 00000000 00000000 00000000 00000000 00000000 00000000 00000000 00000000 00000000 00000000 00000000 00000000 00000000 00000000 00000000 00000000 00000000 00000000 00000000 00000000 
core   0: 0x800004e4 (0xff412283) lw      x5, -12(x2)
core   0: 3 0x800004e4 (0xff412283) x5  0x00000001 mem 0x7000000c
core   0: 0x800004e8 (0x02504263) blt     x0, x5, pc + 36
core   0: 3 0x800004e8 (0x02504263)
core   0: 0x8000050c (0x9692e0d7) vmul.vx v1, v9, x5
core   0: 3 0x8000050c (0x9692e0d7) c8_vstart 0x00000000 e32 m1 l32 v1  ffffffff 0x00000001 00000001 00000001 00000001 00000001 00000001 00000001 00000001 00000001 00000001 00000001 00000001 00000001 00000001 00000001 00000001 00000001 00000001 00000001 00000001 00000001 00000001 00000001 00000001 00000001 00000001 00000001 00000001 00000001 00000001 00000001 00000001 
core   0: 0x80000510 (0x961530d7) vsll.vi v1, v1, 10
core   0: 3 0x80000510 (0x961530d7) c8_vstart 0x00000000 e32 m1 l32 v1  ffffffff 0x00000400 00000400 00000400 00000400 00000400 00000400 00000400 00000400 00000400 00000400 00000400 00000400 00000400 00000400 00000400 00000400 00000400 00000400 00000400 00000400 00000400 00000400 00000400 00000400 00000400 00000400 00000400 00000400 00000400 00000400 00000400 00000400 
core   0: 0x80000514 (0x9602b157) vsll.vi v2, v0, 5
core   0: 3 0x80000514 (0x9602b157) c8_vstart 0x00000000 e32 m1 l32 v2  ffffffff 0x000003e0 000003c0 000003a0 00000380 00000360 00000340 00000320 00000300 000002e0 000002c0 000002a0 00000280 00000260 00000240 00000220 00000200 000001e0 000001c0 000001a0 00000180 00000160 00000140 00000120 00000100 000000e0 000000c0 000000a0 00000080 00000060 00000040 00000020 00000000 
core   0: 0x80000518 (0x021100d7) vadd.vv v1, v1, v2
core   0: 3 0x80000518 (0x021100d7) c8_vstart 0x00000000 e32 m1 l32 v1  ffffffff 0x000007e0 000007c0 000007a0 00000780 00000760 00000740 00000720 00000700 000006e0 000006c0 000006a0 00000680 00000660 00000640 00000620 00000600 000005e0 000005c0 000005a0 00000580 00000560 00000540 00000520 00000500 000004e0 000004c0 000004a0 00000480 00000460 00000440 00000420 00000400 
core   0: 0x8000051c (0xfec12303) lw      x6, -20(x2)
core   0: 3 0x8000051c (0xfec12303) x6  0x9000e000 mem 0x70000004
core   0: 0x80000520 (0x02134557) vadd.vx v10, v1, x6
core   0: 3 0x80000520 (0x02134557) c8_vstart 0x00000000 e32 m1 l32 v10 ffffffff 0x9000e7e0 9000e7c0 9000e7a0 9000e780 9000e760 9000e740 9000e720 9000e700 9000e6e0 9000e6c0 9000e6a0 9000e680 9000e660 9000e640 9000e620 9000e600 9000e5e0 9000e5c0 9000e5a0 9000e580 9000e560 9000e540 9000e520 9000e500 9000e4e0 9000e4c0 9000e4a0 9000e480 9000e460 9000e440 9000e420 9000e400 
core   0: 0x80000524 (0x5e0040d7) vmv.v.x v1, x0
core   0: 3 0x80000524 (0x5e0040d7) c8_vstart 0x00000000 e32 m1 l32 v1  ffffffff 0x00000000 00000000 00000000 00000000 00000000 00000000 00000000 00000000 00000000 00000000 00000000 00000000 00000000 00000000 00000000 00000000 00000000 00000000 00000000 00000000 00000000 00000000 00000000 00000000 00000000 00000000 00000000 00000000 00000000 00000000 00000000 00000000 
core   0: 0x80000528 (0x02104157) vadd.vx v2, v1, x0
core   0: 3 0x80000528 (0x02104157) c8_vstart 0x00000000 e32 m1 l32 v2  ffffffff 0x00000000 00000000 00000000 00000000 00000000 00000000 00000000 00000000 00000000 00000000 00000000 00000000 00000000 00000000 00000000 00000000 00000000 00000000 00000000 00000000 00000000 00000000 00000000 00000000 00000000 00000000 00000000 00000000 00000000 00000000 00000000 00000000 
core   0: 0x8000052c (0x021041d7) vadd.vx v3, v1, x0
core   0: 3 0x8000052c (0x021041d7) c8_vstart 0x00000000 e32 m1 l32 v3  ffffffff 0x00000000 00000000 00000000 00000000 00000000 00000000 00000000 00000000 00000000 00000000 00000000 00000000 00000000 00000000 00000000 00000000 00000000 00000000 00000000 00000000 00000000 00000000 00000000 00000000 00000000 00000000 00000000 00000000 00000000 00000000 00000000 00000000 
core   0: 0x80000530 (0x02104257) vadd.vx v4, v1, x0
core   0: 3 0x80000530 (0x02104257) c8_vstart 0x00000000 e32 m1 l32 v4  ffffffff 0x00000000 00000000 00000000 00000000 00000000 00000000 00000000 00000000 00000000 00000000 00000000 00000000 00000000 00000000 00000000 00000000 00000000 00000000 00000000 00000000 00000000 00000000 00000000 00000000 00000000 00000000 00000000 00000000 00000000 00000000 00000000 00000000 
core   0: 0x80000534 (0x021042d7) vadd.vx v5, v1, x0
core   0: 3 0x80000534 (0x021042d7) c8_vstart 0x00000000 e32 m1 l32 v5  ffffffff 0x00000000 00000000 00000000 00000000 00000000 00000000 00000000 00000000 00000000 00000000 00000000 00000000 00000000 00000000 00000000 00000000 00000000 00000000 00000000 00000000 00000000 00000000 00000000 00000000 00000000 00000000 00000000 00000000 00000000 00000000 00000000 00000000 
core   0: 0x80000538 (0x02104357) vadd.vx v6, v1, x0
core   0: 3 0x80000538 (0x02104357) c8_vstart 0x00000000 e32 m1 l32 v6  ffffffff 0x00000000 00000000 00000000 00000000 00000000 00000000 00000000 00000000 00000000 00000000 00000000 00000000 00000000 00000000 00000000 00000000 00000000 00000000 00000000 00000000 00000000 00000000 00000000 00000000 00000000 00000000 00000000 00000000 00000000 00000000 00000000 00000000 
core   0: 0x8000053c (0x021043d7) vadd.vx v7, v1, x0
core   0: 3 0x8000053c (0x021043d7) c8_vstart 0x00000000 e32 m1 l32 v7  ffffffff 0x00000000 00000000 00000000 00000000 00000000 00000000 00000000 00000000 00000000 00000000 00000000 00000000 00000000 00000000 00000000 00000000 00000000 00000000 00000000 00000000 00000000 00000000 00000000 00000000 00000000 00000000 00000000 00000000 00000000 00000000 00000000 00000000 
core   0: 0x80000540 (0x02104457) vadd.vx v8, v1, x0
core   0: 3 0x80000540 (0x02104457) c8_vstart 0x00000000 e32 m1 l32 v8  ffffffff 0x00000000 00000000 00000000 00000000 00000000 00000000 00000000 00000000 00000000 00000000 00000000 00000000 00000000 00000000 00000000 00000000 00000000 00000000 00000000 00000000 00000000 00000000 00000000 00000000 00000000 00000000 00000000 00000000 00000000 00000000 00000000 00000000 
core   0: 0x80000544 (0x5e02c5d7) vmv.v.x v11, x5
core   0: 3 0x80000544 (0x5e02c5d7) c8_vstart 0x00000000 e32 m1 l32 v11 ffffffff 0x00000001 00000001 00000001 00000001 00000001 00000001 00000001 00000001 00000001 00000001 00000001 00000001 00000001 00000001 00000001 00000001 00000001 00000001 00000001 00000001 00000001 00000001 00000001 00000001 00000001 00000001 00000001 00000001 00000001 00000001 00000001 00000001 
core   0: 0x80000548 (0x5e004a57) vmv.v.x v20, x0
core   0: 3 0x80000548 (0x5e004a57) c8_vstart 0x00000000 e32 m1 l32 v20 ffffffff 0x00000000 00000000 00000000 00000000 00000000 00000000 00000000 00000000 00000000 00000000 00000000 00000000 00000000 00000000 00000000 00000000 00000000 00000000 00000000 00000000 00000000 00000000 00000000 00000000 00000000 00000000 00000000 00000000 00000000 00000000 00000000 00000000 
core   0: 0x8000054c (0x0400006f) j       pc + 0x40
core   0: 3 0x8000054c (0x0400006f)
core   0: 0x8000058c (0x01c529fb) vlw12.v v19, v10, 28
core   0: 3 0x8000058c (0x01c529fb) e32 m1 l32 v19 ffffffff 0x00000000 00000000 00000000 00000000 00000000 00000000 00000000 00000000 00000000 00000000 00000000 00000000 00000000 00000000 00000000 00000000 00000000 00000000 00000000 00000000 00000000 00000000 00000000 00000000 00000000 00000000 00000000 00000000 00000000 00000000 00000000 00000000  c8_vstart 0x00000000 mem 0x9000e41c mem 0x9000e43c mem 0x9000e45c mem 0x9000e47c mem 0x9000e49c mem 0x9000e4bc mem 0x9000e4dc mem 0x9000e4fc mem 0x9000e51c mem 0x9000e53c mem 0x9000e55c mem 0x9000e57c mem 0x9000e59c mem 0x9000e5bc mem 0x9000e5dc mem 0x9000e5fc mem 0x9000e61c mem 0x9000e63c mem 0x9000e65c mem 0x9000e67c mem 0x9000e69c mem 0x9000e6bc mem 0x9000e6dc mem 0x9000e6fc mem 0x9000e71c mem 0x9000e73c mem 0x9000e75c mem 0x9000e77c mem 0x9000e79c mem 0x9000e7bc mem 0x9000e7dc mem 0x9000e7fc
core   0: 0x80000590 (0x0185297b) vlw12.v v18, v10, 24
core   0: 3 0x80000590 (0x0185297b) e32 m1 l32 v18 ffffffff 0x00000000 00000000 00000000 00000000 00000000 00000000 00000000 00000000 00000000 00000000 00000000 00000000 00000000 00000000 00000000 00000000 00000000 00000000 00000000 00000000 00000000 00000000 00000000 00000000 00000000 00000000 00000000 00000000 00000000 00000000 00000000 00000000  c8_vstart 0x00000000 mem 0x9000e418 mem 0x9000e438 mem 0x9000e458 mem 0x9000e478 mem 0x9000e498 mem 0x9000e4b8 mem 0x9000e4d8 mem 0x9000e4f8 mem 0x9000e518 mem 0x9000e538 mem 0x9000e558 mem 0x9000e578 mem 0x9000e598 mem 0x9000e5b8 mem 0x9000e5d8 mem 0x9000e5f8 mem 0x9000e618 mem 0x9000e638 mem 0x9000e658 mem 0x9000e678 mem 0x9000e698 mem 0x9000e6b8 mem 0x9000e6d8 mem 0x9000e6f8 mem 0x9000e718 mem 0x9000e738 mem 0x9000e758 mem 0x9000e778 mem 0x9000e798 mem 0x9000e7b8 mem 0x9000e7d8 mem 0x9000e7f8
core   0: 0x80000594 (0x014528fb) vlw12.v v17, v10, 20
core   0: 3 0x80000594 (0x014528fb) e32 m1 l32 v17 ffffffff 0x00000000 00000000 00000000 00000000 00000000 00000000 00000000 00000000 00000000 00000000 00000000 00000000 00000000 00000000 00000000 00000000 00000000 00000000 00000000 00000000 00000000 00000000 00000000 00000000 00000000 00000000 00000000 00000000 00000000 00000000 00000000 00000000  c8_vstart 0x00000000 mem 0x9000e414 mem 0x9000e434 mem 0x9000e454 mem 0x9000e474 mem 0x9000e494 mem 0x9000e4b4 mem 0x9000e4d4 mem 0x9000e4f4 mem 0x9000e514 mem 0x9000e534 mem 0x9000e554 mem 0x9000e574 mem 0x9000e594 mem 0x9000e5b4 mem 0x9000e5d4 mem 0x9000e5f4 mem 0x9000e614 mem 0x9000e634 mem 0x9000e654 mem 0x9000e674 mem 0x9000e694 mem 0x9000e6b4 mem 0x9000e6d4 mem 0x9000e6f4 mem 0x9000e714 mem 0x9000e734 mem 0x9000e754 mem 0x9000e774 mem 0x9000e794 mem 0x9000e7b4 mem 0x9000e7d4 mem 0x9000e7f4
core   0: 0x80000598 (0x0105287b) vlw12.v v16, v10, 16
core   0: 3 0x80000598 (0x0105287b) e32 m1 l32 v16 ffffffff 0x00000000 00000000 00000000 00000000 00000000 00000000 00000000 00000000 00000000 00000000 00000000 00000000 00000000 00000000 00000000 00000000 00000000 00000000 00000000 00000000 00000000 00000000 00000000 00000000 00000000 00000000 00000000 00000000 00000000 00000000 00000000 00000000  c8_vstart 0x00000000 mem 0x9000e410 mem 0x9000e430 mem 0x9000e450 mem 0x9000e470 mem 0x9000e490 mem 0x9000e4b0 mem 0x9000e4d0 mem 0x9000e4f0 mem 0x9000e510 mem 0x9000e530 mem 0x9000e550 mem 0x9000e570 mem 0x9000e590 mem 0x9000e5b0 mem 0x9000e5d0 mem 0x9000e5f0 mem 0x9000e610 mem 0x9000e630 mem 0x9000e650 mem 0x9000e670 mem 0x9000e690 mem 0x9000e6b0 mem 0x9000e6d0 mem 0x9000e6f0 mem 0x9000e710 mem 0x9000e730 mem 0x9000e750 mem 0x9000e770 mem 0x9000e790 mem 0x9000e7b0 mem 0x9000e7d0 mem 0x9000e7f0
core   0: 0x8000059c (0x00c527fb) vlw12.v v15, v10, 12
core   0: 3 0x8000059c (0x00c527fb) e32 m1 l32 v15 ffffffff 0x3c9a4fcf bd47bd76 3ad32b6c be66aeb5 bdab53a2 3e1ee8a4 3dcf1770 3da449fc 3c8c3a2c 3c55d96a 3e38746f bec28a51 3e14feca 3e3ba29c be0f3e05 bd068c88 bd90eab3 3d55023d 3cf44555 bd581c57 3e5ca757 3cdd7fb7 3bc44a3c 3e1ddbcb 3d0a6cad bd5f51aa 3db1cae1 bdf0c412 3dd3c484 3cc7a600 3c605d77 be0b9965  c8_vstart 0x00000000 mem 0x9000e40c mem 0x9000e42c mem 0x9000e44c mem 0x9000e46c mem 0x9000e48c mem 0x9000e4ac mem 0x9000e4cc mem 0x9000e4ec mem 0x9000e50c mem 0x9000e52c mem 0x9000e54c mem 0x9000e56c mem 0x9000e58c mem 0x9000e5ac mem 0x9000e5cc mem 0x9000e5ec mem 0x9000e60c mem 0x9000e62c mem 0x9000e64c mem 0x9000e66c mem 0x9000e68c mem 0x9000e6ac mem 0x9000e6cc mem 0x9000e6ec mem 0x9000e70c mem 0x9000e72c mem 0x9000e74c mem 0x9000e76c mem 0x9000e78c mem 0x9000e7ac mem 0x9000e7cc mem 0x9000e7ec
core   0: 0x800005a0 (0x0085277b) vlw12.v v14, v10, 8
core   0: 3 0x800005a0 (0x0085277b) e32 m1 l32 v14 ffffffff 0x3daedc4a 3baa2202 3d80b174 3e282cb4 3dc4a5e1 be9579e7 3ca106ad 3d737cf6 bd0a5421 bdea0683 bd9393de 3db6c3eb 3dc225a3 bd2d7136 3e655e34 3e699554 3dbcd389 3de2e66e bdd448fd bd3a21c8 bdc4ee11 bd9b5031 3dd25f7e 3dbce65f bc69e0cc bcfc3e60 bdb12d5c bd818299 3b084688 3d1e7309 be649db8 bde7069d  c8_vstart 0x00000000 mem 0x9000e408 mem 0x9000e428 mem 0x9000e448 mem 0x9000e468 mem 0x9000e488 mem 0x9000e4a8 mem 0x9000e4c8 mem 0x9000e4e8 mem 0x9000e508 mem 0x9000e528 mem 0x9000e548 mem 0x9000e568 mem 0x9000e588 mem 0x9000e5a8 mem 0x9000e5c8 mem 0x9000e5e8 mem 0x9000e608 mem 0x9000e628 mem 0x9000e648 mem 0x9000e668 mem 0x9000e688 mem 0x9000e6a8 mem 0x9000e6c8 mem 0x9000e6e8 mem 0x9000e708 mem 0x9000e728 mem 0x9000e748 mem 0x9000e768 mem 0x9000e788 mem 0x9000e7a8 mem 0x9000e7c8 mem 0x9000e7e8
core   0: 0x800005a4 (0x004526fb) vlw12.v v13, v10, 4
core   0: 3 0x800005a4 (0x004526fb) e32 m1 l32 v13 ffffffff 0xbe1e285a 3d8c3f03 bd5b57ca bce7a292 3c896931 3c9c41d9 3bf3d1ac be2d914a be21f521 3dae8734 3d3061d5 bd6dd472 be37d8c3 3da12d3c 3d334bed bcc0f9b4 be3aabcd 3e27e32b 3c90f515 bc5fa26f bdab8d47 bd68244e bd9a14a8 3de1b988 3de34725 3d83edfc bbf2a27c 3d4f67a0 3e46f226 3d0dda17 be263b02 3dc35b64  c8_vstart 0x00000000 mem 0x9000e404 mem 0x9000e424 mem 0x9000e444 mem 0x9000e464 mem 0x9000e484 mem 0x9000e4a4 mem 0x9000e4c4 mem 0x9000e4e4 mem 0x9000e504 mem 0x9000e524 mem 0x9000e544 mem 0x9000e564 mem 0x9000e584 mem 0x9000e5a4 mem 0x9000e5c4 mem 0x9000e5e4 mem 0x9000e604 mem 0x9000e624 mem 0x9000e644 mem 0x9000e664 mem 0x9000e684 mem 0x9000e6a4 mem 0x9000e6c4 mem 0x9000e6e4 mem 0x9000e704 mem 0x9000e724 mem 0x9000e744 mem 0x9000e764 mem 0x9000e784 mem 0x9000e7a4 mem 0x9000e7c4 mem 0x9000e7e4
core   0: 0x800005a8 (0x0005267b) vlw12.v v12, v10, 0
core   0: 3 0x800005a8 (0x0005267b) e32 m1 l32 v12 ffffffff 0x3e1a081e 3dd71b20 3da3352d be5ee237 bd3a144c 3dc7a85a bc5ccf44 bdb3bdbe bda60eb1 bd1aa5e7 bc036eb8 3e02fb94 bd157d92 3cfdf6c8 be1dd125 be2798a5 3e41b7f1 3dc14375 3cc142ae bdd7b40c 3d236c9d 3d882f6a 3d0b7c4c 3d752127 be04d7fb be0395c4 bdcb855d 3e6add8e bddf69ec 3d272889 bcb1c95b be12ffc5  c8_vstart 0x00000000 mem 0x9000e400 mem 0x9000e420 mem 0x9000e440 mem 0x9000e460 mem 0x9000e480 mem 0x9000e4a0 mem 0x9000e4c0 mem 0x9000e4e0 mem 0x9000e500 mem 0x9000e520 mem 0x9000e540 mem 0x9000e560 mem 0x9000e580 mem 0x9000e5a0 mem 0x9000e5c0 mem 0x9000e5e0 mem 0x9000e600 mem 0x9000e620 mem 0x9000e640 mem 0x9000e660 mem 0x9000e680 mem 0x9000e6a0 mem 0x9000e6c0 mem 0x9000e6e0 mem 0x9000e700 mem 0x9000e720 mem 0x9000e740 mem 0x9000e760 mem 0x9000e780 mem 0x9000e7a0 mem 0x9000e7c0 mem 0x9000e7e0
core   0: 0x800005ac (0x02899457) vfadd.vv v8, v8, v19
core   0: 3 0x800005ac (0x02899457) c8_vstart 0x00000000 e32 m1 l32 v8  ffffffff 0x00000000 00000000 00000000 00000000 00000000 00000000 00000000 00000000 00000000 00000000 00000000 00000000 00000000 00000000 00000000 00000000 00000000 00000000 00000000 00000000 00000000 00000000 00000000 00000000 00000000 00000000 00000000 00000000 00000000 00000000 00000000 00000000 
core   0: 0x800005b0 (0x027913d7) vfadd.vv v7, v7, v18
core   0: 3 0x800005b0 (0x027913d7) c8_vstart 0x00000000 e32 m1 l32 v7  ffffffff 0x00000000 00000000 00000000 00000000 00000000 00000000 00000000 00000000 00000000 00000000 00000000 00000000 00000000 00000000 00000000 00000000 00000000 00000000 00000000 00000000 00000000 00000000 00000000 00000000 00000000 00000000 00000000 00000000 00000000 00000000 00000000 00000000 
core   0: 0x800005b4 (0x02689357) vfadd.vv v6, v6, v17
core   0: 3 0x800005b4 (0x02689357) c8_vstart 0x00000000 e32 m1 l32 v6  ffffffff 0x00000000 00000000 00000000 00000000 00000000 00000000 00000000 00000000 00000000 00000000 00000000 00000000 00000000 00000000 00000000 00000000 00000000 00000000 00000000 00000000 00000000 00000000 00000000 00000000 00000000 00000000 00000000 00000000 00000000 00000000 00000000 00000000 
core   0: 0x800005b8 (0x025812d7) vfadd.vv v5, v5, v16
core   0: 3 0x800005b8 (0x025812d7) c8_vstart 0x00000000 e32 m1 l32 v5  ffffffff 0x00000000 00000000 00000000 00000000 00000000 00000000 00000000 00000000 00000000 00000000 00000000 00000000 00000000 00000000 00000000 00000000 00000000 00000000 00000000 00000000 00000000 00000000 00000000 00000000 00000000 00000000 00000000 00000000 00000000 00000000 00000000 00000000 
core   0: 0x800005bc (0x02479257) vfadd.vv v4, v4, v15
core   0: 3 0x800005bc (0x02479257) c8_vstart 0x00000000 e32 m1 l32 v4  ffffffff 0x3c9a4fcf bd47bd76 3ad32b6c be66aeb5 bdab53a2 3e1ee8a4 3dcf1770 3da449fc 3c8c3a2c 3c55d96a 3e38746f bec28a51 3e14feca 3e3ba29c be0f3e05 bd068c88 bd90eab3 3d55023d 3cf44555 bd581c57 3e5ca757 3cdd7fb7 3bc44a3c 3e1ddbcb 3d0a6cad bd5f51aa 3db1cae1 bdf0c412 3dd3c484 3cc7a600 3c605d77 be0b9965 
core   0: 0x800005c0 (0x023711d7) vfadd.vv v3, v3, v14
core   0: 3 0x800005c0 (0x023711d7) c8_vstart 0x00000000 e32 m1 l32 v3  ffffffff 0x3daedc4a 3baa2202 3d80b174 3e282cb4 3dc4a5e1 be9579e7 3ca106ad 3d737cf6 bd0a5421 bdea0683 bd9393de 3db6c3eb 3dc225a3 bd2d7136 3e655e34 3e699554 3dbcd389 3de2e66e bdd448fd bd3a21c8 bdc4ee11 bd9b5031 3dd25f7e 3dbce65f bc69e0cc bcfc3e60 bdb12d5c bd818299 3b084688 3d1e7309 be649db8 bde7069d 
core   0: 0x800005c4 (0x02269157) vfadd.vv v2, v2, v13
core   0: 3 0x800005c4 (0x02269157) c8_vstart 0x00000000 e32 m1 l32 v2  ffffffff 0xbe1e285a 3d8c3f03 bd5b57ca bce7a292 3c896931 3c9c41d9 3bf3d1ac be2d914a be21f521 3dae8734 3d3061d5 bd6dd472 be37d8c3 3da12d3c 3d334bed bcc0f9b4 be3aabcd 3e27e32b 3c90f515 bc5fa26f bdab8d47 bd68244e bd9a14a8 3de1b988 3de34725 3d83edfc bbf2a27c 3d4f67a0 3e46f226 3d0dda17 be263b02 3dc35b64 
core   0: 0x800005c8 (0x021610d7) vfadd.vv v1, v1, v12
core   0: 3 0x800005c8 (0x021610d7) c8_vstart 0x00000000 e32 m1 l32 v1  ffffffff 0x3e1a081e 3dd71b20 3da3352d be5ee237 bd3a144c 3dc7a85a bc5ccf44 bdb3bdbe bda60eb1 bd1aa5e7 bc036eb8 3e02fb94 bd157d92 3cfdf6c8 be1dd125 be2798a5 3e41b7f1 3dc14375 3cc142ae bdd7b40c 3d236c9d 3d882f6a 3d0b7c4c 3d752127 be04d7fb be0395c4 bdcb855d 3e6add8e bddf69ec 3d272889 bcb1c95b be12ffc5 
core   0: 0x800005cc (0x0015958b) vsub12.vi v11, v11, 1
core   0: 3 0x800005cc (0x0015958b) c8_vstart 0x00000000 e32 m1 l32 v11 ffffffff 0x00000000 00000000 00000000 00000000 00000000 00000000 00000000 00000000 00000000 00000000 00000000 00000000 00000000 00000000 00000000 00000000 00000000 00000000 00000000 00000000 00000000 00000000 00000000 00000000 00000000 00000000 00000000 00000000 00000000 00000000 00000000 00000000 
core   0: 0x800005d0 (0x4005050b) vadd12.vi v10, v10, 1024
core   0: 3 0x800005d0 (0x4005050b) c8_vstart 0x00000000 e32 m1 l32 v10 ffffffff 0x9000ebe0 9000ebc0 9000eba0 9000eb80 9000eb60 9000eb40 9000eb20 9000eb00 9000eae0 9000eac0 9000eaa0 9000ea80 9000ea60 9000ea40 9000ea20 9000ea00 9000e9e0 9000e9c0 9000e9a0 9000e980 9000e960 9000e940 9000e920 9000e900 9000e8e0 9000e8c0 9000e8a0 9000e880 9000e860 9000e840 9000e820 9000e800 
core   0: 0x800005d4 (0x00000317) auipc   x6, 0x0
core   0: 3 0x800005d4 (0x00000317) x6  0x800005d4
core   0: 0x800005d8 (0xf7c3305b) setrpc  x0, x6, -132
core   0: 3 0x800005d8 (0xf7c3305b) c2060_rpc 0x80000550 current mask:	ffffffff current npc:	800004d4 stack size: 0
core   0: 0x800005dc (0xf6ba0adb) vbeq    v11, v20, pc - 140
core   0: 3 0x800005dc (0xf6ba0adb) c8_vstart 0x00000000 e32 m1 l32 current mask:	ffffffff current npc:	80000550 stack size: 0
core   0: 0x80000550 (0x0000205b) join    v0, v0, pc + 0
core   0: 3 0x80000550 (0x0000205b) current mask:	ffffffff current npc:	80000550 stack size: 0
core   0: 0x80000554 (0x9692b4d7) vsll.vi v9, v9, 5
core   0: 3 0x80000554 (0x9692b4d7) c8_vstart 0x00000000 e32 m1 l32 v9  ffffffff 0x00000020 00000020 00000020 00000020 00000020 00000020 00000020 00000020 00000020 00000020 00000020 00000020 00000020 00000020 00000020 00000020 00000020 00000020 00000020 00000020 00000020 00000020 00000020 00000020 00000020 00000020 00000020 00000020 00000020 00000020 00000020 00000020 
core   0: 0x80000558 (0x02900057) vadd.vv v0, v9, v0
core   0: 3 0x80000558 (0x02900057) c8_vstart 0x00000000 e32 m1 l32 v0  ffffffff 0x0000003f 0000003e 0000003d 0000003c 0000003b 0000003a 00000039 00000038 00000037 00000036 00000035 00000034 00000033 00000032 00000031 00000030 0000002f 0000002e 0000002d 0000002c 0000002b 0000002a 00000029 00000028 00000027 00000026 00000025 00000024 00000023 00000022 00000021 00000020 
core   0: 0x8000055c (0x9602b057) vsll.vi v0, v0, 5
core   0: 3 0x8000055c (0x9602b057) c8_vstart 0x00000000 e32 m1 l32 v0  ffffffff 0x000007e0 000007c0 000007a0 00000780 00000760 00000740 00000720 00000700 000006e0 000006c0 000006a0 00000680 00000660 00000640 00000620 00000600 000005e0 000005c0 000005a0 00000580 00000560 00000540 00000520 00000500 000004e0 000004c0 000004a0 00000480 00000460 00000440 00000420 00000400 
core   0: 0x80000560 (0xff812283) lw      x5, -8(x2)
core   0: 3 0x80000560 (0xff812283) x5  0x90011000 mem 0x70000010
core   0: 0x80000564 (0x0202c057) vadd.vx v0, v0, x5
core   0: 3 0x80000564 (0x0202c057) c8_vstart 0x00000000 e32 m1 l32 v0  ffffffff 0x900117e0 900117c0 900117a0 90011780 90011760 90011740 90011720 90011700 900116e0 900116c0 900116a0 90011680 90011660 90011640 90011620 90011600 900115e0 900115c0 900115a0 90011580 90011560 90011540 90011520 90011500 900114e0 900114c0 900114a0 90011480 90011460 90011440 90011420 90011400 
core   0: 0x80000568 (0x00806e7b) vsw12.v v8, v0, 28
core   0: 3 0x80000568 (0x00806e7b) c8_vstart 0x00000000 e32 m1 l32 mem 0x9001141c 0x00000000 mem 0x9001143c 0x00000000 mem 0x9001145c 0x00000000 mem 0x9001147c 0x00000000 mem 0x9001149c 0x00000000 mem 0x900114bc 0x00000000 mem 0x900114dc 0x00000000 mem 0x900114fc 0x00000000 mem 0x9001151c 0x00000000 mem 0x9001153c 0x00000000 mem 0x9001155c 0x00000000 mem 0x9001157c 0x00000000 mem 0x9001159c 0x00000000 mem 0x900115bc 0x00000000 mem 0x900115dc 0x00000000 mem 0x900115fc 0x00000000 mem 0x9001161c 0x00000000 mem 0x9001163c 0x00000000 mem 0x9001165c 0x00000000 mem 0x9001167c 0x00000000 mem 0x9001169c 0x00000000 mem 0x900116bc 0x00000000 mem 0x900116dc 0x00000000 mem 0x900116fc 0x00000000 mem 0x9001171c 0x00000000 mem 0x9001173c 0x00000000 mem 0x9001175c 0x00000000 mem 0x9001177c 0x00000000 mem 0x9001179c 0x00000000 mem 0x900117bc 0x00000000 mem 0x900117dc 0x00000000 mem 0x900117fc 0x00000000
core   0: 0x8000056c (0x00706c7b) vsw12.v v7, v0, 24
core   0: 3 0x8000056c (0x00706c7b) c8_vstart 0x00000000 e32 m1 l32 mem 0x90011418 0x00000000 mem 0x90011438 0x00000000 mem 0x90011458 0x00000000 mem 0x90011478 0x00000000 mem 0x90011498 0x00000000 mem 0x900114b8 0x00000000 mem 0x900114d8 0x00000000 mem 0x900114f8 0x00000000 mem 0x90011518 0x00000000 mem 0x90011538 0x00000000 mem 0x90011558 0x00000000 mem 0x90011578 0x00000000 mem 0x90011598 0x00000000 mem 0x900115b8 0x00000000 mem 0x900115d8 0x00000000 mem 0x900115f8 0x00000000 mem 0x90011618 0x00000000 mem 0x90011638 0x00000000 mem 0x90011658 0x00000000 mem 0x90011678 0x00000000 mem 0x90011698 0x00000000 mem 0x900116b8 0x00000000 mem 0x900116d8 0x00000000 mem 0x900116f8 0x00000000 mem 0x90011718 0x00000000 mem 0x90011738 0x00000000 mem 0x90011758 0x00000000 mem 0x90011778 0x00000000 mem 0x90011798 0x00000000 mem 0x900117b8 0x00000000 mem 0x900117d8 0x00000000 mem 0x900117f8 0x00000000
core   0: 0x80000570 (0x00606a7b) vsw12.v v6, v0, 20
core   0: 3 0x80000570 (0x00606a7b) c8_vstart 0x00000000 e32 m1 l32 mem 0x90011414 0x00000000 mem 0x90011434 0x00000000 mem 0x90011454 0x00000000 mem 0x90011474 0x00000000 mem 0x90011494 0x00000000 mem 0x900114b4 0x00000000 mem 0x900114d4 0x00000000 mem 0x900114f4 0x00000000 mem 0x90011514 0x00000000 mem 0x90011534 0x00000000 mem 0x90011554 0x00000000 mem 0x90011574 0x00000000 mem 0x90011594 0x00000000 mem 0x900115b4 0x00000000 mem 0x900115d4 0x00000000 mem 0x900115f4 0x00000000 mem 0x90011614 0x00000000 mem 0x90011634 0x00000000 mem 0x90011654 0x00000000 mem 0x90011674 0x00000000 mem 0x90011694 0x00000000 mem 0x900116b4 0x00000000 mem 0x900116d4 0x00000000 mem 0x900116f4 0x00000000 mem 0x90011714 0x00000000 mem 0x90011734 0x00000000 mem 0x90011754 0x00000000 mem 0x90011774 0x00000000 mem 0x90011794 0x00000000 mem 0x900117b4 0x00000000 mem 0x900117d4 0x00000000 mem 0x900117f4 0x00000000
core   0: 0x80000574 (0x0050687b) vsw12.v v5, v0, 16
core   0: 3 0x80000574 (0x0050687b) c8_vstart 0x00000000 e32 m1 l32 mem 0x90011410 0x00000000 mem 0x90011430 0x00000000 mem 0x90011450 0x00000000 mem 0x90011470 0x00000000 mem 0x90011490 0x00000000 mem 0x900114b0 0x00000000 mem 0x900114d0 0x00000000 mem 0x900114f0 0x00000000 mem 0x90011510 0x00000000 mem 0x90011530 0x00000000 mem 0x90011550 0x00000000 mem 0x90011570 0x00000000 mem 0x90011590 0x00000000 mem 0x900115b0 0x00000000 mem 0x900115d0 0x00000000 mem 0x900115f0 0x00000000 mem 0x90011610 0x00000000 mem 0x90011630 0x00000000 mem 0x90011650 0x00000000 mem 0x90011670 0x00000000 mem 0x90011690 0x00000000 mem 0x900116b0 0x00000000 mem 0x900116d0 0x00000000 mem 0x900116f0 0x00000000 mem 0x90011710 0x00000000 mem 0x90011730 0x00000000 mem 0x90011750 0x00000000 mem 0x90011770 0x00000000 mem 0x90011790 0x00000000 mem 0x900117b0 0x00000000 mem 0x900117d0 0x00000000 mem 0x900117f0 0x00000000
core   0: 0x80000578 (0x0040667b) vsw12.v v4, v0, 12
core   0: 3 0x80000578 (0x0040667b) c8_vstart 0x00000000 e32 m1 l32 mem 0x9001140c 0xbe0b9965 mem 0x9001142c 0x3c605d77 mem 0x9001144c 0x3cc7a600 mem 0x9001146c 0x3dd3c484 mem 0x9001148c 0xbdf0c412 mem 0x900114ac 0x3db1cae1 mem 0x900114cc 0xbd5f51aa mem 0x900114ec 0x3d0a6cad mem 0x9001150c 0x3e1ddbcb mem 0x9001152c 0x3bc44a3c mem 0x9001154c 0x3cdd7fb7 mem 0x9001156c 0x3e5ca757 mem 0x9001158c 0xbd581c57 mem 0x900115ac 0x3cf44555 mem 0x900115cc 0x3d55023d mem 0x900115ec 0xbd90eab3 mem 0x9001160c 0xbd068c88 mem 0x9001162c 0xbe0f3e05 mem 0x9001164c 0x3e3ba29c mem 0x9001166c 0x3e14feca mem 0x9001168c 0xbec28a51 mem 0x900116ac 0x3e38746f mem 0x900116cc 0x3c55d96a mem 0x900116ec 0x3c8c3a2c mem 0x9001170c 0x3da449fc mem 0x9001172c 0x3dcf1770 mem 0x9001174c 0x3e1ee8a4 mem 0x9001176c 0xbdab53a2 mem 0x9001178c 0xbe66aeb5 mem 0x900117ac 0x3ad32b6c mem 0x900117cc 0xbd47bd76 mem 0x900117ec 0x3c9a4fcf
core   0: 0x8000057c (0x0030647b) vsw12.v v3, v0, 8
core   0: 3 0x8000057c (0x0030647b) c8_vstart 0x00000000 e32 m1 l32 mem 0x90011408 0xbde7069d mem 0x90011428 0xbe649db8 mem 0x90011448 0x3d1e7309 mem 0x90011468 0x3b084688 mem 0x90011488 0xbd818299 mem 0x900114a8 0xbdb12d5c mem 0x900114c8 0xbcfc3e60 mem 0x900114e8 0xbc69e0cc mem 0x90011508 0x3dbce65f mem 0x90011528 0x3dd25f7e mem 0x90011548 0xbd9b5031 mem 0x90011568 0xbdc4ee11 mem 0x90011588 0xbd3a21c8 mem 0x900115a8 0xbdd448fd mem 0x900115c8 0x3de2e66e mem 0x900115e8 0x3dbcd389 mem 0x90011608 0x3e699554 mem 0x90011628 0x3e655e34 mem 0x90011648 0xbd2d7136 mem 0x90011668 0x3dc225a3 mem 0x90011688 0x3db6c3eb mem 0x900116a8 0xbd9393de mem 0x900116c8 0xbdea0683 mem 0x900116e8 0xbd0a5421 mem 0x90011708 0x3d737cf6 mem 0x90011728 0x3ca106ad mem 0x90011748 0xbe9579e7 mem 0x90011768 0x3dc4a5e1 mem 0x90011788 0x3e282cb4 mem 0x900117a8 0x3d80b174 mem 0x900117c8 0x3baa2202 mem 0x900117e8 0x3daedc4a
core   0: 0x80000580 (0x0020627b) vsw12.v v2, v0, 4
core   0: 3 0x80000580 (0x0020627b) c8_vstart 0x00000000 e32 m1 l32 mem 0x90011404 0x3dc35b64 mem 0x90011424 0xbe263b02 mem 0x90011444 0x3d0dda17 mem 0x90011464 0x3e46f226 mem 0x90011484 0x3d4f67a0 mem 0x900114a4 0xbbf2a27c mem 0x900114c4 0x3d83edfc mem 0x900114e4 0x3de34725 mem 0x90011504 0x3de1b988 mem 0x90011524 0xbd9a14a8 mem 0x90011544 0xbd68244e mem 0x90011564 0xbdab8d47 mem 0x90011584 0xbc5fa26f mem 0x900115a4 0x3c90f515 mem 0x900115c4 0x3e27e32b mem 0x900115e4 0xbe3aabcd mem 0x90011604 0xbcc0f9b4 mem 0x90011624 0x3d334bed mem 0x90011644 0x3da12d3c mem 0x90011664 0xbe37d8c3 mem 0x90011684 0xbd6dd472 mem 0x900116a4 0x3d3061d5 mem 0x900116c4 0x3dae8734 mem 0x900116e4 0xbe21f521 mem 0x90011704 0xbe2d914a mem 0x90011724 0x3bf3d1ac mem 0x90011744 0x3c9c41d9 mem 0x90011764 0x3c896931 mem 0x90011784 0xbce7a292 mem 0x900117a4 0xbd5b57ca mem 0x900117c4 0x3d8c3f03 mem 0x900117e4 0xbe1e285a
core   0: 0x80000584 (0x0010607b) vsw12.v v1, v0, 0
core   0: 3 0x80000584 (0x0010607b) c8_vstart 0x00000000 e32 m1 l32 mem 0x90011400 0xbe12ffc5 mem 0x90011420 0xbcb1c95b mem 0x90011440 0x3d272889 mem 0x90011460 0xbddf69ec mem 0x90011480 0x3e6add8e mem 0x900114a0 0xbdcb855d mem 0x900114c0 0xbe0395c4 mem 0x900114e0 0xbe04d7fb mem 0x90011500 0x3d752127 mem 0x90011520 0x3d0b7c4c mem 0x90011540 0x3d882f6a mem 0x90011560 0x3d236c9d mem 0x90011580 0xbdd7b40c mem 0x900115a0 0x3cc142ae mem 0x900115c0 0x3dc14375 mem 0x900115e0 0x3e41b7f1 mem 0x90011600 0xbe2798a5 mem 0x90011620 0xbe1dd125 mem 0x90011640 0x3cfdf6c8 mem 0x90011660 0xbd157d92 mem 0x90011680 0x3e02fb94 mem 0x900116a0 0xbc036eb8 mem 0x900116c0 0xbd1aa5e7 mem 0x900116e0 0xbda60eb1 mem 0x90011700 0xbdb3bdbe mem 0x90011720 0xbc5ccf44 mem 0x90011740 0x3dc7a85a mem 0x90011760 0xbd3a144c mem 0x90011780 0xbe5ee237 mem 0x900117a0 0x3da3352d mem 0x900117c0 0x3dd71b20 mem 0x900117e0 0x3e1a081e
core   0: 0x80000588 (0x05c0006f) j       pc + 0x5c
core   0: 3 0x80000588 (0x05c0006f)
core   0: 0x800005e4 (0x0000205b) join    v0, v0, pc + 0
core   0: 3 0x800005e4 (0x0000205b) current mask:	ffffffff current npc:	80000550 stack size: 0
core   0: 0x800005e8 (0xfe812083) lw      x1, -24(x2)
core   0: 3 0x800005e8 (0xfe812083) x1  0x800000a0 mem 0x70000000
core   0: 0x800005ec (0xfe810113) addi    x2, x2, -24
core   0: 3 0x800005ec (0xfe810113) x2  0x70000000
core   0: 0x800005f0 (0xffc20213) addi    x4, x4, -4
core   0: 3 0x800005f0 (0xffc20213) x4  0x00000000
core   0: 0x800005f4 (0x0010200b) regext  x0, x0,  0 0 0 1 
core   0: 3 0x800005f4 (0x0010200b)
core   0: 0x800005f8 (0x5e024057) vmv.v.x v0, x4
core   0: 3 0x800005f8 (0x5e024057) c8_vstart 0x00000core   0: 0x00001000 (0x00000297) auipc   x5, 0x0
core   0: 3 0x00001000 (0x00000297) x5  0x00001000
core   0: 0x00001004 (0x02028593) addi    x11, x5, 32
core   0: 3 0x00001004 (0x02028593) x11 0x00001020
core   0: 0x00001008 (0xf1402573) csrr    x10, mhartid
core   0: 3 0x00001008 (0xf1402573) x10 0x00000000
core   0: 0x0000100c (0x0182a283) lw      x5, 24(x5)
core   0: 3 0x0000100c (0x0182a283) x5  0x80000000 mem 0x00001018
core   0: 0x00001010 (0x00028067) jr      x5
core   0: 3 0x00001010 (0x00028067)
core   0: 0x80000000 (0x00004197) auipc   x3, 0x4
core   0: 3 0x80000000 (0x00004197) x3  0x80004000
core   0: 0x80000004 (0x80818193) addi    x3, x3, -2040
core   0: 3 0x80000004 (0x80818193) x3  0x80003808
core   0: 0x80000008 (0x02000e93) li      x29, 32
core   0: 3 0x80000008 (0x02000e93) x29 0x00000020
core   0: 0x8000000c (0x0d0efed7) vsetvli x29, x29, e32, m1, ta, ma
core   0: 3 0x8000000c (0x0d0efed7) x29 0x00000020 c8_vstart 0x00000000 c3104_vl 0x00000020 c3105_vtype 0x000000d0 c768_mstatus 0x80000600
core   0: 0x80000010 (0x00002eb7) lui     x29, 0x2
core   0: 3 0x80000010 (0x00002eb7) x29 0x00002000
core   0: 0x80000014 (0x300eaef3) csrrs   x29, mstatus, x29
core   0: 3 0x80000014 (0x300eaef3) x29 0x80000600 c768_mstatus 0x80006600
core   0: 0x80000018 (0x00000e93) li      x29, 0
core   0: 3 0x80000018 (0x00000e93) x29 0x00000000
core   0: 0x8000001c (0x80502373) csrr    x6, wid
core   0: 3 0x8000001c (0x80502373) x6  0x00000000
core   0: 0x80000020 (0x806023f3) csrr    x7, lds
core   0: 3 0x80000020 (0x806023f3) x7  0x70000000
core   0: 0x80000024 (0x40000e13) li      x28, 1024
core   0: 3 0x80000024 (0x40000e13) x28 0x00000400
core   0: 0x80000028 (0x03c30333) mul     x6, x6, x28
core   0: 3 0x80000028 (0x03c30333) x6  0x00000000
core   0: 0x8000002c (0x00730133) add     x2, x6, x7
core   0: 3 0x8000002c (0x00730133) x2  0x70000000
core   0: 0x80000030 (0x00000213) li      x4, 0
core   0: 3 0x80000030 (0x00000213) x4  0x00000000
core   0: 0x80000034 (0x80102f73) csrr    x30, numw
core   0: 3 0x80000034 (0x80102f73) x30 0x00000001
core   0: 0x80000038 (0x40000e13) li      x28, 1024
core   0: 3 0x80000038 (0x40000e13) x28 0x00000400
core   0: 0x8000003c (0x03cf0f33) mul     x30, x30, x28
core   0: 3 0x8000003c (0x03cf0f33) x30 0x00000400
core   0: 0x80000040 (0x01e38433) add     x8, x7, x30
core   0: 3 0x80000040 (0x01e38433) x8  0x70000400
core   0: 0x80000044 (0x00003517) auipc   x10, 0x3
core   0: 3 0x80000044 (0x00003517) x10 0x80003044
core   0: 0x80000048 (0xfc450513) addi    x10, x10, -60
core   0: 3 0x80000048 (0xfc450513) x10 0x80003008
core   0: 0x8000004c (0x00003617) auipc   x12, 0x3
core   0: 3 0x8000004c (0x00003617) x12 0x8000304c
core   0: 0x80000050 (0xfbc60613) addi    x12, x12, -68
core   0: 3 0x80000050 (0xfbc60613) x12 0x80003008
core   0: 0x80000054 (0x00c50863) beq     x10, x12, pc + 16
core   0: 3 0x80000054 (0x00c50863)
core   0: 0x80000064 (0x803022f3) csrr    x5, knl
core   0: 3 0x80000064 (0x803022f3) x5  0x90195000
core   0: 0x80000068 (0x0002a303) lw      x6, 0(x5)
core   0: 3 0x80000068 (0x0002a303) x6  0x80000464 mem 0x90195000
core   0: 0x8000006c (0x0042a503) lw      x10, 4(x5)
core   0: 3 0x8000006c (0x0042a503) x10 0x90014000 mem 0x90195004
core   0: 0x80000070 (0x0302a383) lw      x7, 48(x5)
core   0: 3 0x80000070 (0x0302a383) x7  0x00000000 mem 0x90195030
core   0: 0x80000074 (0x0342ae03) lw      x28, 52(x5)
core   0: 3 0x80000074 (0x0342ae03) x28 0x00000000 mem 0x90195034
core   0: 0x80000078 (0x00003e97) auipc   x29, 0x3
core   0: 3 0x80000078 (0x00003e97) x29 0x80003078
core   0: 0x8000007c (0xf88e8e93) addi    x29, x29, -120
core   0: 3 0x8000007c (0xf88e8e93) x29 0x80003000
core   0: 0x80000080 (0x00003f17) auipc   x30, 0x3
core   0: 3 0x80000080 (0x00003f17) x30 0x80003080
core   0: 0x80000084 (0xf84f0f13) addi    x30, x30, -124
core   0: 3 0x80000084 (0xf84f0f13) x30 0x80003004
core   0: 0x80000088 (0x007ea023) sw      x7, 0(x29)
core   0: 3 0x80000088 (0x007ea023) mem 0x80003000 0x00000000
core   0: 0x8000008c (0x01cf2023) sw      x28, 0(x30)
core   0: 3 0x8000008c (0x01cf2023) mem 0x80003004 0x00000000
core   0: 0x80000090 (0x00000f97) auipc   x31, 0x0
core   0: 3 0x80000090 (0x00000f97) x31 0x80000090
core   0: 0x80000094 (0x018f8f93) addi    x31, x31, 24
core   0: 3 0x80000094 (0x018f8f93) x31 0x800000a8
core   0: 0x80000098 (0x305f9073) csrw    mtvec, x31
core   0: 3 0x80000098 (0x305f9073) c773_mtvec 0x800000a8
core   0: 0x8000009c (0x000300e7) jalr    x6
core   0: 3 0x8000009c (0x000300e7) x1  0x800000a0
core   0: 0x80000464 (0x01810113) addi    x2, x2, 24
core   0: 3 0x80000464 (0x01810113) x2  0x70000018
core   0: 0x80000468 (0x00420213) addi    x4, x4, 4
core   0: 3 0x80000468 (0x00420213) x4  0x00000004
core   0: 0x8000046c (0x0010200b) regext  x0, x0,  0 0 0 1 
core   0: 3 0x8000046c (0x0010200b)
core   0: 0x80000470 (0x5e024057) vmv.v.x v0, x4
core   0: 3 0x80000470 (0x5e024057) c8_vstart 0x00000000 e32 m1 l32 v32 ffffffff 0x00000004 00000004 00000004 00000004 00000004 00000004 00000004 00000004 00000004 00000004 00000004 00000004 00000004 00000004 00000004 00000004 00000004 00000004 00000004 00000004 00000004 00000004 00000004 00000004 00000004 00000004 00000004 00000004 00000004 00000004 00000004 00000004 
core   0: 0x80000474 (0xfe112423) sw      x1, -24(x2)
core   0: 3 0x80000474 (0xfe112423) mem 0x70000000 0x800000a0
core   0: 0x80000478 (0x01052283) lw      x5, 16(x10)
core   0: 3 0x80000478 (0x01052283) x5  0x90011000 mem 0x90014010
core   0: 0x8000047c (0xfe512c23) sw      x5, -8(x2)
core   0: 3 0x8000047c (0xfe512c23) mem 0x70000010 0x90011000
core   0: 0x80000480 (0x00c52283) lw      x5, 12(x10)
core   0: 3 0x80000480 (0x00c52283) x5  0x00000001 mem 0x9001400c
core   0: 0x80000484 (0xfe512a23) sw      x5, -12(x2)
core   0: 3 0x80000484 (0xfe512a23) mem 0x7000000c 0x00000001
core   0: 0x80000488 (0x00452283) lw      x5, 4(x10)
core   0: 3 0x80000488 (0x00452283) x5  0x00000000 mem 0x90014004
core   0: 0x8000048c (0xfe512823) sw      x5, -16(x2)
core   0: 3 0x8000048c (0xfe512823) mem 0x70000008 0x00000000
core   0: 0x80000490 (0x00052283) lw      x5, 0(x10)
core   0: 3 0x80000490 (0x00052283) x5  0x9000e000 mem 0x90014000
core   0: 0x80000494 (0xfe512623) sw      x5, -20(x2)
core   0: 3 0x80000494 (0xfe512623) mem 0x70000004 0x9000e000
core   0: 0x80000498 (0x00852283) lw      x5, 8(x10)
core   0: 3 0x80000498 (0x00852283) x5  0x0000000c mem 0x90014008
core   0: 0x8000049c (0xfe512e23) sw      x5, -4(x2)
core   0: 3 0x8000049c (0xfe512e23) mem 0x70000014 0x0000000c
core   0: 0x800004a0 (0x5e004057) vmv.v.x v0, x0
core   0: 3 0x800004a0 (0x5e004057) c8_vstart 0x00000000 e32 m1 l32 v0  ffffffff 0x00000000 00000000 00000000 00000000 00000000 00000000 00000000 00000000 00000000 00000000 00000000 00000000 00000000 00000000 00000000 00000000 00000000 00000000 00000000 00000000 00000000 00000000 00000000 00000000 00000000 00000000 00000000 00000000 00000000 00000000 00000000 00000000 
core   0: 0x800004a4 (0x1d4000ef) jal     pc + 0x1d4
core   0: 3 0x800004a4 (0x1d4000ef) x1  0x800004a8
core   0: 0x80000678 (0x00410113) addi    x2, x2, 4
core   0: 3 0x80000678 (0x00410113) x2  0x7000001c
core   0: 0x8000067c (0xfe112e23) sw      x1, -4(x2)
core   0: 3 0x8000067c (0xfe112e23) mem 0x70000018 0x800004a8
core   0: 0x80000680 (0x020040d7) vadd.vx v1, v0, x0
core   0: 3 0x80000680 (0x020040d7) c8_vstart 0x00000000 e32 m1 l32 v1  ffffffff 0x00000000 00000000 00000000 00000000 00000000 00000000 00000000 00000000 00000000 00000000 00000000 00000000 00000000 00000000 00000000 00000000 00000000 00000000 00000000 00000000 00000000 00000000 00000000 00000000 00000000 00000000 00000000 00000000 00000000 00000000 00000000 00000000 
core   0: 0x80000684 (0x00200293) li      x5, 2
core   0: 3 0x80000684 (0x00200293) x5  0x00000002
core   0: 0x80000688 (0x5e02c057) vmv.v.x v0, x5
core   0: 3 0x80000688 (0x5e02c057) c8_vstart 0x00000000 e32 m1 l32 v0  ffffffff 0x00000002 00000002 00000002 00000002 00000002 00000002 00000002 00000002 00000002 00000002 00000002 00000002 00000002 00000002 00000002 00000002 00000002 00000002 00000002 00000002 00000002 00000002 00000002 00000002 00000002 00000002 00000002 00000002 00000002 00000002 00000002 00000002 
core   0: 0x8000068c (0x00000317) auipc   x6, 0x0
core   0: 3 0x8000068c (0x00000317) x6  0x8000068c
core   0: 0x80000690 (0x0543305b) setrpc  x0, x6, 84
core   0: 3 0x80000690 (0x0543305b) c2060_rpc 0x800006e0 current mask:	ffffffff current npc:	00000000 stack size: 0
core   0: 0x80000694 (0x0410045b) vbeq    v1, v0, pc + 72
core   0: 3 0x80000694 (0x0410045b) c8_vstart 0x00000000 e32 m1 l32 current mask:	ffffffff current npc:	80000698 stack size: 0
core   0: 0x80000698 (0x0040006f) j       pc + 0x4
core   0: 3 0x80000698 (0x0040006f)
core   0: 0x8000069c (0x00100293) li      x5, 1
core   0: 3 0x8000069c (0x00100293) x5  0x00000001
core   0: 0x800006a0 (0x5e02c057) vmv.v.x v0, x5
core   0: 3 0x800006a0 (0x5e02c057) c8_vstart 0x00000000 e32 m1 l32 v0  ffffffff 0x00000001 00000001 00000001 00000001 00000001 00000001 00000001 00000001 00000001 00000001 00000001 00000001 00000001 00000001 00000001 00000001 00000001 00000001 00000001 00000001 00000001 00000001 00000001 00000001 00000001 00000001 00000001 00000001 00000001 00000001 00000001 00000001 
core   0: 0x800006a4 (0x00000317) auipc   x6, 0x0
core   0: 3 0x800006a4 (0x00000317) x6  0x800006a4
core   0: 0x800006a8 (0x03c3305b) setrpc  x0, x6, 60
core   0: 3 0x800006a8 (0x03c3305b) c2060_rpc 0x800006e0 current mask:	ffffffff current npc:	80000698 stack size: 0
core   0: 0x800006ac (0x0210045b) vbeq    v1, v0, pc + 40
core   0: 3 0x800006ac (0x0210045b) c8_vstart 0x00000000 e32 m1 l32 current mask:	ffffffff current npc:	800006b0 stack size: 0
core   0: 0x800006b0 (0x0040006f) j       pc + 0x4
core   0: 3 0x800006b0 (0x0040006f)
core   0: 0x800006b4 (0x5e004157) vmv.v.x v2, x0
core   0: 3 0x800006b4 (0x5e004157) c8_vstart 0x00000000 e32 m1 l32 v2  ffffffff 0x00000000 00000000 00000000 00000000 00000000 00000000 00000000 00000000 00000000 00000000 00000000 00000000 00000000 00000000 00000000 00000000 00000000 00000000 00000000 00000000 00000000 00000000 00000000 00000000 00000000 00000000 00000000 00000000 00000000 00000000 00000000 00000000 
core   0: 0x800006b8 (0x5e004057) vmv.v.x v0, x0
core   0: 3 0x800006b8 (0x5e004057) c8_vstart 0x00000000 e32 m1 l32 v0  ffffffff 0x00000000 00000000 00000000 00000000 00000000 00000000 00000000 00000000 00000000 00000000 00000000 00000000 00000000 00000000 00000000 00000000 00000000 00000000 00000000 00000000 00000000 00000000 00000000 00000000 00000000 00000000 00000000 00000000 00000000 00000000 00000000 00000000 
core   0: 0x800006bc (0x00000317) auipc   x6, 0x0
core   0: 3 0x800006bc (0x00000317) x6  0x800006bc
core   0: 0x800006c0 (0x0243305b) setrpc  x0, x6, 36
core   0: 3 0x800006c0 (0x0243305b) c2060_rpc 0x800006e0 current mask:	ffffffff current npc:	800006b0 stack size: 0
core   0: 0x800006c4 (0x00111e5b) vbne    v1, v2, pc + 28
core   0: 3 0x800006c4 (0x00111e5b) c8_vstart 0x00000000 e32 m1 l32 current mask:	ffffffff current npc:	800006c8 stack size: 0
core   0: 0x800006c8 (0x0040006f) j       pc + 0x4
core   0: 3 0x800006c8 (0x0040006f)
core   0: 0x800006cc (0x09c000ef) jal     pc + 0x9c
core   0: 3 0x800006cc (0x09c000ef) x1  0x800006d0
core   0: 0x80000768 (0x80802573) csrr    x10, gidx
core   0: 3 0x80000768 (0x80802573) x10 0x00000002
core   0: 0x8000076c (0x5e054057) vmv.v.x v0, x10
core   0: 3 0x8000076c (0x5e054057) c8_vstart 0x00000000 e32 m1 l32 v0  ffffffff 0x00000002 00000002 00000002 00000002 00000002 00000002 00000002 00000002 00000002 00000002 00000002 00000002 00000002 00000002 00000002 00000002 00000002 00000002 00000002 00000002 00000002 00000002 00000002 00000002 00000002 00000002 00000002 00000002 00000002 00000002 00000002 00000002 
core   0: 0x80000770 (0x00008067) ret
core   0: 3 0x80000770 (0x00008067)
core   0: 0x800006d0 (0x0100006f) j       pc + 0x10
core   0: 3 0x800006d0 (0x0100006f)
core   0: 0x800006e0 (0x0000205b) join    v0, v0, pc + 0
core   0: 3 0x800006e0 (0x0000205b) current mask:	ffffffff current npc:	800006c8 stack size: 0
core   0: 0x800006e4 (0xffc12083) lw      x1, -4(x2)
core   0: 3 0x800006e4 (0xffc12083) x1  0x800004a8 mem 0x70000018
core   0: 0x800006e8 (0xffc10113) addi    x2, x2, -4
core   0: 3 0x800006e8 (0xffc10113) x2  0x70000018
core   0: 0x800006ec (0x00008067) ret
core   0: 3 0x800006ec (0x00008067)
core   0: 0x800004a8 (0x0080200b) regext  x0, x0,  0 0 1 0 
core   0: 3 0x800004a8 (0x0080200b)
core   0: 0x800004ac (0xfe002e2b) vsw.v   v0, x0, -4
core   0: 3 0x800004ac (0xfe002e2b) c8_vstart 0x00000000 mem 0x90015000 0x00000002 mem 0x90015004 0x00000002 mem 0x90015008 0x00000002 mem 0x9001500c 0x00000002 mem 0x90015010 0x00000002 mem 0x90015014 0x00000002 mem 0x90015018 0x00000002 mem 0x9001501c 0x00000002 mem 0x90015020 0x00000002 mem 0x90015024 0x00000002 mem 0x90015028 0x00000002 mem 0x9001502c 0x00000002 mem 0x90015030 0x00000002 mem 0x90015034 0x00000002 mem 0x90015038 0x00000002 mem 0x9001503c 0x00000002 mem 0x90015040 0x00000002 mem 0x90015044 0x00000002 mem 0x90015048 0x00000002 mem 0x9001504c 0x00000002 mem 0x90015050 0x00000002 mem 0x90015054 0x00000002 mem 0x90015058 0x00000002 mem 0x9001505c 0x00000002 mem 0x90015060 0x00000002 mem 0x90015064 0x00000002 mem 0x90015068 0x00000002 mem 0x9001506c 0x00000002 mem 0x90015070 0x00000002 mem 0x90015074 0x00000002 mem 0x90015078 0x00000002 mem 0x9001507c 0x00000002
core   0: 0x800004b0 (0x5e004057) vmv.v.x v0, x0
core   0: 3 0x800004b0 (0x5e004057) c8_vstart 0x00000000 e32 m1 l32 v0  ffffffff 0x00000000 00000000 00000000 00000000 00000000 00000000 00000000 00000000 00000000 00000000 00000000 00000000 00000000 00000000 00000000 00000000 00000000 00000000 00000000 00000000 00000000 00000000 00000000 00000000 00000000 00000000 00000000 00000000 00000000 00000000 00000000 00000000 
core   0: 0x800004b4 (0x14c000ef) jal     pc + 0x14c
core   0: 3 0x800004b4 (0x14c000ef) x1  0x800004b8
core   0: 0x80000600 (0x00410113) addi    x2, x2, 4
core   0: 3 0x80000600 (0x00410113) x2  0x7000001c
core   0: 0x80000604 (0xfe112e23) sw      x1, -4(x2)
core   0: 3 0x80000604 (0xfe112e23) mem 0x70000018 0x800004b8
core   0: 0x80000608 (0x020040d7) vadd.vx v1, v0, x0
core   0: 3 0x80000608 (0x020040d7) c8_vstart 0x00000000 e32 m1 l32 v1  ffffffff 0x00000000 00000000 00000000 00000000 00000000 00000000 00000000 00000000 00000000 00000000 00000000 00000000 00000000 00000000 00000000 00000000 00000000 00000000 00000000 00000000 00000000 00000000 00000000 00000000 00000000 00000000 00000000 00000000 00000000 00000000 00000000 00000000 
core   0: 0x8000060c (0x00200293) li      x5, 2
core   0: 3 0x8000060c (0x00200293) x5  0x00000002
core   0: 0x80000610 (0x5e02c057) vmv.v.x v0, x5
core   0: 3 0x80000610 (0x5e02c057) c8_vstart 0x00000000 e32 m1 l32 v0  ffffffff 0x00000002 00000002 00000002 00000002 00000002 00000002 00000002 00000002 00000002 00000002 00000002 00000002 00000002 00000002 00000002 00000002 00000002 00000002 00000002 00000002 00000002 00000002 00000002 00000002 00000002 00000002 00000002 00000002 00000002 00000002 00000002 00000002 
core   0: 0x80000614 (0x00000317) auipc   x6, 0x0
core   0: 3 0x80000614 (0x00000317) x6  0x80000614
core   0: 0x80000618 (0x0543305b) setrpc  x0, x6, 84
core   0: 3 0x80000618 (0x0543305b) c2060_rpc 0x80000668 current mask:	ffffffff current npc:	800006c8 stack size: 0
core   0: 0x8000061c (0x0410045b) vbeq    v1, v0, pc + 72
core   0: 3 0x8000061c (0x0410045b) c8_vstart 0x00000000 e32 m1 l32 current mask:	ffffffff current npc:	80000620 stack size: 0
core   0: 0x80000620 (0x0040006f) j       pc + 0x4
core   0: 3 0x80000620 (0x0040006f)
core   0: 0x80000624 (0x00100293) li      x5, 1
core   0: 3 0x80000624 (0x00100293) x5  0x00000001
core   0: 0x80000628 (0x5e02c057) vmv.v.x v0, x5
core   0: 3 0x80000628 (0x5e02c057) c8_vstart 0x00000000 e32 m1 l32 v0  ffffffff 0x00000001 00000001 00000001 00000001 00000001 00000001 00000001 00000001 00000001 00000001 00000001 00000001 00000001 00000001 00000001 00000001 00000001 00000001 00000001 00000001 00000001 00000001 00000001 00000001 00000001 00000001 00000001 00000001 00000001 00000001 00000001 00000001 
core   0: 0x8000062c (0x00000317) auipc   x6, 0x0
core   0: 3 0x8000062c (0x00000317) x6  0x8000062c
core   0: 0x80000630 (0x03c3305b) setrpc  x0, x6, 60
core   0: 3 0x80000630 (0x03c3305b) c2060_rpc 0x80000668 current mask:	ffffffff current npc:	80000620 stack size: 0
core   0: 0x80000634 (0x0210045b) vbeq    v1, v0, pc + 40
core   0: 3 0x80000634 (0x0210045b) c8_vstart 0x00000000 e32 m1 l32 current mask:	ffffffff current npc:	80000638 stack size: 0
core   0: 0x80000638 (0x0040006f) j       pc + 0x4
core   0: 3 0x80000638 (0x0040006f)
core   0: 0x8000063c (0x5e004157) vmv.v.x v2, x0
core   0: 3 0x8000063c (0x5e004157) c8_vstart 0x00000000 e32 m1 l32 v2  ffffffff 0x00000000 00000000 00000000 00000000 00000000 00000000 00000000 00000000 00000000 00000000 00000000 00000000 00000000 00000000 00000000 00000000 00000000 00000000 00000000 00000000 00000000 00000000 00000000 00000000 00000000 00000000 00000000 00000000 00000000 00000000 00000000 00000000 
core   0: 0x80000640 (0x5e004057) vmv.v.x v0, x0
core   0: 3 0x80000640 (0x5e004057) c8_vstart 0x00000000 e32 m1 l32 v0  ffffffff 0x00000000 00000000 00000000 00000000 00000000 00000000 00000000 00000000 00000000 00000000 00000000 00000000 00000000 00000000 00000000 00000000 00000000 00000000 00000000 00000000 00000000 00000000 00000000 00000000 00000000 00000000 00000000 00000000 00000000 00000000 00000000 00000000 
core   0: 0x80000644 (0x00000317) auipc   x6, 0x0
core   0: 3 0x80000644 (0x00000317) x6  0x80000644
core   0: 0x80000648 (0x0243305b) setrpc  x0, x6, 36
core   0: 3 0x80000648 (0x0243305b) c2060_rpc 0x80000668 current mask:	ffffffff current npc:	80000638 stack size: 0
core   0: 0x8000064c (0x00111e5b) vbne    v1, v2, pc + 28
core   0: 3 0x8000064c (0x00111e5b) c8_vstart 0x00000000 e32 m1 l32 current mask:	ffffffff current npc:	80000650 stack size: 0
core   0: 0x80000650 (0x0040006f) j       pc + 0x4
core   0: 3 0x80000650 (0x0040006f)
core   0: 0x80000654 (0x138000ef) jal     pc + 0x138
core   0: 3 0x80000654 (0x138000ef) x1  0x80000658
core   0: 0x8000078c (0x00410113) addi    x2, x2, 4
core   0: 3 0x8000078c (0x00410113) x2  0x70000020
core   0: 0x80000790 (0xfe112e23) sw      x1, -4(x2)
core   0: 3 0x80000790 (0xfe112e23) mem 0x7000001c 0x80000658
core   0: 0x80000794 (0x80302573) csrr    x10, knl
core   0: 3 0x80000794 (0x80302573) x10 0x90195000
core   0: 0x80000798 (0x00852283) lw      x5, 8(x10)
core   0: 3 0x80000798 (0x00852283) x5  0x00000001 mem 0x90195008
core   0: 0x8000079c (0x80002373) csrr    x6, tid
core   0: 3 0x8000079c (0x80002373) x6  0x00000000
core   0: 0x800007a0 (0x5208a157) vid.v   v2
core   0: 3 0x800007a0 (0x5208a157) c8_vstart 0x00000000 e32 m1 l32 v2  ffffffff 0x0000001f 0000001e 0000001d 0000001c 0000001b 0000001a 00000019 00000018 00000017 00000016 00000015 00000014 00000013 00000012 00000011 00000010 0000000f 0000000e 0000000d 0000000c 0000000b 0000000a 00000009 00000008 00000007 00000006 00000005 00000004 00000003 00000002 00000001 00000000 
core   0: 0x800007a4 (0x02234057) vadd.vx v0, v2, x6
core   0: 3 0x800007a4 (0x02234057) c8_vstart 0x00000000 e32 m1 l32 v0  ffffffff 0x0000001f 0000001e 0000001d 0000001c 0000001b 0000001a 00000019 00000018 00000017 00000016 00000015 00000014 00000013 00000012 00000011 00000010 0000000f 0000000e 0000000d 0000000c 0000000b 0000000a 00000009 00000008 00000007 00000006 00000005 00000004 00000003 00000002 00000001 00000000 
core   0: 0x800007a8 (0x01852e03) lw      x28, 24(x10)
core   0: 3 0x800007a8 (0x01852e03) x28 0x00000020 mem 0x90195018
core   0: 0x800007ac (0x8a0e6057) vremu.vx v0, v0, x28
core   0: 3 0x800007ac (0x8a0e6057) c8_vstart 0x00000000 e32 m1 l32 v0  ffffffff 0x0000001f 0000001e 0000001d 0000001c 0000001b 0000001a 00000019 00000018 00000017 00000016 00000015 00000014 00000013 00000012 00000011 00000010 0000000f 0000000e 0000000d 0000000c 0000000b 0000000a 00000009 00000008 00000007 00000006 00000005 00000004 00000003 00000002 00000001 00000000 
core   0: 0x800007b0 (0xffc12083) lw      x1, -4(x2)
core   0: 3 0x800007b0 (0xffc12083) x1  0x80000658 mem 0x7000001c
core   0: 0x800007b4 (0xffc10113) addi    x2, x2, -4
core   0: 3 0x800007b4 (0xffc10113) x2  0x7000001c
core   0: 0x800007b8 (0x00008067) ret
core   0: 3 0x800007b8 (0x00008067)
core   0: 0x80000658 (0x0100006f) j       pc + 0x10
core   0: 3 0x80000658 (0x0100006f)
core   0: 0x80000668 (0x0000205b) join    v0, v0, pc + 0
core   0: 3 0x80000668 (0x0000205b) current mask:	ffffffff current npc:	80000650 stack size: 0
core   0: 0x8000066c (0xffc12083) lw      x1, -4(x2)
core   0: 3 0x8000066c (0xffc12083) x1  0x800004b8 mem 0x70000018
core   0: 0x80000670 (0xffc10113) addi    x2, x2, -4
core   0: 3 0x80000670 (0xffc10113) x2  0x70000018
core   0: 0x80000674 (0x00008067) ret
core   0: 3 0x80000674 (0x00008067)
core   0: 0x800004b8 (0x0080200b) regext  x0, x0,  0 0 1 0 
core   0: 3 0x800004b8 (0x0080200b)
core   0: 0x800004bc (0x7fc0212b) vlw.v   v2, x0, -4
core   0: 3 0x800004bc (0x7fc0212b) e32 m1 l32 v2  ffffffff 0x00000002 00000002 00000002 00000002 00000002 00000002 00000002 00000002 00000002 00000002 00000002 00000002 00000002 00000002 00000002 00000002 00000002 00000002 00000002 00000002 00000002 00000002 00000002 00000002 00000002 00000002 00000002 00000002 00000002 00000002 00000002 00000002  c8_vstart 0x00000000 mem 0x90015000 mem 0x90015004 mem 0x90015008 mem 0x9001500c mem 0x90015010 mem 0x90015014 mem 0x90015018 mem 0x9001501c mem 0x90015020 mem 0x90015024 mem 0x90015028 mem 0x9001502c mem 0x90015030 mem 0x90015034 mem 0x90015038 mem 0x9001503c mem 0x90015040 mem 0x90015044 mem 0x90015048 mem 0x9001504c mem 0x90015050 mem 0x90015054 mem 0x90015058 mem 0x9001505c mem 0x90015060 mem 0x90015064 mem 0x90015068 mem 0x9001506c mem 0x90015070 mem 0x90015074 mem 0x90015078 mem 0x9001507c
core   0: 0x800004c0 (0xffc12283) lw      x5, -4(x2)
core   0: 3 0x800004c0 (0xffc12283) x5  0x0000000c mem 0x70000014
core   0: 0x800004c4 (0x5e02c0d7) vmv.v.x v1, x5
core   0: 3 0x800004c4 (0x5e02c0d7) c8_vstart 0x00000000 e32 m1 l32 v1  ffffffff 0x0000000c 0000000c 0000000c 0000000c 0000000c 0000000c 0000000c 0000000c 0000000c 0000000c 0000000c 0000000c 0000000c 0000000c 0000000c 0000000c 0000000c 0000000c 0000000c 0000000c 0000000c 0000000c 0000000c 0000000c 0000000c 0000000c 0000000c 0000000c 0000000c 0000000c 0000000c 0000000c 
core   0: 0x800004c8 (0x00000317) auipc   x6, 0x0
core   0: 3 0x800004c8 (0x00000317) x6  0x800004c8
core   0: 0x800004cc (0x11c3305b) setrpc  x0, x6, 284
core   0: 3 0x800004cc (0x11c3305b) c2060_rpc 0x800005e4 current mask:	ffffffff current npc:	80000650 stack size: 0
core   0: 0x800004d0 (0x1020da5b) vbge    v2, v1, pc + 276
core   0: 3 0x800004d0 (0x1020da5b) c8_vstart 0x00000000 e32 m1 l32 current mask:	ffffffff current npc:	800004d4 stack size: 0
core   0: 0x800004d4 (0x0040006f) j       pc + 0x4
core   0: 3 0x800004d4 (0x0040006f)
core   0: 0x800004d8 (0xff012283) lw      x5, -16(x2)
core   0: 3 0x800004d8 (0xff012283) x5  0x00000000 mem 0x70000008
core   0: 0x800004dc (0x0222c4d7) vadd.vx v9, v2, x5
core   0: 3 0x800004dc (0x0222c4d7) c8_vstart 0x00000000 e32 m1 l32 v9  ffffffff 0x00000002 00000002 00000002 00000002 00000002 00000002 00000002 00000002 00000002 00000002 00000002 00000002 00000002 00000002 00000002 00000002 00000002 00000002 00000002 00000002 00000002 00000002 00000002 00000002 00000002 00000002 00000002 00000002 00000002 00000002 00000002 00000002 
core   0: 0x800004e0 (0x5e0040d7) vmv.v.x v1, x0
core   0: 3 0x800004e0 (0x5e0040d7) c8_vstart 0x00000000 e32 m1 l32 v1  ffffffff 0x00000000 00000000 00000000 00000000 00000000 00000000 00000000 00000000 00000000 00000000 00000000 00000000 00000000 00000000 00000000 00000000 00000000 00000000 00000000 00000000 00000000 00000000 00000000 00000000 00000000 00000000 00000000 00000000 00000000 00000000 00000000 00000000 
core   0: 0x800004e4 (0xff412283) lw      x5, -12(x2)
core   0: 3 0x800004e4 (0xff412283) x5  0x00000001 mem 0x7000000c
core   0: 0x800004e8 (0x02504263) blt     x0, x5, pc + 36
core   0: 3 0x800004e8 (0x02504263)
core   0: 0x8000050c (0x9692e0d7) vmul.vx v1, v9, x5
core   0: 3 0x8000050c (0x9692e0d7) c8_vstart 0x00000000 e32 m1 l32 v1  ffffffff 0x00000002 00000002 00000002 00000002 00000002 00000002 00000002 00000002 00000002 00000002 00000002 00000002 00000002 00000002 00000002 00000002 00000002 00000002 00000002 00000002 00000002 00000002 00000002 00000002 00000002 00000002 00000002 00000002 00000002 00000002 00000002 00000002 
core   0: 0x80000510 (0x961530d7) vsll.vi v1, v1, 10
core   0: 3 0x80000510 (0x961530d7) c8_vstart 0x00000000 e32 m1 l32 v1  ffffffff 0x00000800 00000800 00000800 00000800 00000800 00000800 00000800 00000800 00000800 00000800 00000800 00000800 00000800 00000800 00000800 00000800 00000800 00000800 00000800 00000800 00000800 00000800 00000800 00000800 00000800 00000800 00000800 00000800 00000800 00000800 00000800 00000800 
core   0: 0x80000514 (0x9602b157) vsll.vi v2, v0, 5
core   0: 3 0x80000514 (0x9602b157) c8_vstart 0x00000000 e32 m1 l32 v2  ffffffff 0x000003e0 000003c0 000003a0 00000380 00000360 00000340 00000320 00000300 000002e0 000002c0 000002a0 00000280 00000260 00000240 00000220 00000200 000001e0 000001c0 000001a0 00000180 00000160 00000140 00000120 00000100 000000e0 000000c0 000000a0 00000080 00000060 00000040 00000020 00000000 
core   0: 0x80000518 (0x021100d7) vadd.vv v1, v1, v2
core   0: 3 0x80000518 (0x021100d7) c8_vstart 0x00000000 e32 m1 l32 v1  ffffffff 0x00000be0 00000bc0 00000ba0 00000b80 00000b60 00000b40 00000b20 00000b00 00000ae0 00000ac0 00000aa0 00000a80 00000a60 00000a40 00000a20 00000a00 000009e0 000009c0 000009a0 00000980 00000960 00000940 00000920 00000900 000008e0 000008c0 000008a0 00000880 00000860 00000840 00000820 00000800 
core   0: 0x8000051c (0xfec12303) lw      x6, -20(x2)
core   0: 3 0x8000051c (0xfec12303) x6  0x9000e000 mem 0x70000004
core   0: 0x80000520 (0x02134557) vadd.vx v10, v1, x6
core   0: 3 0x80000520 (0x02134557) c8_vstart 0x00000000 e32 m1 l32 v10 ffffffff 0x9000ebe0 9000ebc0 9000eba0 9000eb80 9000eb60 9000eb40 9000eb20 9000eb00 9000eae0 9000eac0 9000eaa0 9000ea80 9000ea60 9000ea40 9000ea20 9000ea00 9000e9e0 9000e9c0 9000e9a0 9000e980 9000e960 9000e940 9000e920 9000e900 9000e8e0 9000e8c0 9000e8a0 9000e880 9000e860 9000e840 9000e820 9000e800 
core   0: 0x80000524 (0x5e0040d7) vmv.v.x v1, x0
core   0: 3 0x80000524 (0x5e0040d7) c8_vstart 0x00000000 e32 m1 l32 v1  ffffffff 0x00000000 00000000 00000000 00000000 00000000 00000000 00000000 00000000 00000000 00000000 00000000 00000000 00000000 00000000 00000000 00000000 00000000 00000000 00000000 00000000 00000000 00000000 00000000 00000000 00000000 00000000 00000000 00000000 00000000 00000000 00000000 00000000 
core   0: 0x80000528 (0x02104157) vadd.vx v2, v1, x0
core   0: 3 0x80000528 (0x02104157) c8_vstart 0x00000000 e32 m1 l32 v2  ffffffff 0x00000000 00000000 00000000 00000000 00000000 00000000 00000000 00000000 00000000 00000000 00000000 00000000 00000000 00000000 00000000 00000000 00000000 00000000 00000000 00000000 00000000 00000000 00000000 00000000 00000000 00000000 00000000 00000000 00000000 00000000 00000000 00000000 
core   0: 0x8000052c (0x021041d7) vadd.vx v3, v1, x0
core   0: 3 0x8000052c (0x021041d7) c8_vstart 0x00000000 e32 m1 l32 v3  ffffffff 0x00000000 00000000 00000000 00000000 00000000 00000000 00000000 00000000 00000000 00000000 00000000 00000000 00000000 00000000 00000000 00000000 00000000 00000000 00000000 00000000 00000000 00000000 00000000 00000000 00000000 00000000 00000000 00000000 00000000 00000000 00000000 00000000 
core   0: 0x80000530 (0x02104257) vadd.vx v4, v1, x0
core   0: 3 0x80000530 (0x02104257) c8_vstart 0x00000000 e32 m1 l32 v4  ffffffff 0x00000000 00000000 00000000 00000000 00000000 00000000 00000000 00000000 00000000 00000000 00000000 00000000 00000000 00000000 00000000 00000000 00000000 00000000 00000000 00000000 00000000 00000000 00000000 00000000 00000000 00000000 00000000 00000000 00000000 00000000 00000000 00000000 
core   0: 0x80000534 (0x021042d7) vadd.vx v5, v1, x0
core   0: 3 0x80000534 (0x021042d7) c8_vstart 0x00000000 e32 m1 l32 v5  ffffffff 0x00000000 00000000 00000000 00000000 00000000 00000000 00000000 00000000 00000000 00000000 00000000 00000000 00000000 00000000 00000000 00000000 00000000 00000000 00000000 00000000 00000000 00000000 00000000 00000000 00000000 00000000 00000000 00000000 00000000 00000000 00000000 00000000 
core   0: 0x80000538 (0x02104357) vadd.vx v6, v1, x0
core   0: 3 0x80000538 (0x02104357) c8_vstart 0x00000000 e32 m1 l32 v6  ffffffff 0x00000000 00000000 00000000 00000000 00000000 00000000 00000000 00000000 00000000 00000000 00000000 00000000 00000000 00000000 00000000 00000000 00000000 00000000 00000000 00000000 00000000 00000000 00000000 00000000 00000000 00000000 00000000 00000000 00000000 00000000 00000000 00000000 
core   0: 0x8000053c (0x021043d7) vadd.vx v7, v1, x0
core   0: 3 0x8000053c (0x021043d7) c8_vstart 0x00000000 e32 m1 l32 v7  ffffffff 0x00000000 00000000 00000000 00000000 00000000 00000000 00000000 00000000 00000000 00000000 00000000 00000000 00000000 00000000 00000000 00000000 00000000 00000000 00000000 00000000 00000000 00000000 00000000 00000000 00000000 00000000 00000000 00000000 00000000 00000000 00000000 00000000 
core   0: 0x80000540 (0x02104457) vadd.vx v8, v1, x0
core   0: 3 0x80000540 (0x02104457) c8_vstart 0x00000000 e32 m1 l32 v8  ffffffff 0x00000000 00000000 00000000 00000000 00000000 00000000 00000000 00000000 00000000 00000000 00000000 00000000 00000000 00000000 00000000 00000000 00000000 00000000 00000000 00000000 00000000 00000000 00000000 00000000 00000000 00000000 00000000 00000000 00000000 00000000 00000000 00000000 
core   0: 0x80000544 (0x5e02c5d7) vmv.v.x v11, x5
core   0: 3 0x80000544 (0x5e02c5d7) c8_vstart 0x00000000 e32 m1 l32 v11 ffffffff 0x00000001 00000001 00000001 00000001 00000001 00000001 00000001 00000001 00000001 00000001 00000001 00000001 00000001 00000001 00000001 00000001 00000001 00000001 00000001 00000001 00000001 00000001 00000001 00000001 00000001 00000001 00000001 00000001 00000001 00000001 00000001 00000001 
core   0: 0x80000548 (0x5e004a57) vmv.v.x v20, x0
core   0: 3 0x80000548 (0x5e004a57) c8_vstart 0x00000000 e32 m1 l32 v20 ffffffff 0x00000000 00000000 00000000 00000000 00000000 00000000 00000000 00000000 00000000 00000000 00000000 00000000 00000000 00000000 00000000 00000000 00000000 00000000 00000000 00000000 00000000 00000000 00000000 00000000 00000000 00000000 00000000 00000000 00000000 00000000 00000000 00000000 
core   0: 0x8000054c (0x0400006f) j       pc + 0x40
core   0: 3 0x8000054c (0x0400006f)
core   0: 0x8000058c (0x01c529fb) vlw12.v v19, v10, 28
core   0: 3 0x8000058c (0x01c529fb) e32 m1 l32 v19 ffffffff 0x00000000 00000000 00000000 00000000 00000000 00000000 00000000 00000000 00000000 00000000 00000000 00000000 00000000 00000000 00000000 00000000 00000000 00000000 00000000 00000000 00000000 00000000 00000000 00000000 00000000 00000000 00000000 00000000 00000000 00000000 00000000 00000000  c8_vstart 0x00000000 mem 0x9000e81c mem 0x9000e83c mem 0x9000e85c mem 0x9000e87c mem 0x9000e89c mem 0x9000e8bc mem 0x9000e8dc mem 0x9000e8fc mem 0x9000e91c mem 0x9000e93c mem 0x9000e95c mem 0x9000e97c mem 0x9000e99c mem 0x9000e9bc mem 0x9000e9dc mem 0x9000e9fc mem 0x9000ea1c mem 0x9000ea3c mem 0x9000ea5c mem 0x9000ea7c mem 0x9000ea9c mem 0x9000eabc mem 0x9000eadc mem 0x9000eafc mem 0x9000eb1c mem 0x9000eb3c mem 0x9000eb5c mem 0x9000eb7c mem 0x9000eb9c mem 0x9000ebbc mem 0x9000ebdc mem 0x9000ebfc
core   0: 0x80000590 (0x0185297b) vlw12.v v18, v10, 24
core   0: 3 0x80000590 (0x0185297b) e32 m1 l32 v18 ffffffff 0x00000000 00000000 00000000 00000000 00000000 00000000 00000000 00000000 00000000 00000000 00000000 00000000 00000000 00000000 00000000 00000000 00000000 00000000 00000000 00000000 00000000 00000000 00000000 00000000 00000000 00000000 00000000 00000000 00000000 00000000 00000000 00000000  c8_vstart 0x00000000 mem 0x9000e818 mem 0x9000e838 mem 0x9000e858 mem 0x9000e878 mem 0x9000e898 mem 0x9000e8b8 mem 0x9000e8d8 mem 0x9000e8f8 mem 0x9000e918 mem 0x9000e938 mem 0x9000e958 mem 0x9000e978 mem 0x9000e998 mem 0x9000e9b8 mem 0x9000e9d8 mem 0x9000e9f8 mem 0x9000ea18 mem 0x9000ea38 mem 0x9000ea58 mem 0x9000ea78 mem 0x9000ea98 mem 0x9000eab8 mem 0x9000ead8 mem 0x9000eaf8 mem 0x9000eb18 mem 0x9000eb38 mem 0x9000eb58 mem 0x9000eb78 mem 0x9000eb98 mem 0x9000ebb8 mem 0x9000ebd8 mem 0x9000ebf8
core   0: 0x80000594 (0x014528fb) vlw12.v v17, v10, 20
core   0: 3 0x80000594 (0x014528fb) e32 m1 l32 v17 ffffffff 0x00000000 00000000 00000000 00000000 00000000 00000000 00000000 00000000 00000000 00000000 00000000 00000000 00000000 00000000 00000000 00000000 00000000 00000000 00000000 00000000 00000000 00000000 00000000 00000000 00000000 00000000 00000000 00000000 00000000 00000000 00000000 00000000  c8_vstart 0x00000000 mem 0x9000e814 mem 0x9000e834 mem 0x9000e854 mem 0x9000e874 mem 0x9000e894 mem 0x9000e8b4 mem 0x9000e8d4 mem 0x9000e8f4 mem 0x9000e914 mem 0x9000e934 mem 0x9000e954 mem 0x9000e974 mem 0x9000e994 mem 0x9000e9b4 mem 0x9000e9d4 mem 0x9000e9f4 mem 0x9000ea14 mem 0x9000ea34 mem 0x9000ea54 mem 0x9000ea74 mem 0x9000ea94 mem 0x9000eab4 mem 0x9000ead4 mem 0x9000eaf4 mem 0x9000eb14 mem 0x9000eb34 mem 0x9000eb54 mem 0x9000eb74 mem 0x9000eb94 mem 0x9000ebb4 mem 0x9000ebd4 mem 0x9000ebf4
core   0: 0x80000598 (0x0105287b) vlw12.v v16, v10, 16
core   0: 3 0x80000598 (0x0105287b) e32 m1 l32 v16 ffffffff 0x00000000 00000000 00000000 00000000 00000000 00000000 00000000 00000000 00000000 00000000 00000000 00000000 00000000 00000000 00000000 00000000 00000000 00000000 00000000 00000000 00000000 00000000 00000000 00000000 00000000 00000000 00000000 00000000 00000000 00000000 00000000 00000000  c8_vstart 0x00000000 mem 0x9000e810 mem 0x9000e830 mem 0x9000e850 mem 0x9000e870 mem 0x9000e890 mem 0x9000e8b0 mem 0x9000e8d0 mem 0x9000e8f0 mem 0x9000e910 mem 0x9000e930 mem 0x9000e950 mem 0x9000e970 mem 0x9000e990 mem 0x9000e9b0 mem 0x9000e9d0 mem 0x9000e9f0 mem 0x9000ea10 mem 0x9000ea30 mem 0x9000ea50 mem 0x9000ea70 mem 0x9000ea90 mem 0x9000eab0 mem 0x9000ead0 mem 0x9000eaf0 mem 0x9000eb10 mem 0x9000eb30 mem 0x9000eb50 mem 0x9000eb70 mem 0x9000eb90 mem 0x9000ebb0 mem 0x9000ebd0 mem 0x9000ebf0
core   0: 0x8000059c (0x00c527fb) vlw12.v v15, v10, 12
core   0: 3 0x8000059c (0x00c527fb) e32 m1 l32 v15 ffffffff 0xbd44544f 3d736408 bd81a382 bd4dbefc 3da0cc8f 3e70de77 3dc7b507 3b9243da 3d7fa134 be24652d be97b357 3dbd1b40 3ca9e6aa be18e16e 3e8bc1b9 bdd5173b bc9cf1f1 3e28d90a 3d0bc2b5 bccb0f0b bcac4672 3d69e3bb be59e24d be6289f8 3d8171fa bcf2482a 3c66b5a5 3e33058f bc52c0fe bc17dbb8 3e230128 3d0a8c7f  c8_vstart 0x00000000 mem 0x9000e80c mem 0x9000e82c mem 0x9000e84c mem 0x9000e86c mem 0x9000e88c mem 0x9000e8ac mem 0x9000e8cc mem 0x9000e8ec mem 0x9000e90c mem 0x9000e92c mem 0x9000e94c mem 0x9000e96c mem 0x9000e98c mem 0x9000e9ac mem 0x9000e9cc mem 0x9000e9ec mem 0x9000ea0c mem 0x9000ea2c mem 0x9000ea4c mem 0x9000ea6c mem 0x9000ea8c mem 0x9000eaac mem 0x9000eacc mem 0x9000eaec mem 0x9000eb0c mem 0x9000eb2c mem 0x9000eb4c mem 0x9000eb6c mem 0x9000eb8c mem 0x9000ebac mem 0x9000ebcc mem 0x9000ebec
core   0: 0x800005a0 (0x0085277b) vlw12.v v14, v10, 8
core   0: 3 0x800005a0 (0x0085277b) e32 m1 l32 v14 ffffffff 0xbd4eceee 3d7f7d20 3e2f389f 3dc062b3 bcbf281a 3d947f0e be09c20f 3e02aec9 3e8308de 3d029fe4 3e74a99c bd3106d1 3da07059 3e6c3d72 be8121e1 3e3eb7f9 be311706 3dd151cb bc88922a 3d4e2988 3db7bea5 3dea02b7 3e179d3c 3e35e542 3e022e17 3d1f12ef be77525a bd246898 3dc7578b bd8ab6fd 3e3d1bf7 bcbdac97  c8_vstart 0x00000000 mem 0x9000e808 mem 0x9000e828 mem 0x9000e848 mem 0x9000e868 mem 0x9000e888 mem 0x9000e8a8 mem 0x9000e8c8 mem 0x9000e8e8 mem 0x9000e908 mem 0x9000e928 mem 0x9000e948 mem 0x9000e968 mem 0x9000e988 mem 0x9000e9a8 mem 0x9000e9c8 mem 0x9000e9e8 mem 0x9000ea08 mem 0x9000ea28 mem 0x9000ea48 mem 0x9000ea68 mem 0x9000ea88 mem 0x9000eaa8 mem 0x9000eac8 mem 0x9000eae8 mem 0x9000eb08 mem 0x9000eb28 mem 0x9000eb48 mem 0x9000eb68 mem 0x9000eb88 mem 0x9000eba8 mem 0x9000ebc8 mem 0x9000ebe8
core   0: 0x800005a4 (0x004526fb) vlw12.v v13, v10, 4
core   0: 3 0x800005a4 (0x004526fb) e32 m1 l32 v13 ffffffff 0xbdc1ab1e bd73463c 3de03d7d bd6e0a3d bbed6c58 3d909eff 3c398a8c bdf1e245 be55ebc1 3e223ee1 3d1ebc7a 3dfe549b beada12c 3e3c35e0 bd4896f9 bdb810cb bb8aaa46 3e09bc57 be6a8f76 3eb02529 bcc22d04 3d8075cb bdb1e621 bc860aec 3d873b50 3d23bc5a 3b733320 be02edce 3d2c2bbe 3d5760b6 bcaf4a5d bd238e66  c8_vstart 0x00000000 mem 0x9000e804 mem 0x9000e824 mem 0x9000e844 mem 0x9000e864 mem 0x9000e884 mem 0x9000e8a4 mem 0x9000e8c4 mem 0x9000e8e4 mem 0x9000e904 mem 0x9000e924 mem 0x9000e944 mem 0x9000e964 mem 0x9000e984 mem 0x9000e9a4 mem 0x9000e9c4 mem 0x9000e9e4 mem 0x9000ea04 mem 0x9000ea24 mem 0x9000ea44 mem 0x9000ea64 mem 0x9000ea84 mem 0x9000eaa4 mem 0x9000eac4 mem 0x9000eae4 mem 0x9000eb04 mem 0x9000eb24 mem 0x9000eb44 mem 0x9000eb64 mem 0x9000eb84 mem 0x9000eba4 mem 0x9000ebc4 mem 0x9000ebe4
core   0: 0x800005a8 (0x0005267b) vlw12.v v12, v10, 0
core   0: 3 0x800005a8 (0x0005267b) e32 m1 l32 v12 ffffffff 0x3d48b047 bd1ac104 be5ae93e be12b3e9 bc7a515c 3dbce7ab be007c7d bdde474f be88aed8 3dade382 be260a95 3c4d1ba4 bd25be62 be333641 bdff0b63 be0fee8d 3da64f14 3e0837b4 3dc037cb bd612a94 bda3fa81 bce1144b be51f5fb bdae0c44 bde3123f 3d809410 3e385dee bcb42a4a bd32164a bdd11219 bd9427ae 3d45e2c2  c8_vstart 0x00000000 mem 0x9000e800 mem 0x9000e820 mem 0x9000e840 mem 0x9000e860 mem 0x9000e880 mem 0x9000e8a0 mem 0x9000e8c0 mem 0x9000e8e0 mem 0x9000e900 mem 0x9000e920 mem 0x9000e940 mem 0x9000e960 mem 0x9000e980 mem 0x9000e9a0 mem 0x9000e9c0 mem 0x9000e9e0 mem 0x9000ea00 mem 0x9000ea20 mem 0x9000ea40 mem 0x9000ea60 mem 0x9000ea80 mem 0x9000eaa0 mem 0x9000eac0 mem 0x9000eae0 mem 0x9000eb00 mem 0x9000eb20 mem 0x9000eb40 mem 0x9000eb60 mem 0x9000eb80 mem 0x9000eba0 mem 0x9000ebc0 mem 0x9000ebe0
core   0: 0x800005ac (0x02899457) vfadd.vv v8, v8, v19
core   0: 3 0x800005ac (0x02899457) c8_vstart 0x00000000 e32 m1 l32 v8  ffffffff 0x00000000 00000000 00000000 00000000 00000000 00000000 00000000 00000000 00000000 00000000 00000000 00000000 00000000 00000000 00000000 00000000 00000000 00000000 00000000 00000000 00000000 00000000 00000000 00000000 00000000 00000000 00000000 00000000 00000000 00000000 00000000 00000000 
core   0: 0x800005b0 (0x027913d7) vfadd.vv v7, v7, v18
core   0: 3 0x800005b0 (0x027913d7) c8_vstart 0x00000000 e32 m1 l32 v7  ffffffff 0x00000000 00000000 00000000 00000000 00000000 00000000 00000000 00000000 00000000 00000000 00000000 00000000 00000000 00000000 00000000 00000000 00000000 00000000 00000000 00000000 00000000 00000000 00000000 00000000 00000000 00000000 00000000 00000000 00000000 00000000 00000000 00000000 
core   0: 0x800005b4 (0x02689357) vfadd.vv v6, v6, v17
core   0: 3 0x800005b4 (0x02689357) c8_vstart 0x00000000 e32 m1 l32 v6  ffffffff 0x00000000 00000000 00000000 00000000 00000000 00000000 00000000 00000000 00000000 00000000 00000000 00000000 00000000 00000000 00000000 00000000 00000000 00000000 00000000 00000000 00000000 00000000 00000000 00000000 00000000 00000000 00000000 00000000 00000000 00000000 00000000 00000000 
core   0: 0x800005b8 (0x025812d7) vfadd.vv v5, v5, v16
core   0: 3 0x800005b8 (0x025812d7) c8_vstart 0x00000000 e32 m1 l32 v5  ffffffff 0x00000000 00000000 00000000 00000000 00000000 00000000 00000000 00000000 00000000 00000000 00000000 00000000 00000000 00000000 00000000 00000000 00000000 00000000 00000000 00000000 00000000 00000000 00000000 00000000 00000000 00000000 00000000 00000000 00000000 00000000 00000000 00000000 
core   0: 0x800005bc (0x02479257) vfadd.vv v4, v4, v15
core   0: 3 0x800005bc (0x02479257) c8_vstart 0x00000000 e32 m1 l32 v4  ffffffff 0xbd44544f 3d736408 bd81a382 bd4dbefc 3da0cc8f 3e70de77 3dc7b507 3b9243da 3d7fa134 be24652d be97b357 3dbd1b40 3ca9e6aa be18e16e 3e8bc1b9 bdd5173b bc9cf1f1 3e28d90a 3d0bc2b5 bccb0f0b bcac4672 3d69e3bb be59e24d be6289f8 3d8171fa bcf2482a 3c66b5a5 3e33058f bc52c0fe bc17dbb8 3e230128 3d0a8c7f 
core   0: 0x800005c0 (0x023711d7) vfadd.vv v3, v3, v14
core   0: 3 0x800005c0 (0x023711d7) c8_vstart 0x00000000 e32 m1 l32 v3  ffffffff 0xbd4eceee 3d7f7d20 3e2f389f 3dc062b3 bcbf281a 3d947f0e be09c20f 3e02aec9 3e8308de 3d029fe4 3e74a99c bd3106d1 3da07059 3e6c3d72 be8121e1 3e3eb7f9 be311706 3dd151cb bc88922a 3d4e2988 3db7bea5 3dea02b7 3e179d3c 3e35e542 3e022e17 3d1f12ef be77525a bd246898 3dc7578b bd8ab6fd 3e3d1bf7 bcbdac97 
core   0: 0x800005c4 (0x02269157) vfadd.vv v2, v2, v13
core   0: 3 0x800005c4 (0x02269157) c8_vstart 0x00000000 e32 m1 l32 v2  ffffffff 0xbdc1ab1e bd73463c 3de03d7d bd6e0a3d bbed6c58 3d909eff 3c398a8c bdf1e245 be55ebc1 3e223ee1 3d1ebc7a 3dfe549b beada12c 3e3c35e0 bd4896f9 bdb810cb bb8aaa46 3e09bc57 be6a8f76 3eb02529 bcc22d04 3d8075cb bdb1e621 bc860aec 3d873b50 3d23bc5a 3b733320 be02edce 3d2c2bbe 3d5760b6 bcaf4a5d bd238e66 
core   0: 0x800005c8 (0x021610d7) vfadd.vv v1, v1, v12
core   0: 3 0x800005c8 (0x021610d7) c8_vstart 0x00000000 e32 m1 l32 v1  ffffffff 0x3d48b047 bd1ac104 be5ae93e be12b3e9 bc7a515c 3dbce7ab be007c7d bdde474f be88aed8 3dade382 be260a95 3c4d1ba4 bd25be62 be333641 bdff0b63 be0fee8d 3da64f14 3e0837b4 3dc037cb bd612a94 bda3fa81 bce1144b be51f5fb bdae0c44 bde3123f 3d809410 3e385dee bcb42a4a bd32164a bdd11219 bd9427ae 3d45e2c2 
core   0: 0x800005cc (0x0015958b) vsub12.vi v11, v11, 1
core   0: 3 0x800005cc (0x0015958b) c8_vstart 0x00000000 e32 m1 l32 v11 ffffffff 0x00000000 00000000 00000000 00000000 00000000 00000000 00000000 00000000 00000000 00000000 00000000 00000000 00000000 00000000 00000000 00000000 00000000 00000000 00000000 00000000 00000000 00000000 00000000 00000000 00000000 00000000 00000000 00000000 00000000 00000000 00000000 00000000 
core   0: 0x800005d0 (0x4005050b) vadd12.vi v10, v10, 1024
core   0: 3 0x800005d0 (0x4005050b) c8_vstart 0x00000000 e32 m1 l32 v10 ffffffff 0x9000efe0 9000efc0 9000efa0 9000ef80 9000ef60 9000ef40 9000ef20 9000ef00 9000eee0 9000eec0 9000eea0 9000ee80 9000ee60 9000ee40 9000ee20 9000ee00 9000ede0 9000edc0 9000eda0 9000ed80 9000ed60 9000ed40 9000ed20 9000ed00 9000ece0 9000ecc0 9000eca0 9000ec80 9000ec60 9000ec40 9000ec20 9000ec00 
core   0: 0x800005d4 (0x00000317) auipc   x6, 0x0
core   0: 3 0x800005d4 (0x00000317) x6  0x800005d4
core   0: 0x800005d8 (0xf7c3305b) setrpc  x0, x6, -132
core   0: 3 0x800005d8 (0xf7c3305b) c2060_rpc 0x80000550 current mask:	ffffffff current npc:	800004d4 stack size: 0
core   0: 0x800005dc (0xf6ba0adb) vbeq    v11, v20, pc - 140
core   0: 3 0x800005dc (0xf6ba0adb) c8_vstart 0x00000000 e32 m1 l32 current mask:	ffffffff current npc:	80000550 stack size: 0
core   0: 0x80000550 (0x0000205b) join    v0, v0, pc + 0
core   0: 3 0x80000550 (0x0000205b) current mask:	ffffffff current npc:	80000550 stack size: 0
core   0: 0x80000554 (0x9692b4d7) vsll.vi v9, v9, 5
core   0: 3 0x80000554 (0x9692b4d7) c8_vstart 0x00000000 e32 m1 l32 v9  ffffffff 0x00000040 00000040 00000040 00000040 00000040 00000040 00000040 00000040 00000040 00000040 00000040 00000040 00000040 00000040 00000040 00000040 00000040 00000040 00000040 00000040 00000040 00000040 00000040 00000040 00000040 00000040 00000040 00000040 00000040 00000040 00000040 00000040 
core   0: 0x80000558 (0x02900057) vadd.vv v0, v9, v0
core   0: 3 0x80000558 (0x02900057) c8_vstart 0x00000000 e32 m1 l32 v0  ffffffff 0x0000005f 0000005e 0000005d 0000005c 0000005b 0000005a 00000059 00000058 00000057 00000056 00000055 00000054 00000053 00000052 00000051 00000050 0000004f 0000004e 0000004d 0000004c 0000004b 0000004a 00000049 00000048 00000047 00000046 00000045 00000044 00000043 00000042 00000041 00000040 
core   0: 0x8000055c (0x9602b057) vsll.vi v0, v0, 5
core   0: 3 0x8000055c (0x9602b057) c8_vstart 0x00000000 e32 m1 l32 v0  ffffffff 0x00000be0 00000bc0 00000ba0 00000b80 00000b60 00000b40 00000b20 00000b00 00000ae0 00000ac0 00000aa0 00000a80 00000a60 00000a40 00000a20 00000a00 000009e0 000009c0 000009a0 00000980 00000960 00000940 00000920 00000900 000008e0 000008c0 000008a0 00000880 00000860 00000840 00000820 00000800 
core   0: 0x80000560 (0xff812283) lw      x5, -8(x2)
core   0: 3 0x80000560 (0xff812283) x5  0x90011000 mem 0x70000010
core   0: 0x80000564 (0x0202c057) vadd.vx v0, v0, x5
core   0: 3 0x80000564 (0x0202c057) c8_vstart 0x00000000 e32 m1 l32 v0  ffffffff 0x90011be0 90011bc0 90011ba0 90011b80 90011b60 90011b40 90011b20 90011b00 90011ae0 90011ac0 90011aa0 90011a80 90011a60 90011a40 90011a20 90011a00 900119e0 900119c0 900119a0 90011980 90011960 90011940 90011920 90011900 900118e0 900118c0 900118a0 90011880 90011860 90011840 90011820 90011800 
core   0: 0x80000568 (0x00806e7b) vsw12.v v8, v0, 28
core   0: 3 0x80000568 (0x00806e7b) c8_vstart 0x00000000 e32 m1 l32 mem 0x9001181c 0x00000000 mem 0x9001183c 0x00000000 mem 0x9001185c 0x00000000 mem 0x9001187c 0x00000000 mem 0x9001189c 0x00000000 mem 0x900118bc 0x00000000 mem 0x900118dc 0x00000000 mem 0x900118fc 0x00000000 mem 0x9001191c 0x00000000 mem 0x9001193c 0x00000000 mem 0x9001195c 0x00000000 mem 0x9001197c 0x00000000 mem 0x9001199c 0x00000000 mem 0x900119bc 0x00000000 mem 0x900119dc 0x00000000 mem 0x900119fc 0x00000000 mem 0x90011a1c 0x00000000 mem 0x90011a3c 0x00000000 mem 0x90011a5c 0x00000000 mem 0x90011a7c 0x00000000 mem 0x90011a9c 0x00000000 mem 0x90011abc 0x00000000 mem 0x90011adc 0x00000000 mem 0x90011afc 0x00000000 mem 0x90011b1c 0x00000000 mem 0x90011b3c 0x00000000 mem 0x90011b5c 0x00000000 mem 0x90011b7c 0x00000000 mem 0x90011b9c 0x00000000 mem 0x90011bbc 0x00000000 mem 0x90011bdc 0x00000000 mem 0x90011bfc 0x00000000
core   0: 0x8000056c (0x00706c7b) vsw12.v v7, v0, 24
core   0: 3 0x8000056c (0x00706c7b) c8_vstart 0x00000000 e32 m1 l32 mem 0x90011818 0x00000000 mem 0x90011838 0x00000000 mem 0x90011858 0x00000000 mem 0x90011878 0x00000000 mem 0x90011898 0x00000000 mem 0x900118b8 0x00000000 mem 0x900118d8 0x00000000 mem 0x900118f8 0x00000000 mem 0x90011918 0x00000000 mem 0x90011938 0x00000000 mem 0x90011958 0x00000000 mem 0x90011978 0x00000000 mem 0x90011998 0x00000000 mem 0x900119b8 0x00000000 mem 0x900119d8 0x00000000 mem 0x900119f8 0x00000000 mem 0x90011a18 0x00000000 mem 0x90011a38 0x00000000 mem 0x90011a58 0x00000000 mem 0x90011a78 0x00000000 mem 0x90011a98 0x00000000 mem 0x90011ab8 0x00000000 mem 0x90011ad8 0x00000000 mem 0x90011af8 0x00000000 mem 0x90011b18 0x00000000 mem 0x90011b38 0x00000000 mem 0x90011b58 0x00000000 mem 0x90011b78 0x00000000 mem 0x90011b98 0x00000000 mem 0x90011bb8 0x00000000 mem 0x90011bd8 0x00000000 mem 0x90011bf8 0x00000000
core   0: 0x80000570 (0x00606a7b) vsw12.v v6, v0, 20
core   0: 3 0x80000570 (0x00606a7b) c8_vstart 0x00000000 e32 m1 l32 mem 0x90011814 0x00000000 mem 0x90011834 0x00000000 mem 0x90011854 0x00000000 mem 0x90011874 0x00000000 mem 0x90011894 0x00000000 mem 0x900118b4 0x00000000 mem 0x900118d4 0x00000000 mem 0x900118f4 0x00000000 mem 0x90011914 0x00000000 mem 0x90011934 0x00000000 mem 0x90011954 0x00000000 mem 0x90011974 0x00000000 mem 0x90011994 0x00000000 mem 0x900119b4 0x00000000 mem 0x900119d4 0x00000000 mem 0x900119f4 0x00000000 mem 0x90011a14 0x00000000 mem 0x90011a34 0x00000000 mem 0x90011a54 0x00000000 mem 0x90011a74 0x00000000 mem 0x90011a94 0x00000000 mem 0x90011ab4 0x00000000 mem 0x90011ad4 0x00000000 mem 0x90011af4 0x00000000 mem 0x90011b14 0x00000000 mem 0x90011b34 0x00000000 mem 0x90011b54 0x00000000 mem 0x90011b74 0x00000000 mem 0x90011b94 0x00000000 mem 0x90011bb4 0x00000000 mem 0x90011bd4 0x00000000 mem 0x90011bf4 0x00000000
core   0: 0x80000574 (0x0050687b) vsw12.v v5, v0, 16
core   0: 3 0x80000574 (0x0050687b) c8_vstart 0x00000000 e32 m1 l32 mem 0x90011810 0x00000000 mem 0x90011830 0x00000000 mem 0x90011850 0x00000000 mem 0x90011870 0x00000000 mem 0x90011890 0x00000000 mem 0x900118b0 0x00000000 mem 0x900118d0 0x00000000 mem 0x900118f0 0x00000000 mem 0x90011910 0x00000000 mem 0x90011930 0x00000000 mem 0x90011950 0x00000000 mem 0x90011970 0x00000000 mem 0x90011990 0x00000000 mem 0x900119b0 0x00000000 mem 0x900119d0 0x00000000 mem 0x900119f0 0x00000000 mem 0x90011a10 0x00000000 mem 0x90011a30 0x00000000 mem 0x90011a50 0x00000000 mem 0x90011a70 0x00000000 mem 0x90011a90 0x00000000 mem 0x90011ab0 0x00000000 mem 0x90011ad0 0x00000000 mem 0x90011af0 0x00000000 mem 0x90011b10 0x00000000 mem 0x90011b30 0x00000000 mem 0x90011b50 0x00000000 mem 0x90011b70 0x00000000 mem 0x90011b90 0x00000000 mem 0x90011bb0 0x00000000 mem 0x90011bd0 0x00000000 mem 0x90011bf0 0x00000000
core   0: 0x80000578 (0x0040667b) vsw12.v v4, v0, 12
core   0: 3 0x80000578 (0x0040667b) c8_vstart 0x00000000 e32 m1 l32 mem 0x9001180c 0x3d0a8c7f mem 0x9001182c 0x3e230128 mem 0x9001184c 0xbc17dbb8 mem 0x9001186c 0xbc52c0fe mem 0x9001188c 0x3e33058f mem 0x900118ac 0x3c66b5a5 mem 0x900118cc 0xbcf2482a mem 0x900118ec 0x3d8171fa mem 0x9001190c 0xbe6289f8 mem 0x9001192c 0xbe59e24d mem 0x9001194c 0x3d69e3bb mem 0x9001196c 0xbcac4672 mem 0x9001198c 0xbccb0f0b mem 0x900119ac 0x3d0bc2b5 mem 0x900119cc 0x3e28d90a mem 0x900119ec 0xbc9cf1f1 mem 0x90011a0c 0xbdd5173b mem 0x90011a2c 0x3e8bc1b9 mem 0x90011a4c 0xbe18e16e mem 0x90011a6c 0x3ca9e6aa mem 0x90011a8c 0x3dbd1b40 mem 0x90011aac 0xbe97b357 mem 0x90011acc 0xbe24652d mem 0x90011aec 0x3d7fa134 mem 0x90011b0c 0x3b9243da mem 0x90011b2c 0x3dc7b507 mem 0x90011b4c 0x3e70de77 mem 0x90011b6c 0x3da0cc8f mem 0x90011b8c 0xbd4dbefc mem 0x90011bac 0xbd81a382 mem 0x90011bcc 0x3d736408 mem 0x90011bec 0xbd44544f
core   0: 0x8000057c (0x0030647b) vsw12.v v3, v0, 8
core   0: 3 0x8000057c (0x0030647b) c8_vstart 0x00000000 e32 m1 l32 mem 0x90011808 0xbcbdac97 mem 0x90011828 0x3e3d1bf7 mem 0x90011848 0xbd8ab6fd mem 0x90011868 0x3dc7578b mem 0x90011888 0xbd246898 mem 0x900118a8 0xbe77525a mem 0x900118c8 0x3d1f12ef mem 0x900118e8 0x3e022e17 mem 0x90011908 0x3e35e542 mem 0x90011928 0x3e179d3c mem 0x90011948 0x3dea02b7 mem 0x90011968 0x3db7bea5 mem 0x90011988 0x3d4e2988 mem 0x900119a8 0xbc88922a mem 0x900119c8 0x3dd151cb mem 0x900119e8 0xbe311706 mem 0x90011a08 0x3e3eb7f9 mem 0x90011a28 0xbe8121e1 mem 0x90011a48 0x3e6c3d72 mem 0x90011a68 0x3da07059 mem 0x90011a88 0xbd3106d1 mem 0x90011aa8 0x3e74a99c mem 0x90011ac8 0x3d029fe4 mem 0x90011ae8 0x3e8308de mem 0x90011b08 0x3e02aec9 mem 0x90011b28 0xbe09c20f mem 0x90011b48 0x3d947f0e mem 0x90011b68 0xbcbf281a mem 0x90011b88 0x3dc062b3 mem 0x90011ba8 0x3e2f389f mem 0x90011bc8 0x3d7f7d20 mem 0x90011be8 0xbd4eceee
core   0: 0x80000580 (0x0020627b) vsw12.v v2, v0, 4
core   0: 3 0x80000580 (0x0020627b) c8_vstart 0x00000000 e32 m1 l32 mem 0x90011804 0xbd238e66 mem 0x90011824 0xbcaf4a5d mem 0x90011844 0x3d5760b6 mem 0x90011864 0x3d2c2bbe mem 0x90011884 0xbe02edce mem 0x900118a4 0x3b733320 mem 0x900118c4 0x3d23bc5a mem 0x900118e4 0x3d873b50 mem 0x90011904 0xbc860aec mem 0x90011924 0xbdb1e621 mem 0x90011944 0x3d8075cb mem 0x90011964 0xbcc22d04 mem 0x90011984 0x3eb02529 mem 0x900119a4 0xbe6a8f76 mem 0x900119c4 0x3e09bc57 mem 0x900119e4 0xbb8aaa46 mem 0x90011a04 0xbdb810cb mem 0x90011a24 0xbd4896f9 mem 0x90011a44 0x3e3c35e0 mem 0x90011a64 0xbeada12c mem 0x90011a84 0x3dfe549b mem 0x90011aa4 0x3d1ebc7a mem 0x90011ac4 0x3e223ee1 mem 0x90011ae4 0xbe55ebc1 mem 0x90011b04 0xbdf1e245 mem 0x90011b24 0x3c398a8c mem 0x90011b44 0x3d909eff mem 0x90011b64 0xbbed6c58 mem 0x90011b84 0xbd6e0a3d mem 0x90011ba4 0x3de03d7d mem 0x90011bc4 0xbd73463c mem 0x90011be4 0xbdc1ab1e
core   0: 0x80000584 (0x0010607b) vsw12.v v1, v0, 0
core   0: 3 0x80000584 (0x0010607b) c8_vstart 0x00000000 e32 m1 l32 mem 0x90011800 0x3d45e2c2 mem 0x90011820 0xbd9427ae mem 0x90011840 0xbdd11219 mem 0x90011860 0xbd32164a mem 0x90011880 0xbcb42a4a mem 0x900118a0 0x3e385dee mem 0x900118c0 0x3d809410 mem 0x900118e0 0xbde3123f mem 0x90011900 0xbdae0c44 mem 0x90011920 0xbe51f5fb mem 0x90011940 0xbce1144b mem 0x90011960 0xbda3fa81 mem 0x90011980 0xbd612a94 mem 0x900119a0 0x3dc037cb mem 0x900119c0 0x3e0837b4 mem 0x900119e0 0x3da64f14 mem 0x90011a00 0xbe0fee8d mem 0x90011a20 0xbdff0b63 mem 0x90011a40 0xbe333641 mem 0x90011a60 0xbd25be62 mem 0x90011a80 0x3c4d1ba4 mem 0x90011aa0 0xbe260a95 mem 0x90011ac0 0x3dade382 mem 0x90011ae0 0xbe88aed8 mem 0x90011b00 0xbdde474f mem 0x90011b20 0xbe007c7d mem 0x90011b40 0x3dbce7ab mem 0x90011b60 0xbc7a515c mem 0x90011b80 0xbe12b3e9 mem 0x90011ba0 0xbe5ae93e mem 0x90011bc0 0xbd1ac104 mem 0x90011be0 0x3d48b047
core   0: 0x80000588 (0x05c0006f) j       pc + 0x5c
core   0: 3 0x80000588 (0x05c0006f)
core   0: 0x800005e4 (0x0000205b) join    v0, v0, pc + 0
core   0: 3 0x800005e4 (0x0000205b) current mask:	ffffffff current npc:	80000550 stack size: 0
core   0: 0x800005e8 (0xfe812083) lw      x1, -24(x2)
core   0: 3 0x800005e8 (0xfe812083) x1  0x800000a0 mem 0x70000000
core   0: 0x800005ec (0xfe810113) addi    x2, x2, -24
core   0: 3 0x800005ec (0xfe810113) x2  0x70000000
core   0: 0x800005f0 (0xffc20213) addi    x4, x4, -4
core   0: 3 0x800005f0 (0xffc20213) x4  0x00000000
core   0: 0x800005f4 (0x0010200b) regext  x0, x0,  0 0 0 1 
core   0: 3 0x800005f4 (0x0010200b)
core   0: 0x800005f8 (0x5e024057) vmv.v.x v0, x4
core   0: 3 0x800005f8 (0x5e024057) c8_vstart 0x00000core   0: 0x00001000 (0x00000297) auipc   x5, 0x0
core   0: 3 0x00001000 (0x00000297) x5  0x00001000
core   0: 0x00001004 (0x02028593) addi    x11, x5, 32
core   0: 3 0x00001004 (0x02028593) x11 0x00001020
core   0: 0x00001008 (0xf1402573) csrr    x10, mhartid
core   0: 3 0x00001008 (0xf1402573) x10 0x00000000
core   0: 0x0000100c (0x0182a283) lw      x5, 24(x5)
core   0: 3 0x0000100c (0x0182a283) x5  0x80000000 mem 0x00001018
core   0: 0x00001010 (0x00028067) jr      x5
core   0: 3 0x00001010 (0x00028067)
core   0: 0x80000000 (0x00004197) auipc   x3, 0x4
core   0: 3 0x80000000 (0x00004197) x3  0x80004000
core   0: 0x80000004 (0x80818193) addi    x3, x3, -2040
core   0: 3 0x80000004 (0x80818193) x3  0x80003808
core   0: 0x80000008 (0x02000e93) li      x29, 32
core   0: 3 0x80000008 (0x02000e93) x29 0x00000020
core   0: 0x8000000c (0x0d0efed7) vsetvli x29, x29, e32, m1, ta, ma
core   0: 3 0x8000000c (0x0d0efed7) x29 0x00000020 c8_vstart 0x00000000 c3104_vl 0x00000020 c3105_vtype 0x000000d0 c768_mstatus 0x80000600
core   0: 0x80000010 (0x00002eb7) lui     x29, 0x2
core   0: 3 0x80000010 (0x00002eb7) x29 0x00002000
core   0: 0x80000014 (0x300eaef3) csrrs   x29, mstatus, x29
core   0: 3 0x80000014 (0x300eaef3) x29 0x80000600 c768_mstatus 0x80006600
core   0: 0x80000018 (0x00000e93) li      x29, 0
core   0: 3 0x80000018 (0x00000e93) x29 0x00000000
core   0: 0x8000001c (0x80502373) csrr    x6, wid
core   0: 3 0x8000001c (0x80502373) x6  0x00000000
core   0: 0x80000020 (0x806023f3) csrr    x7, lds
core   0: 3 0x80000020 (0x806023f3) x7  0x70000000
core   0: 0x80000024 (0x40000e13) li      x28, 1024
core   0: 3 0x80000024 (0x40000e13) x28 0x00000400
core   0: 0x80000028 (0x03c30333) mul     x6, x6, x28
core   0: 3 0x80000028 (0x03c30333) x6  0x00000000
core   0: 0x8000002c (0x00730133) add     x2, x6, x7
core   0: 3 0x8000002c (0x00730133) x2  0x70000000
core   0: 0x80000030 (0x00000213) li      x4, 0
core   0: 3 0x80000030 (0x00000213) x4  0x00000000
core   0: 0x80000034 (0x80102f73) csrr    x30, numw
core   0: 3 0x80000034 (0x80102f73) x30 0x00000001
core   0: 0x80000038 (0x40000e13) li      x28, 1024
core   0: 3 0x80000038 (0x40000e13) x28 0x00000400
core   0: 0x8000003c (0x03cf0f33) mul     x30, x30, x28
core   0: 3 0x8000003c (0x03cf0f33) x30 0x00000400
core   0: 0x80000040 (0x01e38433) add     x8, x7, x30
core   0: 3 0x80000040 (0x01e38433) x8  0x70000400
core   0: 0x80000044 (0x00003517) auipc   x10, 0x3
core   0: 3 0x80000044 (0x00003517) x10 0x80003044
core   0: 0x80000048 (0xfc450513) addi    x10, x10, -60
core   0: 3 0x80000048 (0xfc450513) x10 0x80003008
core   0: 0x8000004c (0x00003617) auipc   x12, 0x3
core   0: 3 0x8000004c (0x00003617) x12 0x8000304c
core   0: 0x80000050 (0xfbc60613) addi    x12, x12, -68
core   0: 3 0x80000050 (0xfbc60613) x12 0x80003008
core   0: 0x80000054 (0x00c50863) beq     x10, x12, pc + 16
core   0: 3 0x80000054 (0x00c50863)
core   0: 0x80000064 (0x803022f3) csrr    x5, knl
core   0: 3 0x80000064 (0x803022f3) x5  0x90195000
core   0: 0x80000068 (0x0002a303) lw      x6, 0(x5)
core   0: 3 0x80000068 (0x0002a303) x6  0x80000464 mem 0x90195000
core   0: 0x8000006c (0x0042a503) lw      x10, 4(x5)
core   0: 3 0x8000006c (0x0042a503) x10 0x90014000 mem 0x90195004
core   0: 0x80000070 (0x0302a383) lw      x7, 48(x5)
core   0: 3 0x80000070 (0x0302a383) x7  0x00000000 mem 0x90195030
core   0: 0x80000074 (0x0342ae03) lw      x28, 52(x5)
core   0: 3 0x80000074 (0x0342ae03) x28 0x00000000 mem 0x90195034
core   0: 0x80000078 (0x00003e97) auipc   x29, 0x3
core   0: 3 0x80000078 (0x00003e97) x29 0x80003078
core   0: 0x8000007c (0xf88e8e93) addi    x29, x29, -120
core   0: 3 0x8000007c (0xf88e8e93) x29 0x80003000
core   0: 0x80000080 (0x00003f17) auipc   x30, 0x3
core   0: 3 0x80000080 (0x00003f17) x30 0x80003080
core   0: 0x80000084 (0xf84f0f13) addi    x30, x30, -124
core   0: 3 0x80000084 (0xf84f0f13) x30 0x80003004
core   0: 0x80000088 (0x007ea023) sw      x7, 0(x29)
core   0: 3 0x80000088 (0x007ea023) mem 0x80003000 0x00000000
core   0: 0x8000008c (0x01cf2023) sw      x28, 0(x30)
core   0: 3 0x8000008c (0x01cf2023) mem 0x80003004 0x00000000
core   0: 0x80000090 (0x00000f97) auipc   x31, 0x0
core   0: 3 0x80000090 (0x00000f97) x31 0x80000090
core   0: 0x80000094 (0x018f8f93) addi    x31, x31, 24
core   0: 3 0x80000094 (0x018f8f93) x31 0x800000a8
core   0: 0x80000098 (0x305f9073) csrw    mtvec, x31
core   0: 3 0x80000098 (0x305f9073) c773_mtvec 0x800000a8
core   0: 0x8000009c (0x000300e7) jalr    x6
core   0: 3 0x8000009c (0x000300e7) x1  0x800000a0
core   0: 0x80000464 (0x01810113) addi    x2, x2, 24
core   0: 3 0x80000464 (0x01810113) x2  0x70000018
core   0: 0x80000468 (0x00420213) addi    x4, x4, 4
core   0: 3 0x80000468 (0x00420213) x4  0x00000004
core   0: 0x8000046c (0x0010200b) regext  x0, x0,  0 0 0 1 
core   0: 3 0x8000046c (0x0010200b)
core   0: 0x80000470 (0x5e024057) vmv.v.x v0, x4
core   0: 3 0x80000470 (0x5e024057) c8_vstart 0x00000000 e32 m1 l32 v32 ffffffff 0x00000004 00000004 00000004 00000004 00000004 00000004 00000004 00000004 00000004 00000004 00000004 00000004 00000004 00000004 00000004 00000004 00000004 00000004 00000004 00000004 00000004 00000004 00000004 00000004 00000004 00000004 00000004 00000004 00000004 00000004 00000004 00000004 
core   0: 0x80000474 (0xfe112423) sw      x1, -24(x2)
core   0: 3 0x80000474 (0xfe112423) mem 0x70000000 0x800000a0
core   0: 0x80000478 (0x01052283) lw      x5, 16(x10)
core   0: 3 0x80000478 (0x01052283) x5  0x90011000 mem 0x90014010
core   0: 0x8000047c (0xfe512c23) sw      x5, -8(x2)
core   0: 3 0x8000047c (0xfe512c23) mem 0x70000010 0x90011000
core   0: 0x80000480 (0x00c52283) lw      x5, 12(x10)
core   0: 3 0x80000480 (0x00c52283) x5  0x00000001 mem 0x9001400c
core   0: 0x80000484 (0xfe512a23) sw      x5, -12(x2)
core   0: 3 0x80000484 (0xfe512a23) mem 0x7000000c 0x00000001
core   0: 0x80000488 (0x00452283) lw      x5, 4(x10)
core   0: 3 0x80000488 (0x00452283) x5  0x00000000 mem 0x90014004
core   0: 0x8000048c (0xfe512823) sw      x5, -16(x2)
core   0: 3 0x8000048c (0xfe512823) mem 0x70000008 0x00000000
core   0: 0x80000490 (0x00052283) lw      x5, 0(x10)
core   0: 3 0x80000490 (0x00052283) x5  0x9000e000 mem 0x90014000
core   0: 0x80000494 (0xfe512623) sw      x5, -20(x2)
core   0: 3 0x80000494 (0xfe512623) mem 0x70000004 0x9000e000
core   0: 0x80000498 (0x00852283) lw      x5, 8(x10)
core   0: 3 0x80000498 (0x00852283) x5  0x0000000c mem 0x90014008
core   0: 0x8000049c (0xfe512e23) sw      x5, -4(x2)
core   0: 3 0x8000049c (0xfe512e23) mem 0x70000014 0x0000000c
core   0: 0x800004a0 (0x5e004057) vmv.v.x v0, x0
core   0: 3 0x800004a0 (0x5e004057) c8_vstart 0x00000000 e32 m1 l32 v0  ffffffff 0x00000000 00000000 00000000 00000000 00000000 00000000 00000000 00000000 00000000 00000000 00000000 00000000 00000000 00000000 00000000 00000000 00000000 00000000 00000000 00000000 00000000 00000000 00000000 00000000 00000000 00000000 00000000 00000000 00000000 00000000 00000000 00000000 
core   0: 0x800004a4 (0x1d4000ef) jal     pc + 0x1d4
core   0: 3 0x800004a4 (0x1d4000ef) x1  0x800004a8
core   0: 0x80000678 (0x00410113) addi    x2, x2, 4
core   0: 3 0x80000678 (0x00410113) x2  0x7000001c
core   0: 0x8000067c (0xfe112e23) sw      x1, -4(x2)
core   0: 3 0x8000067c (0xfe112e23) mem 0x70000018 0x800004a8
core   0: 0x80000680 (0x020040d7) vadd.vx v1, v0, x0
core   0: 3 0x80000680 (0x020040d7) c8_vstart 0x00000000 e32 m1 l32 v1  ffffffff 0x00000000 00000000 00000000 00000000 00000000 00000000 00000000 00000000 00000000 00000000 00000000 00000000 00000000 00000000 00000000 00000000 00000000 00000000 00000000 00000000 00000000 00000000 00000000 00000000 00000000 00000000 00000000 00000000 00000000 00000000 00000000 00000000 
core   0: 0x80000684 (0x00200293) li      x5, 2
core   0: 3 0x80000684 (0x00200293) x5  0x00000002
core   0: 0x80000688 (0x5e02c057) vmv.v.x v0, x5
core   0: 3 0x80000688 (0x5e02c057) c8_vstart 0x00000000 e32 m1 l32 v0  ffffffff 0x00000002 00000002 00000002 00000002 00000002 00000002 00000002 00000002 00000002 00000002 00000002 00000002 00000002 00000002 00000002 00000002 00000002 00000002 00000002 00000002 00000002 00000002 00000002 00000002 00000002 00000002 00000002 00000002 00000002 00000002 00000002 00000002 
core   0: 0x8000068c (0x00000317) auipc   x6, 0x0
core   0: 3 0x8000068c (0x00000317) x6  0x8000068c
core   0: 0x80000690 (0x0543305b) setrpc  x0, x6, 84
core   0: 3 0x80000690 (0x0543305b) c2060_rpc 0x800006e0 current mask:	ffffffff current npc:	00000000 stack size: 0
core   0: 0x80000694 (0x0410045b) vbeq    v1, v0, pc + 72
core   0: 3 0x80000694 (0x0410045b) c8_vstart 0x00000000 e32 m1 l32 current mask:	ffffffff current npc:	80000698 stack size: 0
core   0: 0x80000698 (0x0040006f) j       pc + 0x4
core   0: 3 0x80000698 (0x0040006f)
core   0: 0x8000069c (0x00100293) li      x5, 1
core   0: 3 0x8000069c (0x00100293) x5  0x00000001
core   0: 0x800006a0 (0x5e02c057) vmv.v.x v0, x5
core   0: 3 0x800006a0 (0x5e02c057) c8_vstart 0x00000000 e32 m1 l32 v0  ffffffff 0x00000001 00000001 00000001 00000001 00000001 00000001 00000001 00000001 00000001 00000001 00000001 00000001 00000001 00000001 00000001 00000001 00000001 00000001 00000001 00000001 00000001 00000001 00000001 00000001 00000001 00000001 00000001 00000001 00000001 00000001 00000001 00000001 
core   0: 0x800006a4 (0x00000317) auipc   x6, 0x0
core   0: 3 0x800006a4 (0x00000317) x6  0x800006a4
core   0: 0x800006a8 (0x03c3305b) setrpc  x0, x6, 60
core   0: 3 0x800006a8 (0x03c3305b) c2060_rpc 0x800006e0 current mask:	ffffffff current npc:	80000698 stack size: 0
core   0: 0x800006ac (0x0210045b) vbeq    v1, v0, pc + 40
core   0: 3 0x800006ac (0x0210045b) c8_vstart 0x00000000 e32 m1 l32 current mask:	ffffffff current npc:	800006b0 stack size: 0
core   0: 0x800006b0 (0x0040006f) j       pc + 0x4
core   0: 3 0x800006b0 (0x0040006f)
core   0: 0x800006b4 (0x5e004157) vmv.v.x v2, x0
core   0: 3 0x800006b4 (0x5e004157) c8_vstart 0x00000000 e32 m1 l32 v2  ffffffff 0x00000000 00000000 00000000 00000000 00000000 00000000 00000000 00000000 00000000 00000000 00000000 00000000 00000000 00000000 00000000 00000000 00000000 00000000 00000000 00000000 00000000 00000000 00000000 00000000 00000000 00000000 00000000 00000000 00000000 00000000 00000000 00000000 
core   0: 0x800006b8 (0x5e004057) vmv.v.x v0, x0
core   0: 3 0x800006b8 (0x5e004057) c8_vstart 0x00000000 e32 m1 l32 v0  ffffffff 0x00000000 00000000 00000000 00000000 00000000 00000000 00000000 00000000 00000000 00000000 00000000 00000000 00000000 00000000 00000000 00000000 00000000 00000000 00000000 00000000 00000000 00000000 00000000 00000000 00000000 00000000 00000000 00000000 00000000 00000000 00000000 00000000 
core   0: 0x800006bc (0x00000317) auipc   x6, 0x0
core   0: 3 0x800006bc (0x00000317) x6  0x800006bc
core   0: 0x800006c0 (0x0243305b) setrpc  x0, x6, 36
core   0: 3 0x800006c0 (0x0243305b) c2060_rpc 0x800006e0 current mask:	ffffffff current npc:	800006b0 stack size: 0
core   0: 0x800006c4 (0x00111e5b) vbne    v1, v2, pc + 28
core   0: 3 0x800006c4 (0x00111e5b) c8_vstart 0x00000000 e32 m1 l32 current mask:	ffffffff current npc:	800006c8 stack size: 0
core   0: 0x800006c8 (0x0040006f) j       pc + 0x4
core   0: 3 0x800006c8 (0x0040006f)
core   0: 0x800006cc (0x09c000ef) jal     pc + 0x9c
core   0: 3 0x800006cc (0x09c000ef) x1  0x800006d0
core   0: 0x80000768 (0x80802573) csrr    x10, gidx
core   0: 3 0x80000768 (0x80802573) x10 0x00000003
core   0: 0x8000076c (0x5e054057) vmv.v.x v0, x10
core   0: 3 0x8000076c (0x5e054057) c8_vstart 0x00000000 e32 m1 l32 v0  ffffffff 0x00000003 00000003 00000003 00000003 00000003 00000003 00000003 00000003 00000003 00000003 00000003 00000003 00000003 00000003 00000003 00000003 00000003 00000003 00000003 00000003 00000003 00000003 00000003 00000003 00000003 00000003 00000003 00000003 00000003 00000003 00000003 00000003 
core   0: 0x80000770 (0x00008067) ret
core   0: 3 0x80000770 (0x00008067)
core   0: 0x800006d0 (0x0100006f) j       pc + 0x10
core   0: 3 0x800006d0 (0x0100006f)
core   0: 0x800006e0 (0x0000205b) join    v0, v0, pc + 0
core   0: 3 0x800006e0 (0x0000205b) current mask:	ffffffff current npc:	800006c8 stack size: 0
core   0: 0x800006e4 (0xffc12083) lw      x1, -4(x2)
core   0: 3 0x800006e4 (0xffc12083) x1  0x800004a8 mem 0x70000018
core   0: 0x800006e8 (0xffc10113) addi    x2, x2, -4
core   0: 3 0x800006e8 (0xffc10113) x2  0x70000018
core   0: 0x800006ec (0x00008067) ret
core   0: 3 0x800006ec (0x00008067)
core   0: 0x800004a8 (0x0080200b) regext  x0, x0,  0 0 1 0 
core   0: 3 0x800004a8 (0x0080200b)
core   0: 0x800004ac (0xfe002e2b) vsw.v   v0, x0, -4
core   0: 3 0x800004ac (0xfe002e2b) c8_vstart 0x00000000 mem 0x90015000 0x00000003 mem 0x90015004 0x00000003 mem 0x90015008 0x00000003 mem 0x9001500c 0x00000003 mem 0x90015010 0x00000003 mem 0x90015014 0x00000003 mem 0x90015018 0x00000003 mem 0x9001501c 0x00000003 mem 0x90015020 0x00000003 mem 0x90015024 0x00000003 mem 0x90015028 0x00000003 mem 0x9001502c 0x00000003 mem 0x90015030 0x00000003 mem 0x90015034 0x00000003 mem 0x90015038 0x00000003 mem 0x9001503c 0x00000003 mem 0x90015040 0x00000003 mem 0x90015044 0x00000003 mem 0x90015048 0x00000003 mem 0x9001504c 0x00000003 mem 0x90015050 0x00000003 mem 0x90015054 0x00000003 mem 0x90015058 0x00000003 mem 0x9001505c 0x00000003 mem 0x90015060 0x00000003 mem 0x90015064 0x00000003 mem 0x90015068 0x00000003 mem 0x9001506c 0x00000003 mem 0x90015070 0x00000003 mem 0x90015074 0x00000003 mem 0x90015078 0x00000003 mem 0x9001507c 0x00000003
core   0: 0x800004b0 (0x5e004057) vmv.v.x v0, x0
core   0: 3 0x800004b0 (0x5e004057) c8_vstart 0x00000000 e32 m1 l32 v0  ffffffff 0x00000000 00000000 00000000 00000000 00000000 00000000 00000000 00000000 00000000 00000000 00000000 00000000 00000000 00000000 00000000 00000000 00000000 00000000 00000000 00000000 00000000 00000000 00000000 00000000 00000000 00000000 00000000 00000000 00000000 00000000 00000000 00000000 
core   0: 0x800004b4 (0x14c000ef) jal     pc + 0x14c
core   0: 3 0x800004b4 (0x14c000ef) x1  0x800004b8
core   0: 0x80000600 (0x00410113) addi    x2, x2, 4
core   0: 3 0x80000600 (0x00410113) x2  0x7000001c
core   0: 0x80000604 (0xfe112e23) sw      x1, -4(x2)
core   0: 3 0x80000604 (0xfe112e23) mem 0x70000018 0x800004b8
core   0: 0x80000608 (0x020040d7) vadd.vx v1, v0, x0
core   0: 3 0x80000608 (0x020040d7) c8_vstart 0x00000000 e32 m1 l32 v1  ffffffff 0x00000000 00000000 00000000 00000000 00000000 00000000 00000000 00000000 00000000 00000000 00000000 00000000 00000000 00000000 00000000 00000000 00000000 00000000 00000000 00000000 00000000 00000000 00000000 00000000 00000000 00000000 00000000 00000000 00000000 00000000 00000000 00000000 
core   0: 0x8000060c (0x00200293) li      x5, 2
core   0: 3 0x8000060c (0x00200293) x5  0x00000002
core   0: 0x80000610 (0x5e02c057) vmv.v.x v0, x5
core   0: 3 0x80000610 (0x5e02c057) c8_vstart 0x00000000 e32 m1 l32 v0  ffffffff 0x00000002 00000002 00000002 00000002 00000002 00000002 00000002 00000002 00000002 00000002 00000002 00000002 00000002 00000002 00000002 00000002 00000002 00000002 00000002 00000002 00000002 00000002 00000002 00000002 00000002 00000002 00000002 00000002 00000002 00000002 00000002 00000002 
core   0: 0x80000614 (0x00000317) auipc   x6, 0x0
core   0: 3 0x80000614 (0x00000317) x6  0x80000614
core   0: 0x80000618 (0x0543305b) setrpc  x0, x6, 84
core   0: 3 0x80000618 (0x0543305b) c2060_rpc 0x80000668 current mask:	ffffffff current npc:	800006c8 stack size: 0
core   0: 0x8000061c (0x0410045b) vbeq    v1, v0, pc + 72
core   0: 3 0x8000061c (0x0410045b) c8_vstart 0x00000000 e32 m1 l32 current mask:	ffffffff current npc:	80000620 stack size: 0
core   0: 0x80000620 (0x0040006f) j       pc + 0x4
core   0: 3 0x80000620 (0x0040006f)
core   0: 0x80000624 (0x00100293) li      x5, 1
core   0: 3 0x80000624 (0x00100293) x5  0x00000001
core   0: 0x80000628 (0x5e02c057) vmv.v.x v0, x5
core   0: 3 0x80000628 (0x5e02c057) c8_vstart 0x00000000 e32 m1 l32 v0  ffffffff 0x00000001 00000001 00000001 00000001 00000001 00000001 00000001 00000001 00000001 00000001 00000001 00000001 00000001 00000001 00000001 00000001 00000001 00000001 00000001 00000001 00000001 00000001 00000001 00000001 00000001 00000001 00000001 00000001 00000001 00000001 00000001 00000001 
core   0: 0x8000062c (0x00000317) auipc   x6, 0x0
core   0: 3 0x8000062c (0x00000317) x6  0x8000062c
core   0: 0x80000630 (0x03c3305b) setrpc  x0, x6, 60
core   0: 3 0x80000630 (0x03c3305b) c2060_rpc 0x80000668 current mask:	ffffffff current npc:	80000620 stack size: 0
core   0: 0x80000634 (0x0210045b) vbeq    v1, v0, pc + 40
core   0: 3 0x80000634 (0x0210045b) c8_vstart 0x00000000 e32 m1 l32 current mask:	ffffffff current npc:	80000638 stack size: 0
core   0: 0x80000638 (0x0040006f) j       pc + 0x4
core   0: 3 0x80000638 (0x0040006f)
core   0: 0x8000063c (0x5e004157) vmv.v.x v2, x0
core   0: 3 0x8000063c (0x5e004157) c8_vstart 0x00000000 e32 m1 l32 v2  ffffffff 0x00000000 00000000 00000000 00000000 00000000 00000000 00000000 00000000 00000000 00000000 00000000 00000000 00000000 00000000 00000000 00000000 00000000 00000000 00000000 00000000 00000000 00000000 00000000 00000000 00000000 00000000 00000000 00000000 00000000 00000000 00000000 00000000 
core   0: 0x80000640 (0x5e004057) vmv.v.x v0, x0
core   0: 3 0x80000640 (0x5e004057) c8_vstart 0x00000000 e32 m1 l32 v0  ffffffff 0x00000000 00000000 00000000 00000000 00000000 00000000 00000000 00000000 00000000 00000000 00000000 00000000 00000000 00000000 00000000 00000000 00000000 00000000 00000000 00000000 00000000 00000000 00000000 00000000 00000000 00000000 00000000 00000000 00000000 00000000 00000000 00000000 
core   0: 0x80000644 (0x00000317) auipc   x6, 0x0
core   0: 3 0x80000644 (0x00000317) x6  0x80000644
core   0: 0x80000648 (0x0243305b) setrpc  x0, x6, 36
core   0: 3 0x80000648 (0x0243305b) c2060_rpc 0x80000668 current mask:	ffffffff current npc:	80000638 stack size: 0
core   0: 0x8000064c (0x00111e5b) vbne    v1, v2, pc + 28
core   0: 3 0x8000064c (0x00111e5b) c8_vstart 0x00000000 e32 m1 l32 current mask:	ffffffff current npc:	80000650 stack size: 0
core   0: 0x80000650 (0x0040006f) j       pc + 0x4
core   0: 3 0x80000650 (0x0040006f)
core   0: 0x80000654 (0x138000ef) jal     pc + 0x138
core   0: 3 0x80000654 (0x138000ef) x1  0x80000658
core   0: 0x8000078c (0x00410113) addi    x2, x2, 4
core   0: 3 0x8000078c (0x00410113) x2  0x70000020
core   0: 0x80000790 (0xfe112e23) sw      x1, -4(x2)
core   0: 3 0x80000790 (0xfe112e23) mem 0x7000001c 0x80000658
core   0: 0x80000794 (0x80302573) csrr    x10, knl
core   0: 3 0x80000794 (0x80302573) x10 0x90195000
core   0: 0x80000798 (0x00852283) lw      x5, 8(x10)
core   0: 3 0x80000798 (0x00852283) x5  0x00000001 mem 0x90195008
core   0: 0x8000079c (0x80002373) csrr    x6, tid
core   0: 3 0x8000079c (0x80002373) x6  0x00000000
core   0: 0x800007a0 (0x5208a157) vid.v   v2
core   0: 3 0x800007a0 (0x5208a157) c8_vstart 0x00000000 e32 m1 l32 v2  ffffffff 0x0000001f 0000001e 0000001d 0000001c 0000001b 0000001a 00000019 00000018 00000017 00000016 00000015 00000014 00000013 00000012 00000011 00000010 0000000f 0000000e 0000000d 0000000c 0000000b 0000000a 00000009 00000008 00000007 00000006 00000005 00000004 00000003 00000002 00000001 00000000 
core   0: 0x800007a4 (0x02234057) vadd.vx v0, v2, x6
core   0: 3 0x800007a4 (0x02234057) c8_vstart 0x00000000 e32 m1 l32 v0  ffffffff 0x0000001f 0000001e 0000001d 0000001c 0000001b 0000001a 00000019 00000018 00000017 00000016 00000015 00000014 00000013 00000012 00000011 00000010 0000000f 0000000e 0000000d 0000000c 0000000b 0000000a 00000009 00000008 00000007 00000006 00000005 00000004 00000003 00000002 00000001 00000000 
core   0: 0x800007a8 (0x01852e03) lw      x28, 24(x10)
core   0: 3 0x800007a8 (0x01852e03) x28 0x00000020 mem 0x90195018
core   0: 0x800007ac (0x8a0e6057) vremu.vx v0, v0, x28
core   0: 3 0x800007ac (0x8a0e6057) c8_vstart 0x00000000 e32 m1 l32 v0  ffffffff 0x0000001f 0000001e 0000001d 0000001c 0000001b 0000001a 00000019 00000018 00000017 00000016 00000015 00000014 00000013 00000012 00000011 00000010 0000000f 0000000e 0000000d 0000000c 0000000b 0000000a 00000009 00000008 00000007 00000006 00000005 00000004 00000003 00000002 00000001 00000000 
core   0: 0x800007b0 (0xffc12083) lw      x1, -4(x2)
core   0: 3 0x800007b0 (0xffc12083) x1  0x80000658 mem 0x7000001c
core   0: 0x800007b4 (0xffc10113) addi    x2, x2, -4
core   0: 3 0x800007b4 (0xffc10113) x2  0x7000001c
core   0: 0x800007b8 (0x00008067) ret
core   0: 3 0x800007b8 (0x00008067)
core   0: 0x80000658 (0x0100006f) j       pc + 0x10
core   0: 3 0x80000658 (0x0100006f)
core   0: 0x80000668 (0x0000205b) join    v0, v0, pc + 0
core   0: 3 0x80000668 (0x0000205b) current mask:	ffffffff current npc:	80000650 stack size: 0
core   0: 0x8000066c (0xffc12083) lw      x1, -4(x2)
core   0: 3 0x8000066c (0xffc12083) x1  0x800004b8 mem 0x70000018
core   0: 0x80000670 (0xffc10113) addi    x2, x2, -4
core   0: 3 0x80000670 (0xffc10113) x2  0x70000018
core   0: 0x80000674 (0x00008067) ret
core   0: 3 0x80000674 (0x00008067)
core   0: 0x800004b8 (0x0080200b) regext  x0, x0,  0 0 1 0 
core   0: 3 0x800004b8 (0x0080200b)
core   0: 0x800004bc (0x7fc0212b) vlw.v   v2, x0, -4
core   0: 3 0x800004bc (0x7fc0212b) e32 m1 l32 v2  ffffffff 0x00000003 00000003 00000003 00000003 00000003 00000003 00000003 00000003 00000003 00000003 00000003 00000003 00000003 00000003 00000003 00000003 00000003 00000003 00000003 00000003 00000003 00000003 00000003 00000003 00000003 00000003 00000003 00000003 00000003 00000003 00000003 00000003  c8_vstart 0x00000000 mem 0x90015000 mem 0x90015004 mem 0x90015008 mem 0x9001500c mem 0x90015010 mem 0x90015014 mem 0x90015018 mem 0x9001501c mem 0x90015020 mem 0x90015024 mem 0x90015028 mem 0x9001502c mem 0x90015030 mem 0x90015034 mem 0x90015038 mem 0x9001503c mem 0x90015040 mem 0x90015044 mem 0x90015048 mem 0x9001504c mem 0x90015050 mem 0x90015054 mem 0x90015058 mem 0x9001505c mem 0x90015060 mem 0x90015064 mem 0x90015068 mem 0x9001506c mem 0x90015070 mem 0x90015074 mem 0x90015078 mem 0x9001507c
core   0: 0x800004c0 (0xffc12283) lw      x5, -4(x2)
core   0: 3 0x800004c0 (0xffc12283) x5  0x0000000c mem 0x70000014
core   0: 0x800004c4 (0x5e02c0d7) vmv.v.x v1, x5
core   0: 3 0x800004c4 (0x5e02c0d7) c8_vstart 0x00000000 e32 m1 l32 v1  ffffffff 0x0000000c 0000000c 0000000c 0000000c 0000000c 0000000c 0000000c 0000000c 0000000c 0000000c 0000000c 0000000c 0000000c 0000000c 0000000c 0000000c 0000000c 0000000c 0000000c 0000000c 0000000c 0000000c 0000000c 0000000c 0000000c 0000000c 0000000c 0000000c 0000000c 0000000c 0000000c 0000000c 
core   0: 0x800004c8 (0x00000317) auipc   x6, 0x0
core   0: 3 0x800004c8 (0x00000317) x6  0x800004c8
core   0: 0x800004cc (0x11c3305b) setrpc  x0, x6, 284
core   0: 3 0x800004cc (0x11c3305b) c2060_rpc 0x800005e4 current mask:	ffffffff current npc:	80000650 stack size: 0
core   0: 0x800004d0 (0x1020da5b) vbge    v2, v1, pc + 276
core   0: 3 0x800004d0 (0x1020da5b) c8_vstart 0x00000000 e32 m1 l32 current mask:	ffffffff current npc:	800004d4 stack size: 0
core   0: 0x800004d4 (0x0040006f) j       pc + 0x4
core   0: 3 0x800004d4 (0x0040006f)
core   0: 0x800004d8 (0xff012283) lw      x5, -16(x2)
core   0: 3 0x800004d8 (0xff012283) x5  0x00000000 mem 0x70000008
core   0: 0x800004dc (0x0222c4d7) vadd.vx v9, v2, x5
core   0: 3 0x800004dc (0x0222c4d7) c8_vstart 0x00000000 e32 m1 l32 v9  ffffffff 0x00000003 00000003 00000003 00000003 00000003 00000003 00000003 00000003 00000003 00000003 00000003 00000003 00000003 00000003 00000003 00000003 00000003 00000003 00000003 00000003 00000003 00000003 00000003 00000003 00000003 00000003 00000003 00000003 00000003 00000003 00000003 00000003 
core   0: 0x800004e0 (0x5e0040d7) vmv.v.x v1, x0
core   0: 3 0x800004e0 (0x5e0040d7) c8_vstart 0x00000000 e32 m1 l32 v1  ffffffff 0x00000000 00000000 00000000 00000000 00000000 00000000 00000000 00000000 00000000 00000000 00000000 00000000 00000000 00000000 00000000 00000000 00000000 00000000 00000000 00000000 00000000 00000000 00000000 00000000 00000000 00000000 00000000 00000000 00000000 00000000 00000000 00000000 
core   0: 0x800004e4 (0xff412283) lw      x5, -12(x2)
core   0: 3 0x800004e4 (0xff412283) x5  0x00000001 mem 0x7000000c
core   0: 0x800004e8 (0x02504263) blt     x0, x5, pc + 36
core   0: 3 0x800004e8 (0x02504263)
core   0: 0x8000050c (0x9692e0d7) vmul.vx v1, v9, x5
core   0: 3 0x8000050c (0x9692e0d7) c8_vstart 0x00000000 e32 m1 l32 v1  ffffffff 0x00000003 00000003 00000003 00000003 00000003 00000003 00000003 00000003 00000003 00000003 00000003 00000003 00000003 00000003 00000003 00000003 00000003 00000003 00000003 00000003 00000003 00000003 00000003 00000003 00000003 00000003 00000003 00000003 00000003 00000003 00000003 00000003 
core   0: 0x80000510 (0x961530d7) vsll.vi v1, v1, 10
core   0: 3 0x80000510 (0x961530d7) c8_vstart 0x00000000 e32 m1 l32 v1  ffffffff 0x00000c00 00000c00 00000c00 00000c00 00000c00 00000c00 00000c00 00000c00 00000c00 00000c00 00000c00 00000c00 00000c00 00000c00 00000c00 00000c00 00000c00 00000c00 00000c00 00000c00 00000c00 00000c00 00000c00 00000c00 00000c00 00000c00 00000c00 00000c00 00000c00 00000c00 00000c00 00000c00 
core   0: 0x80000514 (0x9602b157) vsll.vi v2, v0, 5
core   0: 3 0x80000514 (0x9602b157) c8_vstart 0x00000000 e32 m1 l32 v2  ffffffff 0x000003e0 000003c0 000003a0 00000380 00000360 00000340 00000320 00000300 000002e0 000002c0 000002a0 00000280 00000260 00000240 00000220 00000200 000001e0 000001c0 000001a0 00000180 00000160 00000140 00000120 00000100 000000e0 000000c0 000000a0 00000080 00000060 00000040 00000020 00000000 
core   0: 0x80000518 (0x021100d7) vadd.vv v1, v1, v2
core   0: 3 0x80000518 (0x021100d7) c8_vstart 0x00000000 e32 m1 l32 v1  ffffffff 0x00000fe0 00000fc0 00000fa0 00000f80 00000f60 00000f40 00000f20 00000f00 00000ee0 00000ec0 00000ea0 00000e80 00000e60 00000e40 00000e20 00000e00 00000de0 00000dc0 00000da0 00000d80 00000d60 00000d40 00000d20 00000d00 00000ce0 00000cc0 00000ca0 00000c80 00000c60 00000c40 00000c20 00000c00 
core   0: 0x8000051c (0xfec12303) lw      x6, -20(x2)
core   0: 3 0x8000051c (0xfec12303) x6  0x9000e000 mem 0x70000004
core   0: 0x80000520 (0x02134557) vadd.vx v10, v1, x6
core   0: 3 0x80000520 (0x02134557) c8_vstart 0x00000000 e32 m1 l32 v10 ffffffff 0x9000efe0 9000efc0 9000efa0 9000ef80 9000ef60 9000ef40 9000ef20 9000ef00 9000eee0 9000eec0 9000eea0 9000ee80 9000ee60 9000ee40 9000ee20 9000ee00 9000ede0 9000edc0 9000eda0 9000ed80 9000ed60 9000ed40 9000ed20 9000ed00 9000ece0 9000ecc0 9000eca0 9000ec80 9000ec60 9000ec40 9000ec20 9000ec00 
core   0: 0x80000524 (0x5e0040d7) vmv.v.x v1, x0
core   0: 3 0x80000524 (0x5e0040d7) c8_vstart 0x00000000 e32 m1 l32 v1  ffffffff 0x00000000 00000000 00000000 00000000 00000000 00000000 00000000 00000000 00000000 00000000 00000000 00000000 00000000 00000000 00000000 00000000 00000000 00000000 00000000 00000000 00000000 00000000 00000000 00000000 00000000 00000000 00000000 00000000 00000000 00000000 00000000 00000000 
core   0: 0x80000528 (0x02104157) vadd.vx v2, v1, x0
core   0: 3 0x80000528 (0x02104157) c8_vstart 0x00000000 e32 m1 l32 v2  ffffffff 0x00000000 00000000 00000000 00000000 00000000 00000000 00000000 00000000 00000000 00000000 00000000 00000000 00000000 00000000 00000000 00000000 00000000 00000000 00000000 00000000 00000000 00000000 00000000 00000000 00000000 00000000 00000000 00000000 00000000 00000000 00000000 00000000 
core   0: 0x8000052c (0x021041d7) vadd.vx v3, v1, x0
core   0: 3 0x8000052c (0x021041d7) c8_vstart 0x00000000 e32 m1 l32 v3  ffffffff 0x00000000 00000000 00000000 00000000 00000000 00000000 00000000 00000000 00000000 00000000 00000000 00000000 00000000 00000000 00000000 00000000 00000000 00000000 00000000 00000000 00000000 00000000 00000000 00000000 00000000 00000000 00000000 00000000 00000000 00000000 00000000 00000000 
core   0: 0x80000530 (0x02104257) vadd.vx v4, v1, x0
core   0: 3 0x80000530 (0x02104257) c8_vstart 0x00000000 e32 m1 l32 v4  ffffffff 0x00000000 00000000 00000000 00000000 00000000 00000000 00000000 00000000 00000000 00000000 00000000 00000000 00000000 00000000 00000000 00000000 00000000 00000000 00000000 00000000 00000000 00000000 00000000 00000000 00000000 00000000 00000000 00000000 00000000 00000000 00000000 00000000 
core   0: 0x80000534 (0x021042d7) vadd.vx v5, v1, x0
core   0: 3 0x80000534 (0x021042d7) c8_vstart 0x00000000 e32 m1 l32 v5  ffffffff 0x00000000 00000000 00000000 00000000 00000000 00000000 00000000 00000000 00000000 00000000 00000000 00000000 00000000 00000000 00000000 00000000 00000000 00000000 00000000 00000000 00000000 00000000 00000000 00000000 00000000 00000000 00000000 00000000 00000000 00000000 00000000 00000000 
core   0: 0x80000538 (0x02104357) vadd.vx v6, v1, x0
core   0: 3 0x80000538 (0x02104357) c8_vstart 0x00000000 e32 m1 l32 v6  ffffffff 0x00000000 00000000 00000000 00000000 00000000 00000000 00000000 00000000 00000000 00000000 00000000 00000000 00000000 00000000 00000000 00000000 00000000 00000000 00000000 00000000 00000000 00000000 00000000 00000000 00000000 00000000 00000000 00000000 00000000 00000000 00000000 00000000 
core   0: 0x8000053c (0x021043d7) vadd.vx v7, v1, x0
core   0: 3 0x8000053c (0x021043d7) c8_vstart 0x00000000 e32 m1 l32 v7  ffffffff 0x00000000 00000000 00000000 00000000 00000000 00000000 00000000 00000000 00000000 00000000 00000000 00000000 00000000 00000000 00000000 00000000 00000000 00000000 00000000 00000000 00000000 00000000 00000000 00000000 00000000 00000000 00000000 00000000 00000000 00000000 00000000 00000000 
core   0: 0x80000540 (0x02104457) vadd.vx v8, v1, x0
core   0: 3 0x80000540 (0x02104457) c8_vstart 0x00000000 e32 m1 l32 v8  ffffffff 0x00000000 00000000 00000000 00000000 00000000 00000000 00000000 00000000 00000000 00000000 00000000 00000000 00000000 00000000 00000000 00000000 00000000 00000000 00000000 00000000 00000000 00000000 00000000 00000000 00000000 00000000 00000000 00000000 00000000 00000000 00000000 00000000 
core   0: 0x80000544 (0x5e02c5d7) vmv.v.x v11, x5
core   0: 3 0x80000544 (0x5e02c5d7) c8_vstart 0x00000000 e32 m1 l32 v11 ffffffff 0x00000001 00000001 00000001 00000001 00000001 00000001 00000001 00000001 00000001 00000001 00000001 00000001 00000001 00000001 00000001 00000001 00000001 00000001 00000001 00000001 00000001 00000001 00000001 00000001 00000001 00000001 00000001 00000001 00000001 00000001 00000001 00000001 
core   0: 0x80000548 (0x5e004a57) vmv.v.x v20, x0
core   0: 3 0x80000548 (0x5e004a57) c8_vstart 0x00000000 e32 m1 l32 v20 ffffffff 0x00000000 00000000 00000000 00000000 00000000 00000000 00000000 00000000 00000000 00000000 00000000 00000000 00000000 00000000 00000000 00000000 00000000 00000000 00000000 00000000 00000000 00000000 00000000 00000000 00000000 00000000 00000000 00000000 00000000 00000000 00000000 00000000 
core   0: 0x8000054c (0x0400006f) j       pc + 0x40
core   0: 3 0x8000054c (0x0400006f)
core   0: 0x8000058c (0x01c529fb) vlw12.v v19, v10, 28
core   0: 3 0x8000058c (0x01c529fb) e32 m1 l32 v19 ffffffff 0x00000000 00000000 00000000 00000000 00000000 00000000 00000000 00000000 00000000 00000000 00000000 00000000 00000000 00000000 00000000 00000000 00000000 00000000 00000000 00000000 00000000 00000000 00000000 00000000 00000000 00000000 00000000 00000000 00000000 00000000 00000000 00000000  c8_vstart 0x00000000 mem 0x9000ec1c mem 0x9000ec3c mem 0x9000ec5c mem 0x9000ec7c mem 0x9000ec9c mem 0x9000ecbc mem 0x9000ecdc mem 0x9000ecfc mem 0x9000ed1c mem 0x9000ed3c mem 0x9000ed5c mem 0x9000ed7c mem 0x9000ed9c mem 0x9000edbc mem 0x9000eddc mem 0x9000edfc mem 0x9000ee1c mem 0x9000ee3c mem 0x9000ee5c mem 0x9000ee7c mem 0x9000ee9c mem 0x9000eebc mem 0x9000eedc mem 0x9000eefc mem 0x9000ef1c mem 0x9000ef3c mem 0x9000ef5c mem 0x9000ef7c mem 0x9000ef9c mem 0x9000efbc mem 0x9000efdc mem 0x9000effc
core   0: 0x80000590 (0x0185297b) vlw12.v v18, v10, 24
core   0: 3 0x80000590 (0x0185297b) e32 m1 l32 v18 ffffffff 0x00000000 00000000 00000000 00000000 00000000 00000000 00000000 00000000 00000000 00000000 00000000 00000000 00000000 00000000 00000000 00000000 00000000 00000000 00000000 00000000 00000000 00000000 00000000 00000000 00000000 00000000 00000000 00000000 00000000 00000000 00000000 00000000  c8_vstart 0x00000000 mem 0x9000ec18 mem 0x9000ec38 mem 0x9000ec58 mem 0x9000ec78 mem 0x9000ec98 mem 0x9000ecb8 mem 0x9000ecd8 mem 0x9000ecf8 mem 0x9000ed18 mem 0x9000ed38 mem 0x9000ed58 mem 0x9000ed78 mem 0x9000ed98 mem 0x9000edb8 mem 0x9000edd8 mem 0x9000edf8 mem 0x9000ee18 mem 0x9000ee38 mem 0x9000ee58 mem 0x9000ee78 mem 0x9000ee98 mem 0x9000eeb8 mem 0x9000eed8 mem 0x9000eef8 mem 0x9000ef18 mem 0x9000ef38 mem 0x9000ef58 mem 0x9000ef78 mem 0x9000ef98 mem 0x9000efb8 mem 0x9000efd8 mem 0x9000eff8
core   0: 0x80000594 (0x014528fb) vlw12.v v17, v10, 20
core   0: 3 0x80000594 (0x014528fb) e32 m1 l32 v17 ffffffff 0x00000000 00000000 00000000 00000000 00000000 00000000 00000000 00000000 00000000 00000000 00000000 00000000 00000000 00000000 00000000 00000000 00000000 00000000 00000000 00000000 00000000 00000000 00000000 00000000 00000000 00000000 00000000 00000000 00000000 00000000 00000000 00000000  c8_vstart 0x00000000 mem 0x9000ec14 mem 0x9000ec34 mem 0x9000ec54 mem 0x9000ec74 mem 0x9000ec94 mem 0x9000ecb4 mem 0x9000ecd4 mem 0x9000ecf4 mem 0x9000ed14 mem 0x9000ed34 mem 0x9000ed54 mem 0x9000ed74 mem 0x9000ed94 mem 0x9000edb4 mem 0x9000edd4 mem 0x9000edf4 mem 0x9000ee14 mem 0x9000ee34 mem 0x9000ee54 mem 0x9000ee74 mem 0x9000ee94 mem 0x9000eeb4 mem 0x9000eed4 mem 0x9000eef4 mem 0x9000ef14 mem 0x9000ef34 mem 0x9000ef54 mem 0x9000ef74 mem 0x9000ef94 mem 0x9000efb4 mem 0x9000efd4 mem 0x9000eff4
core   0: 0x80000598 (0x0105287b) vlw12.v v16, v10, 16
core   0: 3 0x80000598 (0x0105287b) e32 m1 l32 v16 ffffffff 0x00000000 00000000 00000000 00000000 00000000 00000000 00000000 00000000 00000000 00000000 00000000 00000000 00000000 00000000 00000000 00000000 00000000 00000000 00000000 00000000 00000000 00000000 00000000 00000000 00000000 00000000 00000000 00000000 00000000 00000000 00000000 00000000  c8_vstart 0x00000000 mem 0x9000ec10 mem 0x9000ec30 mem 0x9000ec50 mem 0x9000ec70 mem 0x9000ec90 mem 0x9000ecb0 mem 0x9000ecd0 mem 0x9000ecf0 mem 0x9000ed10 mem 0x9000ed30 mem 0x9000ed50 mem 0x9000ed70 mem 0x9000ed90 mem 0x9000edb0 mem 0x9000edd0 mem 0x9000edf0 mem 0x9000ee10 mem 0x9000ee30 mem 0x9000ee50 mem 0x9000ee70 mem 0x9000ee90 mem 0x9000eeb0 mem 0x9000eed0 mem 0x9000eef0 mem 0x9000ef10 mem 0x9000ef30 mem 0x9000ef50 mem 0x9000ef70 mem 0x9000ef90 mem 0x9000efb0 mem 0x9000efd0 mem 0x9000eff0
core   0: 0x8000059c (0x00c527fb) vlw12.v v15, v10, 12
core   0: 3 0x8000059c (0x00c527fb) e32 m1 l32 v15 ffffffff 0x3d85c07d 3e1161fe be1c3308 bdefb74e b89c3780 3d613840 3e12b36a 3c4dac84 bd4f7b30 bdaa92f3 bdc57ecd be5784a2 3c9ee2f6 bd553436 3e0a7019 bd17b808 be0a261d 3d1e8398 bcc997c2 3d1f3cd5 bd2e94aa 3c496276 bbe8f804 3dc83fe2 bdae0970 3d64099e be299cc4 be1b8059 3d22ccf0 bd98aadd be03fbf6 3d0d9962  c8_vstart 0x00000000 mem 0x9000ec0c mem 0x9000ec2c mem 0x9000ec4c mem 0x9000ec6c mem 0x9000ec8c mem 0x9000ecac mem 0x9000eccc mem 0x9000ecec mem 0x9000ed0c mem 0x9000ed2c mem 0x9000ed4c mem 0x9000ed6c mem 0x9000ed8c mem 0x9000edac mem 0x9000edcc mem 0x9000edec mem 0x9000ee0c mem 0x9000ee2c mem 0x9000ee4c mem 0x9000ee6c mem 0x9000ee8c mem 0x9000eeac mem 0x9000eecc mem 0x9000eeec mem 0x9000ef0c mem 0x9000ef2c mem 0x9000ef4c mem 0x9000ef6c mem 0x9000ef8c mem 0x9000efac mem 0x9000efcc mem 0x9000efec
core   0: 0x800005a0 (0x0085277b) vlw12.v v14, v10, 8
core   0: 3 0x800005a0 (0x0085277b) e32 m1 l32 v14 ffffffff 0x3e588256 bd8ffb12 bd781373 3e0600c8 3e53ab9a bd5a9b38 bcb124ca 3e8db0a2 bdea8e9d 3d82ad93 3c22f46f 3e26619e bce5e79b 3d2631ca be68006c be1084b8 bc43aa9f 3e54ee67 bdd5aa23 bb5bb432 3de59407 3daf574a bdc20a3e 3e305687 bba75b8c bcc07d74 bd7bcf7c 3e23516a 3e067d3e bd06ac1c be1c348b bd87f4a4  c8_vstart 0x00000000 mem 0x9000ec08 mem 0x9000ec28 mem 0x9000ec48 mem 0x9000ec68 mem 0x9000ec88 mem 0x9000eca8 mem 0x9000ecc8 mem 0x9000ece8 mem 0x9000ed08 mem 0x9000ed28 mem 0x9000ed48 mem 0x9000ed68 mem 0x9000ed88 mem 0x9000eda8 mem 0x9000edc8 mem 0x9000ede8 mem 0x9000ee08 mem 0x9000ee28 mem 0x9000ee48 mem 0x9000ee68 mem 0x9000ee88 mem 0x9000eea8 mem 0x9000eec8 mem 0x9000eee8 mem 0x9000ef08 mem 0x9000ef28 mem 0x9000ef48 mem 0x9000ef68 mem 0x9000ef88 mem 0x9000efa8 mem 0x9000efc8 mem 0x9000efe8
core   0: 0x800005a4 (0x004526fb) vlw12.v v13, v10, 4
core   0: 3 0x800005a4 (0x004526fb) e32 m1 l32 v13 ffffffff 0xbe4b7c23 be74a858 3bbda4d5 be5c2c89 bdac6c42 3e048d1e bd80dea6 be13357b 3e4e82a9 bdb3304e bdbab3cd 3aba2a60 3e13c626 bdd75260 3d9ae62d 3e4e9128 3e892148 3ca52649 bdc4a136 bdcaa075 3d820176 bd4d49db be21c5a3 bdf86353 3d761961 bcb80fec be3d4893 3e3b3574 bdedb6d2 bd1268b2 3dae0cef 3d5a8e7a  c8_vstart 0x00000000 mem 0x9000ec04 mem 0x9000ec24 mem 0x9000ec44 mem 0x9000ec64 mem 0x9000ec84 mem 0x9000eca4 mem 0x9000ecc4 mem 0x9000ece4 mem 0x9000ed04 mem 0x9000ed24 mem 0x9000ed44 mem 0x9000ed64 mem 0x9000ed84 mem 0x9000eda4 mem 0x9000edc4 mem 0x9000ede4 mem 0x9000ee04 mem 0x9000ee24 mem 0x9000ee44 mem 0x9000ee64 mem 0x9000ee84 mem 0x9000eea4 mem 0x9000eec4 mem 0x9000eee4 mem 0x9000ef04 mem 0x9000ef24 mem 0x9000ef44 mem 0x9000ef64 mem 0x9000ef84 mem 0x9000efa4 mem 0x9000efc4 mem 0x9000efe4
core   0: 0x800005a8 (0x0005267b) vlw12.v v12, v10, 0
core   0: 3 0x800005a8 (0x0005267b) e32 m1 l32 v12 ffffffff 0xbdb27706 bc0140e2 3da807ed be32f130 bd402a7b 3d8285ef be198dd8 be2d10b6 bcbba1d7 bd3e6d02 bc33825a bc225f5f 3d7424cd 3d5ac0d3 bc8fcead 3e56cde1 3b927292 3cf17a86 3e8b2026 3da6d1b2 bd08ed00 3dd26815 be50dcde bde415cf 3db2fc64 bca35345 3d29d7e1 bd82c526 bdc08e1d 3dbc7b7c be21b3b5 bdbcc56c  c8_vstart 0x00000000 mem 0x9000ec00 mem 0x9000ec20 mem 0x9000ec40 mem 0x9000ec60 mem 0x9000ec80 mem 0x9000eca0 mem 0x9000ecc0 mem 0x9000ece0 mem 0x9000ed00 mem 0x9000ed20 mem 0x9000ed40 mem 0x9000ed60 mem 0x9000ed80 mem 0x9000eda0 mem 0x9000edc0 mem 0x9000ede0 mem 0x9000ee00 mem 0x9000ee20 mem 0x9000ee40 mem 0x9000ee60 mem 0x9000ee80 mem 0x9000eea0 mem 0x9000eec0 mem 0x9000eee0 mem 0x9000ef00 mem 0x9000ef20 mem 0x9000ef40 mem 0x9000ef60 mem 0x9000ef80 mem 0x9000efa0 mem 0x9000efc0 mem 0x9000efe0
core   0: 0x800005ac (0x02899457) vfadd.vv v8, v8, v19
core   0: 3 0x800005ac (0x02899457) c8_vstart 0x00000000 e32 m1 l32 v8  ffffffff 0x00000000 00000000 00000000 00000000 00000000 00000000 00000000 00000000 00000000 00000000 00000000 00000000 00000000 00000000 00000000 00000000 00000000 00000000 00000000 00000000 00000000 00000000 00000000 00000000 00000000 00000000 00000000 00000000 00000000 00000000 00000000 00000000 
core   0: 0x800005b0 (0x027913d7) vfadd.vv v7, v7, v18
core   0: 3 0x800005b0 (0x027913d7) c8_vstart 0x00000000 e32 m1 l32 v7  ffffffff 0x00000000 00000000 00000000 00000000 00000000 00000000 00000000 00000000 00000000 00000000 00000000 00000000 00000000 00000000 00000000 00000000 00000000 00000000 00000000 00000000 00000000 00000000 00000000 00000000 00000000 00000000 00000000 00000000 00000000 00000000 00000000 00000000 
core   0: 0x800005b4 (0x02689357) vfadd.vv v6, v6, v17
core   0: 3 0x800005b4 (0x02689357) c8_vstart 0x00000000 e32 m1 l32 v6  ffffffff 0x00000000 00000000 00000000 00000000 00000000 00000000 00000000 00000000 00000000 00000000 00000000 00000000 00000000 00000000 00000000 00000000 00000000 00000000 00000000 00000000 00000000 00000000 00000000 00000000 00000000 00000000 00000000 00000000 00000000 00000000 00000000 00000000 
core   0: 0x800005b8 (0x025812d7) vfadd.vv v5, v5, v16
core   0: 3 0x800005b8 (0x025812d7) c8_vstart 0x00000000 e32 m1 l32 v5  ffffffff 0x00000000 00000000 00000000 00000000 00000000 00000000 00000000 00000000 00000000 00000000 00000000 00000000 00000000 00000000 00000000 00000000 00000000 00000000 00000000 00000000 00000000 00000000 00000000 00000000 00000000 00000000 00000000 00000000 00000000 00000000 00000000 00000000 
core   0: 0x800005bc (0x02479257) vfadd.vv v4, v4, v15
core   0: 3 0x800005bc (0x02479257) c8_vstart 0x00000000 e32 m1 l32 v4  ffffffff 0x3d85c07d 3e1161fe be1c3308 bdefb74e b89c3780 3d613840 3e12b36a 3c4dac84 bd4f7b30 bdaa92f3 bdc57ecd be5784a2 3c9ee2f6 bd553436 3e0a7019 bd17b808 be0a261d 3d1e8398 bcc997c2 3d1f3cd5 bd2e94aa 3c496276 bbe8f804 3dc83fe2 bdae0970 3d64099e be299cc4 be1b8059 3d22ccf0 bd98aadd be03fbf6 3d0d9962 
core   0: 0x800005c0 (0x023711d7) vfadd.vv v3, v3, v14
core   0: 3 0x800005c0 (0x023711d7) c8_vstart 0x00000000 e32 m1 l32 v3  ffffffff 0x3e588256 bd8ffb12 bd781373 3e0600c8 3e53ab9a bd5a9b38 bcb124ca 3e8db0a2 bdea8e9d 3d82ad93 3c22f46f 3e26619e bce5e79b 3d2631ca be68006c be1084b8 bc43aa9f 3e54ee67 bdd5aa23 bb5bb432 3de59407 3daf574a bdc20a3e 3e305687 bba75b8c bcc07d74 bd7bcf7c 3e23516a 3e067d3e bd06ac1c be1c348b bd87f4a4 
core   0: 0x800005c4 (0x02269157) vfadd.vv v2, v2, v13
core   0: 3 0x800005c4 (0x02269157) c8_vstart 0x00000000 e32 m1 l32 v2  ffffffff 0xbe4b7c23 be74a858 3bbda4d5 be5c2c89 bdac6c42 3e048d1e bd80dea6 be13357b 3e4e82a9 bdb3304e bdbab3cd 3aba2a60 3e13c626 bdd75260 3d9ae62d 3e4e9128 3e892148 3ca52649 bdc4a136 bdcaa075 3d820176 bd4d49db be21c5a3 bdf86353 3d761961 bcb80fec be3d4893 3e3b3574 bdedb6d2 bd1268b2 3dae0cef 3d5a8e7a 
core   0: 0x800005c8 (0x021610d7) vfadd.vv v1, v1, v12
core   0: 3 0x800005c8 (0x021610d7) c8_vstart 0x00000000 e32 m1 l32 v1  ffffffff 0xbdb27706 bc0140e2 3da807ed be32f130 bd402a7b 3d8285ef be198dd8 be2d10b6 bcbba1d7 bd3e6d02 bc33825a bc225f5f 3d7424cd 3d5ac0d3 bc8fcead 3e56cde1 3b927292 3cf17a86 3e8b2026 3da6d1b2 bd08ed00 3dd26815 be50dcde bde415cf 3db2fc64 bca35345 3d29d7e1 bd82c526 bdc08e1d 3dbc7b7c be21b3b5 bdbcc56c 
core   0: 0x800005cc (0x0015958b) vsub12.vi v11, v11, 1
core   0: 3 0x800005cc (0x0015958b) c8_vstart 0x00000000 e32 m1 l32 v11 ffffffff 0x00000000 00000000 00000000 00000000 00000000 00000000 00000000 00000000 00000000 00000000 00000000 00000000 00000000 00000000 00000000 00000000 00000000 00000000 00000000 00000000 00000000 00000000 00000000 00000000 00000000 00000000 00000000 00000000 00000000 00000000 00000000 00000000 
core   0: 0x800005d0 (0x4005050b) vadd12.vi v10, v10, 1024
core   0: 3 0x800005d0 (0x4005050b) c8_vstart 0x00000000 e32 m1 l32 v10 ffffffff 0x9000f3e0 9000f3c0 9000f3a0 9000f380 9000f360 9000f340 9000f320 9000f300 9000f2e0 9000f2c0 9000f2a0 9000f280 9000f260 9000f240 9000f220 9000f200 9000f1e0 9000f1c0 9000f1a0 9000f180 9000f160 9000f140 9000f120 9000f100 9000f0e0 9000f0c0 9000f0a0 9000f080 9000f060 9000f040 9000f020 9000f000 
core   0: 0x800005d4 (0x00000317) auipc   x6, 0x0
core   0: 3 0x800005d4 (0x00000317) x6  0x800005d4
core   0: 0x800005d8 (0xf7c3305b) setrpc  x0, x6, -132
core   0: 3 0x800005d8 (0xf7c3305b) c2060_rpc 0x80000550 current mask:	ffffffff current npc:	800004d4 stack size: 0
core   0: 0x800005dc (0xf6ba0adb) vbeq    v11, v20, pc - 140
core   0: 3 0x800005dc (0xf6ba0adb) c8_vstart 0x00000000 e32 m1 l32 current mask:	ffffffff current npc:	80000550 stack size: 0
core   0: 0x80000550 (0x0000205b) join    v0, v0, pc + 0
core   0: 3 0x80000550 (0x0000205b) current mask:	ffffffff current npc:	80000550 stack size: 0
core   0: 0x80000554 (0x9692b4d7) vsll.vi v9, v9, 5
core   0: 3 0x80000554 (0x9692b4d7) c8_vstart 0x00000000 e32 m1 l32 v9  ffffffff 0x00000060 00000060 00000060 00000060 00000060 00000060 00000060 00000060 00000060 00000060 00000060 00000060 00000060 00000060 00000060 00000060 00000060 00000060 00000060 00000060 00000060 00000060 00000060 00000060 00000060 00000060 00000060 00000060 00000060 00000060 00000060 00000060 
core   0: 0x80000558 (0x02900057) vadd.vv v0, v9, v0
core   0: 3 0x80000558 (0x02900057) c8_vstart 0x00000000 e32 m1 l32 v0  ffffffff 0x0000007f 0000007e 0000007d 0000007c 0000007b 0000007a 00000079 00000078 00000077 00000076 00000075 00000074 00000073 00000072 00000071 00000070 0000006f 0000006e 0000006d 0000006c 0000006b 0000006a 00000069 00000068 00000067 00000066 00000065 00000064 00000063 00000062 00000061 00000060 
core   0: 0x8000055c (0x9602b057) vsll.vi v0, v0, 5
core   0: 3 0x8000055c (0x9602b057) c8_vstart 0x00000000 e32 m1 l32 v0  ffffffff 0x00000fe0 00000fc0 00000fa0 00000f80 00000f60 00000f40 00000f20 00000f00 00000ee0 00000ec0 00000ea0 00000e80 00000e60 00000e40 00000e20 00000e00 00000de0 00000dc0 00000da0 00000d80 00000d60 00000d40 00000d20 00000d00 00000ce0 00000cc0 00000ca0 00000c80 00000c60 00000c40 00000c20 00000c00 
core   0: 0x80000560 (0xff812283) lw      x5, -8(x2)
core   0: 3 0x80000560 (0xff812283) x5  0x90011000 mem 0x70000010
core   0: 0x80000564 (0x0202c057) vadd.vx v0, v0, x5
core   0: 3 0x80000564 (0x0202c057) c8_vstart 0x00000000 e32 m1 l32 v0  ffffffff 0x90011fe0 90011fc0 90011fa0 90011f80 90011f60 90011f40 90011f20 90011f00 90011ee0 90011ec0 90011ea0 90011e80 90011e60 90011e40 90011e20 90011e00 90011de0 90011dc0 90011da0 90011d80 90011d60 90011d40 90011d20 90011d00 90011ce0 90011cc0 90011ca0 90011c80 90011c60 90011c40 90011c20 90011c00 
core   0: 0x80000568 (0x00806e7b) vsw12.v v8, v0, 28
core   0: 3 0x80000568 (0x00806e7b) c8_vstart 0x00000000 e32 m1 l32 mem 0x90011c1c 0x00000000 mem 0x90011c3c 0x00000000 mem 0x90011c5c 0x00000000 mem 0x90011c7c 0x00000000 mem 0x90011c9c 0x00000000 mem 0x90011cbc 0x00000000 mem 0x90011cdc 0x00000000 mem 0x90011cfc 0x00000000 mem 0x90011d1c 0x00000000 mem 0x90011d3c 0x00000000 mem 0x90011d5c 0x00000000 mem 0x90011d7c 0x00000000 mem 0x90011d9c 0x00000000 mem 0x90011dbc 0x00000000 mem 0x90011ddc 0x00000000 mem 0x90011dfc 0x00000000 mem 0x90011e1c 0x00000000 mem 0x90011e3c 0x00000000 mem 0x90011e5c 0x00000000 mem 0x90011e7c 0x00000000 mem 0x90011e9c 0x00000000 mem 0x90011ebc 0x00000000 mem 0x90011edc 0x00000000 mem 0x90011efc 0x00000000 mem 0x90011f1c 0x00000000 mem 0x90011f3c 0x00000000 mem 0x90011f5c 0x00000000 mem 0x90011f7c 0x00000000 mem 0x90011f9c 0x00000000 mem 0x90011fbc 0x00000000 mem 0x90011fdc 0x00000000 mem 0x90011ffc 0x00000000
core   0: 0x8000056c (0x00706c7b) vsw12.v v7, v0, 24
core   0: 3 0x8000056c (0x00706c7b) c8_vstart 0x00000000 e32 m1 l32 mem 0x90011c18 0x00000000 mem 0x90011c38 0x00000000 mem 0x90011c58 0x00000000 mem 0x90011c78 0x00000000 mem 0x90011c98 0x00000000 mem 0x90011cb8 0x00000000 mem 0x90011cd8 0x00000000 mem 0x90011cf8 0x00000000 mem 0x90011d18 0x00000000 mem 0x90011d38 0x00000000 mem 0x90011d58 0x00000000 mem 0x90011d78 0x00000000 mem 0x90011d98 0x00000000 mem 0x90011db8 0x00000000 mem 0x90011dd8 0x00000000 mem 0x90011df8 0x00000000 mem 0x90011e18 0x00000000 mem 0x90011e38 0x00000000 mem 0x90011e58 0x00000000 mem 0x90011e78 0x00000000 mem 0x90011e98 0x00000000 mem 0x90011eb8 0x00000000 mem 0x90011ed8 0x00000000 mem 0x90011ef8 0x00000000 mem 0x90011f18 0x00000000 mem 0x90011f38 0x00000000 mem 0x90011f58 0x00000000 mem 0x90011f78 0x00000000 mem 0x90011f98 0x00000000 mem 0x90011fb8 0x00000000 mem 0x90011fd8 0x00000000 mem 0x90011ff8 0x00000000
core   0: 0x80000570 (0x00606a7b) vsw12.v v6, v0, 20
core   0: 3 0x80000570 (0x00606a7b) c8_vstart 0x00000000 e32 m1 l32 mem 0x90011c14 0x00000000 mem 0x90011c34 0x00000000 mem 0x90011c54 0x00000000 mem 0x90011c74 0x00000000 mem 0x90011c94 0x00000000 mem 0x90011cb4 0x00000000 mem 0x90011cd4 0x00000000 mem 0x90011cf4 0x00000000 mem 0x90011d14 0x00000000 mem 0x90011d34 0x00000000 mem 0x90011d54 0x00000000 mem 0x90011d74 0x00000000 mem 0x90011d94 0x00000000 mem 0x90011db4 0x00000000 mem 0x90011dd4 0x00000000 mem 0x90011df4 0x00000000 mem 0x90011e14 0x00000000 mem 0x90011e34 0x00000000 mem 0x90011e54 0x00000000 mem 0x90011e74 0x00000000 mem 0x90011e94 0x00000000 mem 0x90011eb4 0x00000000 mem 0x90011ed4 0x00000000 mem 0x90011ef4 0x00000000 mem 0x90011f14 0x00000000 mem 0x90011f34 0x00000000 mem 0x90011f54 0x00000000 mem 0x90011f74 0x00000000 mem 0x90011f94 0x00000000 mem 0x90011fb4 0x00000000 mem 0x90011fd4 0x00000000 mem 0x90011ff4 0x00000000
core   0: 0x80000574 (0x0050687b) vsw12.v v5, v0, 16
core   0: 3 0x80000574 (0x0050687b) c8_vstart 0x00000000 e32 m1 l32 mem 0x90011c10 0x00000000 mem 0x90011c30 0x00000000 mem 0x90011c50 0x00000000 mem 0x90011c70 0x00000000 mem 0x90011c90 0x00000000 mem 0x90011cb0 0x00000000 mem 0x90011cd0 0x00000000 mem 0x90011cf0 0x00000000 mem 0x90011d10 0x00000000 mem 0x90011d30 0x00000000 mem 0x90011d50 0x00000000 mem 0x90011d70 0x00000000 mem 0x90011d90 0x00000000 mem 0x90011db0 0x00000000 mem 0x90011dd0 0x00000000 mem 0x90011df0 0x00000000 mem 0x90011e10 0x00000000 mem 0x90011e30 0x00000000 mem 0x90011e50 0x00000000 mem 0x90011e70 0x00000000 mem 0x90011e90 0x00000000 mem 0x90011eb0 0x00000000 mem 0x90011ed0 0x00000000 mem 0x90011ef0 0x00000000 mem 0x90011f10 0x00000000 mem 0x90011f30 0x00000000 mem 0x90011f50 0x00000000 mem 0x90011f70 0x00000000 mem 0x90011f90 0x00000000 mem 0x90011fb0 0x00000000 mem 0x90011fd0 0x00000000 mem 0x90011ff0 0x00000000
core   0: 0x80000578 (0x0040667b) vsw12.v v4, v0, 12
core   0: 3 0x80000578 (0x0040667b) c8_vstart 0x00000000 e32 m1 l32 mem 0x90011c0c 0x3d0d9962 mem 0x90011c2c 0xbe03fbf6 mem 0x90011c4c 0xbd98aadd mem 0x90011c6c 0x3d22ccf0 mem 0x90011c8c 0xbe1b8059 mem 0x90011cac 0xbe299cc4 mem 0x90011ccc 0x3d64099e mem 0x90011cec 0xbdae0970 mem 0x90011d0c 0x3dc83fe2 mem 0x90011d2c 0xbbe8f804 mem 0x90011d4c 0x3c496276 mem 0x90011d6c 0xbd2e94aa mem 0x90011d8c 0x3d1f3cd5 mem 0x90011dac 0xbcc997c2 mem 0x90011dcc 0x3d1e8398 mem 0x90011dec 0xbe0a261d mem 0x90011e0c 0xbd17b808 mem 0x90011e2c 0x3e0a7019 mem 0x90011e4c 0xbd553436 mem 0x90011e6c 0x3c9ee2f6 mem 0x90011e8c 0xbe5784a2 mem 0x90011eac 0xbdc57ecd mem 0x90011ecc 0xbdaa92f3 mem 0x90011eec 0xbd4f7b30 mem 0x90011f0c 0x3c4dac84 mem 0x90011f2c 0x3e12b36a mem 0x90011f4c 0x3d613840 mem 0x90011f6c 0xb89c3780 mem 0x90011f8c 0xbdefb74e mem 0x90011fac 0xbe1c3308 mem 0x90011fcc 0x3e1161fe mem 0x90011fec 0x3d85c07d
core   0: 0x8000057c (0x0030647b) vsw12.v v3, v0, 8
core   0: 3 0x8000057c (0x0030647b) c8_vstart 0x00000000 e32 m1 l32 mem 0x90011c08 0xbd87f4a4 mem 0x90011c28 0xbe1c348b mem 0x90011c48 0xbd06ac1c mem 0x90011c68 0x3e067d3e mem 0x90011c88 0x3e23516a mem 0x90011ca8 0xbd7bcf7c mem 0x90011cc8 0xbcc07d74 mem 0x90011ce8 0xbba75b8c mem 0x90011d08 0x3e305687 mem 0x90011d28 0xbdc20a3e mem 0x90011d48 0x3daf574a mem 0x90011d68 0x3de59407 mem 0x90011d88 0xbb5bb432 mem 0x90011da8 0xbdd5aa23 mem 0x90011dc8 0x3e54ee67 mem 0x90011de8 0xbc43aa9f mem 0x90011e08 0xbe1084b8 mem 0x90011e28 0xbe68006c mem 0x90011e48 0x3d2631ca mem 0x90011e68 0xbce5e79b mem 0x90011e88 0x3e26619e mem 0x90011ea8 0x3c22f46f mem 0x90011ec8 0x3d82ad93 mem 0x90011ee8 0xbdea8e9d mem 0x90011f08 0x3e8db0a2 mem 0x90011f28 0xbcb124ca mem 0x90011f48 0xbd5a9b38 mem 0x90011f68 0x3e53ab9a mem 0x90011f88 0x3e0600c8 mem 0x90011fa8 0xbd781373 mem 0x90011fc8 0xbd8ffb12 mem 0x90011fe8 0x3e588256
core   0: 0x80000580 (0x0020627b) vsw12.v v2, v0, 4
core   0: 3 0x80000580 (0x0020627b) c8_vstart 0x00000000 e32 m1 l32 mem 0x90011c04 0x3d5a8e7a mem 0x90011c24 0x3dae0cef mem 0x90011c44 0xbd1268b2 mem 0x90011c64 0xbdedb6d2 mem 0x90011c84 0x3e3b3574 mem 0x90011ca4 0xbe3d4893 mem 0x90011cc4 0xbcb80fec mem 0x90011ce4 0x3d761961 mem 0x90011d04 0xbdf86353 mem 0x90011d24 0xbe21c5a3 mem 0x90011d44 0xbd4d49db mem 0x90011d64 0x3d820176 mem 0x90011d84 0xbdcaa075 mem 0x90011da4 0xbdc4a136 mem 0x90011dc4 0x3ca52649 mem 0x90011de4 0x3e892148 mem 0x90011e04 0x3e4e9128 mem 0x90011e24 0x3d9ae62d mem 0x90011e44 0xbdd75260 mem 0x90011e64 0x3e13c626 mem 0x90011e84 0x3aba2a60 mem 0x90011ea4 0xbdbab3cd mem 0x90011ec4 0xbdb3304e mem 0x90011ee4 0x3e4e82a9 mem 0x90011f04 0xbe13357b mem 0x90011f24 0xbd80dea6 mem 0x90011f44 0x3e048d1e mem 0x90011f64 0xbdac6c42 mem 0x90011f84 0xbe5c2c89 mem 0x90011fa4 0x3bbda4d5 mem 0x90011fc4 0xbe74a858 mem 0x90011fe4 0xbe4b7c23
core   0: 0x80000584 (0x0010607b) vsw12.v v1, v0, 0
core   0: 3 0x80000584 (0x0010607b) c8_vstart 0x00000000 e32 m1 l32 mem 0x90011c00 0xbdbcc56c mem 0x90011c20 0xbe21b3b5 mem 0x90011c40 0x3dbc7b7c mem 0x90011c60 0xbdc08e1d mem 0x90011c80 0xbd82c526 mem 0x90011ca0 0x3d29d7e1 mem 0x90011cc0 0xbca35345 mem 0x90011ce0 0x3db2fc64 mem 0x90011d00 0xbde415cf mem 0x90011d20 0xbe50dcde mem 0x90011d40 0x3dd26815 mem 0x90011d60 0xbd08ed00 mem 0x90011d80 0x3da6d1b2 mem 0x90011da0 0x3e8b2026 mem 0x90011dc0 0x3cf17a86 mem 0x90011de0 0x3b927292 mem 0x90011e00 0x3e56cde1 mem 0x90011e20 0xbc8fcead mem 0x90011e40 0x3d5ac0d3 mem 0x90011e60 0x3d7424cd mem 0x90011e80 0xbc225f5f mem 0x90011ea0 0xbc33825a mem 0x90011ec0 0xbd3e6d02 mem 0x90011ee0 0xbcbba1d7 mem 0x90011f00 0xbe2d10b6 mem 0x90011f20 0xbe198dd8 mem 0x90011f40 0x3d8285ef mem 0x90011f60 0xbd402a7b mem 0x90011f80 0xbe32f130 mem 0x90011fa0 0x3da807ed mem 0x90011fc0 0xbc0140e2 mem 0x90011fe0 0xbdb27706
core   0: 0x80000588 (0x05c0006f) j       pc + 0x5c
core   0: 3 0x80000588 (0x05c0006f)
core   0: 0x800005e4 (0x0000205b) join    v0, v0, pc + 0
core   0: 3 0x800005e4 (0x0000205b) current mask:	ffffffff current npc:	80000550 stack size: 0
core   0: 0x800005e8 (0xfe812083) lw      x1, -24(x2)
core   0: 3 0x800005e8 (0xfe812083) x1  0x800000a0 mem 0x70000000
core   0: 0x800005ec (0xfe810113) addi    x2, x2, -24
core   0: 3 0x800005ec (0xfe810113) x2  0x70000000
core   0: 0x800005f0 (0xffc20213) addi    x4, x4, -4
core   0: 3 0x800005f0 (0xffc20213) x4  0x00000000
core   0: 0x800005f4 (0x0010200b) regext  x0, x0,  0 0 0 1 
core   0: 3 0x800005f4 (0x0010200b)
core   0: 0x800005f8 (0x5e024057) vmv.v.x v0, x4
core   0: 3 0x800005f8 (0x5e024057) c8_vstart 0x00000core   0: 0x00001000 (0x00000297) auipc   x5, 0x0
core   0: 3 0x00001000 (0x00000297) x5  0x00001000
core   0: 0x00001004 (0x02028593) addi    x11, x5, 32
core   0: 3 0x00001004 (0x02028593) x11 0x00001020
core   0: 0x00001008 (0xf1402573) csrr    x10, mhartid
core   0: 3 0x00001008 (0xf1402573) x10 0x00000000
core   0: 0x0000100c (0x0182a283) lw      x5, 24(x5)
core   0: 3 0x0000100c (0x0182a283) x5  0x80000000 mem 0x00001018
core   0: 0x00001010 (0x00028067) jr      x5
core   0: 3 0x00001010 (0x00028067)
core   0: 0x80000000 (0x00004197) auipc   x3, 0x4
core   0: 3 0x80000000 (0x00004197) x3  0x80004000
core   0: 0x80000004 (0x80818193) addi    x3, x3, -2040
core   0: 3 0x80000004 (0x80818193) x3  0x80003808
core   0: 0x80000008 (0x02000e93) li      x29, 32
core   0: 3 0x80000008 (0x02000e93) x29 0x00000020
core   0: 0x8000000c (0x0d0efed7) vsetvli x29, x29, e32, m1, ta, ma
core   0: 3 0x8000000c (0x0d0efed7) x29 0x00000020 c8_vstart 0x00000000 c3104_vl 0x00000020 c3105_vtype 0x000000d0 c768_mstatus 0x80000600
core   0: 0x80000010 (0x00002eb7) lui     x29, 0x2
core   0: 3 0x80000010 (0x00002eb7) x29 0x00002000
core   0: 0x80000014 (0x300eaef3) csrrs   x29, mstatus, x29
core   0: 3 0x80000014 (0x300eaef3) x29 0x80000600 c768_mstatus 0x80006600
core   0: 0x80000018 (0x00000e93) li      x29, 0
core   0: 3 0x80000018 (0x00000e93) x29 0x00000000
core   0: 0x8000001c (0x80502373) csrr    x6, wid
core   0: 3 0x8000001c (0x80502373) x6  0x00000000
core   0: 0x80000020 (0x806023f3) csrr    x7, lds
core   0: 3 0x80000020 (0x806023f3) x7  0x70000000
core   0: 0x80000024 (0x40000e13) li      x28, 1024
core   0: 3 0x80000024 (0x40000e13) x28 0x00000400
core   0: 0x80000028 (0x03c30333) mul     x6, x6, x28
core   0: 3 0x80000028 (0x03c30333) x6  0x00000000
core   0: 0x8000002c (0x00730133) add     x2, x6, x7
core   0: 3 0x8000002c (0x00730133) x2  0x70000000
core   0: 0x80000030 (0x00000213) li      x4, 0
core   0: 3 0x80000030 (0x00000213) x4  0x00000000
core   0: 0x80000034 (0x80102f73) csrr    x30, numw
core   0: 3 0x80000034 (0x80102f73) x30 0x00000001
core   0: 0x80000038 (0x40000e13) li      x28, 1024
core   0: 3 0x80000038 (0x40000e13) x28 0x00000400
core   0: 0x8000003c (0x03cf0f33) mul     x30, x30, x28
core   0: 3 0x8000003c (0x03cf0f33) x30 0x00000400
core   0: 0x80000040 (0x01e38433) add     x8, x7, x30
core   0: 3 0x80000040 (0x01e38433) x8  0x70000400
core   0: 0x80000044 (0x00003517) auipc   x10, 0x3
core   0: 3 0x80000044 (0x00003517) x10 0x80003044
core   0: 0x80000048 (0xfc450513) addi    x10, x10, -60
core   0: 3 0x80000048 (0xfc450513) x10 0x80003008
core   0: 0x8000004c (0x00003617) auipc   x12, 0x3
core   0: 3 0x8000004c (0x00003617) x12 0x8000304c
core   0: 0x80000050 (0xfbc60613) addi    x12, x12, -68
core   0: 3 0x80000050 (0xfbc60613) x12 0x80003008
core   0: 0x80000054 (0x00c50863) beq     x10, x12, pc + 16
core   0: 3 0x80000054 (0x00c50863)
core   0: 0x80000064 (0x803022f3) csrr    x5, knl
core   0: 3 0x80000064 (0x803022f3) x5  0x90195000
core   0: 0x80000068 (0x0002a303) lw      x6, 0(x5)
core   0: 3 0x80000068 (0x0002a303) x6  0x80000464 mem 0x90195000
core   0: 0x8000006c (0x0042a503) lw      x10, 4(x5)
core   0: 3 0x8000006c (0x0042a503) x10 0x90014000 mem 0x90195004
core   0: 0x80000070 (0x0302a383) lw      x7, 48(x5)
core   0: 3 0x80000070 (0x0302a383) x7  0x00000000 mem 0x90195030
core   0: 0x80000074 (0x0342ae03) lw      x28, 52(x5)
core   0: 3 0x80000074 (0x0342ae03) x28 0x00000000 mem 0x90195034
core   0: 0x80000078 (0x00003e97) auipc   x29, 0x3
core   0: 3 0x80000078 (0x00003e97) x29 0x80003078
core   0: 0x8000007c (0xf88e8e93) addi    x29, x29, -120
core   0: 3 0x8000007c (0xf88e8e93) x29 0x80003000
core   0: 0x80000080 (0x00003f17) auipc   x30, 0x3
core   0: 3 0x80000080 (0x00003f17) x30 0x80003080
core   0: 0x80000084 (0xf84f0f13) addi    x30, x30, -124
core   0: 3 0x80000084 (0xf84f0f13) x30 0x80003004
core   0: 0x80000088 (0x007ea023) sw      x7, 0(x29)
core   0: 3 0x80000088 (0x007ea023) mem 0x80003000 0x00000000
core   0: 0x8000008c (0x01cf2023) sw      x28, 0(x30)
core   0: 3 0x8000008c (0x01cf2023) mem 0x80003004 0x00000000
core   0: 0x80000090 (0x00000f97) auipc   x31, 0x0
core   0: 3 0x80000090 (0x00000f97) x31 0x80000090
core   0: 0x80000094 (0x018f8f93) addi    x31, x31, 24
core   0: 3 0x80000094 (0x018f8f93) x31 0x800000a8
core   0: 0x80000098 (0x305f9073) csrw    mtvec, x31
core   0: 3 0x80000098 (0x305f9073) c773_mtvec 0x800000a8
core   0: 0x8000009c (0x000300e7) jalr    x6
core   0: 3 0x8000009c (0x000300e7) x1  0x800000a0
core   0: 0x80000464 (0x01810113) addi    x2, x2, 24
core   0: 3 0x80000464 (0x01810113) x2  0x70000018
core   0: 0x80000468 (0x00420213) addi    x4, x4, 4
core   0: 3 0x80000468 (0x00420213) x4  0x00000004
core   0: 0x8000046c (0x0010200b) regext  x0, x0,  0 0 0 1 
core   0: 3 0x8000046c (0x0010200b)
core   0: 0x80000470 (0x5e024057) vmv.v.x v0, x4
core   0: 3 0x80000470 (0x5e024057) c8_vstart 0x00000000 e32 m1 l32 v32 ffffffff 0x00000004 00000004 00000004 00000004 00000004 00000004 00000004 00000004 00000004 00000004 00000004 00000004 00000004 00000004 00000004 00000004 00000004 00000004 00000004 00000004 00000004 00000004 00000004 00000004 00000004 00000004 00000004 00000004 00000004 00000004 00000004 00000004 
core   0: 0x80000474 (0xfe112423) sw      x1, -24(x2)
core   0: 3 0x80000474 (0xfe112423) mem 0x70000000 0x800000a0
core   0: 0x80000478 (0x01052283) lw      x5, 16(x10)
core   0: 3 0x80000478 (0x01052283) x5  0x90011000 mem 0x90014010
core   0: 0x8000047c (0xfe512c23) sw      x5, -8(x2)
core   0: 3 0x8000047c (0xfe512c23) mem 0x70000010 0x90011000
core   0: 0x80000480 (0x00c52283) lw      x5, 12(x10)
core   0: 3 0x80000480 (0x00c52283) x5  0x00000001 mem 0x9001400c
core   0: 0x80000484 (0xfe512a23) sw      x5, -12(x2)
core   0: 3 0x80000484 (0xfe512a23) mem 0x7000000c 0x00000001
core   0: 0x80000488 (0x00452283) lw      x5, 4(x10)
core   0: 3 0x80000488 (0x00452283) x5  0x00000000 mem 0x90014004
core   0: 0x8000048c (0xfe512823) sw      x5, -16(x2)
core   0: 3 0x8000048c (0xfe512823) mem 0x70000008 0x00000000
core   0: 0x80000490 (0x00052283) lw      x5, 0(x10)
core   0: 3 0x80000490 (0x00052283) x5  0x9000e000 mem 0x90014000
core   0: 0x80000494 (0xfe512623) sw      x5, -20(x2)
core   0: 3 0x80000494 (0xfe512623) mem 0x70000004 0x9000e000
core   0: 0x80000498 (0x00852283) lw      x5, 8(x10)
core   0: 3 0x80000498 (0x00852283) x5  0x0000000c mem 0x90014008
core   0: 0x8000049c (0xfe512e23) sw      x5, -4(x2)
core   0: 3 0x8000049c (0xfe512e23) mem 0x70000014 0x0000000c
core   0: 0x800004a0 (0x5e004057) vmv.v.x v0, x0
core   0: 3 0x800004a0 (0x5e004057) c8_vstart 0x00000000 e32 m1 l32 v0  ffffffff 0x00000000 00000000 00000000 00000000 00000000 00000000 00000000 00000000 00000000 00000000 00000000 00000000 00000000 00000000 00000000 00000000 00000000 00000000 00000000 00000000 00000000 00000000 00000000 00000000 00000000 00000000 00000000 00000000 00000000 00000000 00000000 00000000 
core   0: 0x800004a4 (0x1d4000ef) jal     pc + 0x1d4
core   0: 3 0x800004a4 (0x1d4000ef) x1  0x800004a8
core   0: 0x80000678 (0x00410113) addi    x2, x2, 4
core   0: 3 0x80000678 (0x00410113) x2  0x7000001c
core   0: 0x8000067c (0xfe112e23) sw      x1, -4(x2)
core   0: 3 0x8000067c (0xfe112e23) mem 0x70000018 0x800004a8
core   0: 0x80000680 (0x020040d7) vadd.vx v1, v0, x0
core   0: 3 0x80000680 (0x020040d7) c8_vstart 0x00000000 e32 m1 l32 v1  ffffffff 0x00000000 00000000 00000000 00000000 00000000 00000000 00000000 00000000 00000000 00000000 00000000 00000000 00000000 00000000 00000000 00000000 00000000 00000000 00000000 00000000 00000000 00000000 00000000 00000000 00000000 00000000 00000000 00000000 00000000 00000000 00000000 00000000 
core   0: 0x80000684 (0x00200293) li      x5, 2
core   0: 3 0x80000684 (0x00200293) x5  0x00000002
core   0: 0x80000688 (0x5e02c057) vmv.v.x v0, x5
core   0: 3 0x80000688 (0x5e02c057) c8_vstart 0x00000000 e32 m1 l32 v0  ffffffff 0x00000002 00000002 00000002 00000002 00000002 00000002 00000002 00000002 00000002 00000002 00000002 00000002 00000002 00000002 00000002 00000002 00000002 00000002 00000002 00000002 00000002 00000002 00000002 00000002 00000002 00000002 00000002 00000002 00000002 00000002 00000002 00000002 
core   0: 0x8000068c (0x00000317) auipc   x6, 0x0
core   0: 3 0x8000068c (0x00000317) x6  0x8000068c
core   0: 0x80000690 (0x0543305b) setrpc  x0, x6, 84
core   0: 3 0x80000690 (0x0543305b) c2060_rpc 0x800006e0 current mask:	ffffffff current npc:	00000000 stack size: 0
core   0: 0x80000694 (0x0410045b) vbeq    v1, v0, pc + 72
core   0: 3 0x80000694 (0x0410045b) c8_vstart 0x00000000 e32 m1 l32 current mask:	ffffffff current npc:	80000698 stack size: 0
core   0: 0x80000698 (0x0040006f) j       pc + 0x4
core   0: 3 0x80000698 (0x0040006f)
core   0: 0x8000069c (0x00100293) li      x5, 1
core   0: 3 0x8000069c (0x00100293) x5  0x00000001
core   0: 0x800006a0 (0x5e02c057) vmv.v.x v0, x5
core   0: 3 0x800006a0 (0x5e02c057) c8_vstart 0x00000000 e32 m1 l32 v0  ffffffff 0x00000001 00000001 00000001 00000001 00000001 00000001 00000001 00000001 00000001 00000001 00000001 00000001 00000001 00000001 00000001 00000001 00000001 00000001 00000001 00000001 00000001 00000001 00000001 00000001 00000001 00000001 00000001 00000001 00000001 00000001 00000001 00000001 
core   0: 0x800006a4 (0x00000317) auipc   x6, 0x0
core   0: 3 0x800006a4 (0x00000317) x6  0x800006a4
core   0: 0x800006a8 (0x03c3305b) setrpc  x0, x6, 60
core   0: 3 0x800006a8 (0x03c3305b) c2060_rpc 0x800006e0 current mask:	ffffffff current npc:	80000698 stack size: 0
core   0: 0x800006ac (0x0210045b) vbeq    v1, v0, pc + 40
core   0: 3 0x800006ac (0x0210045b) c8_vstart 0x00000000 e32 m1 l32 current mask:	ffffffff current npc:	800006b0 stack size: 0
core   0: 0x800006b0 (0x0040006f) j       pc + 0x4
core   0: 3 0x800006b0 (0x0040006f)
core   0: 0x800006b4 (0x5e004157) vmv.v.x v2, x0
core   0: 3 0x800006b4 (0x5e004157) c8_vstart 0x00000000 e32 m1 l32 v2  ffffffff 0x00000000 00000000 00000000 00000000 00000000 00000000 00000000 00000000 00000000 00000000 00000000 00000000 00000000 00000000 00000000 00000000 00000000 00000000 00000000 00000000 00000000 00000000 00000000 00000000 00000000 00000000 00000000 00000000 00000000 00000000 00000000 00000000 
core   0: 0x800006b8 (0x5e004057) vmv.v.x v0, x0
core   0: 3 0x800006b8 (0x5e004057) c8_vstart 0x00000000 e32 m1 l32 v0  ffffffff 0x00000000 00000000 00000000 00000000 00000000 00000000 00000000 00000000 00000000 00000000 00000000 00000000 00000000 00000000 00000000 00000000 00000000 00000000 00000000 00000000 00000000 00000000 00000000 00000000 00000000 00000000 00000000 00000000 00000000 00000000 00000000 00000000 
core   0: 0x800006bc (0x00000317) auipc   x6, 0x0
core   0: 3 0x800006bc (0x00000317) x6  0x800006bc
core   0: 0x800006c0 (0x0243305b) setrpc  x0, x6, 36
core   0: 3 0x800006c0 (0x0243305b) c2060_rpc 0x800006e0 current mask:	ffffffff current npc:	800006b0 stack size: 0
core   0: 0x800006c4 (0x00111e5b) vbne    v1, v2, pc + 28
core   0: 3 0x800006c4 (0x00111e5b) c8_vstart 0x00000000 e32 m1 l32 current mask:	ffffffff current npc:	800006c8 stack size: 0
core   0: 0x800006c8 (0x0040006f) j       pc + 0x4
core   0: 3 0x800006c8 (0x0040006f)
core   0: 0x800006cc (0x09c000ef) jal     pc + 0x9c
core   0: 3 0x800006cc (0x09c000ef) x1  0x800006d0
core   0: 0x80000768 (0x80802573) csrr    x10, gidx
core   0: 3 0x80000768 (0x80802573) x10 0x00000004
core   0: 0x8000076c (0x5e054057) vmv.v.x v0, x10
core   0: 3 0x8000076c (0x5e054057) c8_vstart 0x00000000 e32 m1 l32 v0  ffffffff 0x00000004 00000004 00000004 00000004 00000004 00000004 00000004 00000004 00000004 00000004 00000004 00000004 00000004 00000004 00000004 00000004 00000004 00000004 00000004 00000004 00000004 00000004 00000004 00000004 00000004 00000004 00000004 00000004 00000004 00000004 00000004 00000004 
core   0: 0x80000770 (0x00008067) ret
core   0: 3 0x80000770 (0x00008067)
core   0: 0x800006d0 (0x0100006f) j       pc + 0x10
core   0: 3 0x800006d0 (0x0100006f)
core   0: 0x800006e0 (0x0000205b) join    v0, v0, pc + 0
core   0: 3 0x800006e0 (0x0000205b) current mask:	ffffffff current npc:	800006c8 stack size: 0
core   0: 0x800006e4 (0xffc12083) lw      x1, -4(x2)
core   0: 3 0x800006e4 (0xffc12083) x1  0x800004a8 mem 0x70000018
core   0: 0x800006e8 (0xffc10113) addi    x2, x2, -4
core   0: 3 0x800006e8 (0xffc10113) x2  0x70000018
core   0: 0x800006ec (0x00008067) ret
core   0: 3 0x800006ec (0x00008067)
core   0: 0x800004a8 (0x0080200b) regext  x0, x0,  0 0 1 0 
core   0: 3 0x800004a8 (0x0080200b)
core   0: 0x800004ac (0xfe002e2b) vsw.v   v0, x0, -4
core   0: 3 0x800004ac (0xfe002e2b) c8_vstart 0x00000000 mem 0x90015000 0x00000004 mem 0x90015004 0x00000004 mem 0x90015008 0x00000004 mem 0x9001500c 0x00000004 mem 0x90015010 0x00000004 mem 0x90015014 0x00000004 mem 0x90015018 0x00000004 mem 0x9001501c 0x00000004 mem 0x90015020 0x00000004 mem 0x90015024 0x00000004 mem 0x90015028 0x00000004 mem 0x9001502c 0x00000004 mem 0x90015030 0x00000004 mem 0x90015034 0x00000004 mem 0x90015038 0x00000004 mem 0x9001503c 0x00000004 mem 0x90015040 0x00000004 mem 0x90015044 0x00000004 mem 0x90015048 0x00000004 mem 0x9001504c 0x00000004 mem 0x90015050 0x00000004 mem 0x90015054 0x00000004 mem 0x90015058 0x00000004 mem 0x9001505c 0x00000004 mem 0x90015060 0x00000004 mem 0x90015064 0x00000004 mem 0x90015068 0x00000004 mem 0x9001506c 0x00000004 mem 0x90015070 0x00000004 mem 0x90015074 0x00000004 mem 0x90015078 0x00000004 mem 0x9001507c 0x00000004
core   0: 0x800004b0 (0x5e004057) vmv.v.x v0, x0
core   0: 3 0x800004b0 (0x5e004057) c8_vstart 0x00000000 e32 m1 l32 v0  ffffffff 0x00000000 00000000 00000000 00000000 00000000 00000000 00000000 00000000 00000000 00000000 00000000 00000000 00000000 00000000 00000000 00000000 00000000 00000000 00000000 00000000 00000000 00000000 00000000 00000000 00000000 00000000 00000000 00000000 00000000 00000000 00000000 00000000 
core   0: 0x800004b4 (0x14c000ef) jal     pc + 0x14c
core   0: 3 0x800004b4 (0x14c000ef) x1  0x800004b8
core   0: 0x80000600 (0x00410113) addi    x2, x2, 4
core   0: 3 0x80000600 (0x00410113) x2  0x7000001c
core   0: 0x80000604 (0xfe112e23) sw      x1, -4(x2)
core   0: 3 0x80000604 (0xfe112e23) mem 0x70000018 0x800004b8
core   0: 0x80000608 (0x020040d7) vadd.vx v1, v0, x0
core   0: 3 0x80000608 (0x020040d7) c8_vstart 0x00000000 e32 m1 l32 v1  ffffffff 0x00000000 00000000 00000000 00000000 00000000 00000000 00000000 00000000 00000000 00000000 00000000 00000000 00000000 00000000 00000000 00000000 00000000 00000000 00000000 00000000 00000000 00000000 00000000 00000000 00000000 00000000 00000000 00000000 00000000 00000000 00000000 00000000 
core   0: 0x8000060c (0x00200293) li      x5, 2
core   0: 3 0x8000060c (0x00200293) x5  0x00000002
core   0: 0x80000610 (0x5e02c057) vmv.v.x v0, x5
core   0: 3 0x80000610 (0x5e02c057) c8_vstart 0x00000000 e32 m1 l32 v0  ffffffff 0x00000002 00000002 00000002 00000002 00000002 00000002 00000002 00000002 00000002 00000002 00000002 00000002 00000002 00000002 00000002 00000002 00000002 00000002 00000002 00000002 00000002 00000002 00000002 00000002 00000002 00000002 00000002 00000002 00000002 00000002 00000002 00000002 
core   0: 0x80000614 (0x00000317) auipc   x6, 0x0
core   0: 3 0x80000614 (0x00000317) x6  0x80000614
core   0: 0x80000618 (0x0543305b) setrpc  x0, x6, 84
core   0: 3 0x80000618 (0x0543305b) c2060_rpc 0x80000668 current mask:	ffffffff current npc:	800006c8 stack size: 0
core   0: 0x8000061c (0x0410045b) vbeq    v1, v0, pc + 72
core   0: 3 0x8000061c (0x0410045b) c8_vstart 0x00000000 e32 m1 l32 current mask:	ffffffff current npc:	80000620 stack size: 0
core   0: 0x80000620 (0x0040006f) j       pc + 0x4
core   0: 3 0x80000620 (0x0040006f)
core   0: 0x80000624 (0x00100293) li      x5, 1
core   0: 3 0x80000624 (0x00100293) x5  0x00000001
core   0: 0x80000628 (0x5e02c057) vmv.v.x v0, x5
core   0: 3 0x80000628 (0x5e02c057) c8_vstart 0x00000000 e32 m1 l32 v0  ffffffff 0x00000001 00000001 00000001 00000001 00000001 00000001 00000001 00000001 00000001 00000001 00000001 00000001 00000001 00000001 00000001 00000001 00000001 00000001 00000001 00000001 00000001 00000001 00000001 00000001 00000001 00000001 00000001 00000001 00000001 00000001 00000001 00000001 
core   0: 0x8000062c (0x00000317) auipc   x6, 0x0
core   0: 3 0x8000062c (0x00000317) x6  0x8000062c
core   0: 0x80000630 (0x03c3305b) setrpc  x0, x6, 60
core   0: 3 0x80000630 (0x03c3305b) c2060_rpc 0x80000668 current mask:	ffffffff current npc:	80000620 stack size: 0
core   0: 0x80000634 (0x0210045b) vbeq    v1, v0, pc + 40
core   0: 3 0x80000634 (0x0210045b) c8_vstart 0x00000000 e32 m1 l32 current mask:	ffffffff current npc:	80000638 stack size: 0
core   0: 0x80000638 (0x0040006f) j       pc + 0x4
core   0: 3 0x80000638 (0x0040006f)
core   0: 0x8000063c (0x5e004157) vmv.v.x v2, x0
core   0: 3 0x8000063c (0x5e004157) c8_vstart 0x00000000 e32 m1 l32 v2  ffffffff 0x00000000 00000000 00000000 00000000 00000000 00000000 00000000 00000000 00000000 00000000 00000000 00000000 00000000 00000000 00000000 00000000 00000000 00000000 00000000 00000000 00000000 00000000 00000000 00000000 00000000 00000000 00000000 00000000 00000000 00000000 00000000 00000000 
core   0: 0x80000640 (0x5e004057) vmv.v.x v0, x0
core   0: 3 0x80000640 (0x5e004057) c8_vstart 0x00000000 e32 m1 l32 v0  ffffffff 0x00000000 00000000 00000000 00000000 00000000 00000000 00000000 00000000 00000000 00000000 00000000 00000000 00000000 00000000 00000000 00000000 00000000 00000000 00000000 00000000 00000000 00000000 00000000 00000000 00000000 00000000 00000000 00000000 00000000 00000000 00000000 00000000 
core   0: 0x80000644 (0x00000317) auipc   x6, 0x0
core   0: 3 0x80000644 (0x00000317) x6  0x80000644
core   0: 0x80000648 (0x0243305b) setrpc  x0, x6, 36
core   0: 3 0x80000648 (0x0243305b) c2060_rpc 0x80000668 current mask:	ffffffff current npc:	80000638 stack size: 0
core   0: 0x8000064c (0x00111e5b) vbne    v1, v2, pc + 28
core   0: 3 0x8000064c (0x00111e5b) c8_vstart 0x00000000 e32 m1 l32 current mask:	ffffffff current npc:	80000650 stack size: 0
core   0: 0x80000650 (0x0040006f) j       pc + 0x4
core   0: 3 0x80000650 (0x0040006f)
core   0: 0x80000654 (0x138000ef) jal     pc + 0x138
core   0: 3 0x80000654 (0x138000ef) x1  0x80000658
core   0: 0x8000078c (0x00410113) addi    x2, x2, 4
core   0: 3 0x8000078c (0x00410113) x2  0x70000020
core   0: 0x80000790 (0xfe112e23) sw      x1, -4(x2)
core   0: 3 0x80000790 (0xfe112e23) mem 0x7000001c 0x80000658
core   0: 0x80000794 (0x80302573) csrr    x10, knl
core   0: 3 0x80000794 (0x80302573) x10 0x90195000
core   0: 0x80000798 (0x00852283) lw      x5, 8(x10)
core   0: 3 0x80000798 (0x00852283) x5  0x00000001 mem 0x90195008
core   0: 0x8000079c (0x80002373) csrr    x6, tid
core   0: 3 0x8000079c (0x80002373) x6  0x00000000
core   0: 0x800007a0 (0x5208a157) vid.v   v2
core   0: 3 0x800007a0 (0x5208a157) c8_vstart 0x00000000 e32 m1 l32 v2  ffffffff 0x0000001f 0000001e 0000001d 0000001c 0000001b 0000001a 00000019 00000018 00000017 00000016 00000015 00000014 00000013 00000012 00000011 00000010 0000000f 0000000e 0000000d 0000000c 0000000b 0000000a 00000009 00000008 00000007 00000006 00000005 00000004 00000003 00000002 00000001 00000000 
core   0: 0x800007a4 (0x02234057) vadd.vx v0, v2, x6
core   0: 3 0x800007a4 (0x02234057) c8_vstart 0x00000000 e32 m1 l32 v0  ffffffff 0x0000001f 0000001e 0000001d 0000001c 0000001b 0000001a 00000019 00000018 00000017 00000016 00000015 00000014 00000013 00000012 00000011 00000010 0000000f 0000000e 0000000d 0000000c 0000000b 0000000a 00000009 00000008 00000007 00000006 00000005 00000004 00000003 00000002 00000001 00000000 
core   0: 0x800007a8 (0x01852e03) lw      x28, 24(x10)
core   0: 3 0x800007a8 (0x01852e03) x28 0x00000020 mem 0x90195018
core   0: 0x800007ac (0x8a0e6057) vremu.vx v0, v0, x28
core   0: 3 0x800007ac (0x8a0e6057) c8_vstart 0x00000000 e32 m1 l32 v0  ffffffff 0x0000001f 0000001e 0000001d 0000001c 0000001b 0000001a 00000019 00000018 00000017 00000016 00000015 00000014 00000013 00000012 00000011 00000010 0000000f 0000000e 0000000d 0000000c 0000000b 0000000a 00000009 00000008 00000007 00000006 00000005 00000004 00000003 00000002 00000001 00000000 
core   0: 0x800007b0 (0xffc12083) lw      x1, -4(x2)
core   0: 3 0x800007b0 (0xffc12083) x1  0x80000658 mem 0x7000001c
core   0: 0x800007b4 (0xffc10113) addi    x2, x2, -4
core   0: 3 0x800007b4 (0xffc10113) x2  0x7000001c
core   0: 0x800007b8 (0x00008067) ret
core   0: 3 0x800007b8 (0x00008067)
core   0: 0x80000658 (0x0100006f) j       pc + 0x10
core   0: 3 0x80000658 (0x0100006f)
core   0: 0x80000668 (0x0000205b) join    v0, v0, pc + 0
core   0: 3 0x80000668 (0x0000205b) current mask:	ffffffff current npc:	80000650 stack size: 0
core   0: 0x8000066c (0xffc12083) lw      x1, -4(x2)
core   0: 3 0x8000066c (0xffc12083) x1  0x800004b8 mem 0x70000018
core   0: 0x80000670 (0xffc10113) addi    x2, x2, -4
core   0: 3 0x80000670 (0xffc10113) x2  0x70000018
core   0: 0x80000674 (0x00008067) ret
core   0: 3 0x80000674 (0x00008067)
core   0: 0x800004b8 (0x0080200b) regext  x0, x0,  0 0 1 0 
core   0: 3 0x800004b8 (0x0080200b)
core   0: 0x800004bc (0x7fc0212b) vlw.v   v2, x0, -4
core   0: 3 0x800004bc (0x7fc0212b) e32 m1 l32 v2  ffffffff 0x00000004 00000004 00000004 00000004 00000004 00000004 00000004 00000004 00000004 00000004 00000004 00000004 00000004 00000004 00000004 00000004 00000004 00000004 00000004 00000004 00000004 00000004 00000004 00000004 00000004 00000004 00000004 00000004 00000004 00000004 00000004 00000004  c8_vstart 0x00000000 mem 0x90015000 mem 0x90015004 mem 0x90015008 mem 0x9001500c mem 0x90015010 mem 0x90015014 mem 0x90015018 mem 0x9001501c mem 0x90015020 mem 0x90015024 mem 0x90015028 mem 0x9001502c mem 0x90015030 mem 0x90015034 mem 0x90015038 mem 0x9001503c mem 0x90015040 mem 0x90015044 mem 0x90015048 mem 0x9001504c mem 0x90015050 mem 0x90015054 mem 0x90015058 mem 0x9001505c mem 0x90015060 mem 0x90015064 mem 0x90015068 mem 0x9001506c mem 0x90015070 mem 0x90015074 mem 0x90015078 mem 0x9001507c
core   0: 0x800004c0 (0xffc12283) lw      x5, -4(x2)
core   0: 3 0x800004c0 (0xffc12283) x5  0x0000000c mem 0x70000014
core   0: 0x800004c4 (0x5e02c0d7) vmv.v.x v1, x5
core   0: 3 0x800004c4 (0x5e02c0d7) c8_vstart 0x00000000 e32 m1 l32 v1  ffffffff 0x0000000c 0000000c 0000000c 0000000c 0000000c 0000000c 0000000c 0000000c 0000000c 0000000c 0000000c 0000000c 0000000c 0000000c 0000000c 0000000c 0000000c 0000000c 0000000c 0000000c 0000000c 0000000c 0000000c 0000000c 0000000c 0000000c 0000000c 0000000c 0000000c 0000000c 0000000c 0000000c 
core   0: 0x800004c8 (0x00000317) auipc   x6, 0x0
core   0: 3 0x800004c8 (0x00000317) x6  0x800004c8
core   0: 0x800004cc (0x11c3305b) setrpc  x0, x6, 284
core   0: 3 0x800004cc (0x11c3305b) c2060_rpc 0x800005e4 current mask:	ffffffff current npc:	80000650 stack size: 0
core   0: 0x800004d0 (0x1020da5b) vbge    v2, v1, pc + 276
core   0: 3 0x800004d0 (0x1020da5b) c8_vstart 0x00000000 e32 m1 l32 current mask:	ffffffff current npc:	800004d4 stack size: 0
core   0: 0x800004d4 (0x0040006f) j       pc + 0x4
core   0: 3 0x800004d4 (0x0040006f)
core   0: 0x800004d8 (0xff012283) lw      x5, -16(x2)
core   0: 3 0x800004d8 (0xff012283) x5  0x00000000 mem 0x70000008
core   0: 0x800004dc (0x0222c4d7) vadd.vx v9, v2, x5
core   0: 3 0x800004dc (0x0222c4d7) c8_vstart 0x00000000 e32 m1 l32 v9  ffffffff 0x00000004 00000004 00000004 00000004 00000004 00000004 00000004 00000004 00000004 00000004 00000004 00000004 00000004 00000004 00000004 00000004 00000004 00000004 00000004 00000004 00000004 00000004 00000004 00000004 00000004 00000004 00000004 00000004 00000004 00000004 00000004 00000004 
core   0: 0x800004e0 (0x5e0040d7) vmv.v.x v1, x0
core   0: 3 0x800004e0 (0x5e0040d7) c8_vstart 0x00000000 e32 m1 l32 v1  ffffffff 0x00000000 00000000 00000000 00000000 00000000 00000000 00000000 00000000 00000000 00000000 00000000 00000000 00000000 00000000 00000000 00000000 00000000 00000000 00000000 00000000 00000000 00000000 00000000 00000000 00000000 00000000 00000000 00000000 00000000 00000000 00000000 00000000 
core   0: 0x800004e4 (0xff412283) lw      x5, -12(x2)
core   0: 3 0x800004e4 (0xff412283) x5  0x00000001 mem 0x7000000c
core   0: 0x800004e8 (0x02504263) blt     x0, x5, pc + 36
core   0: 3 0x800004e8 (0x02504263)
core   0: 0x8000050c (0x9692e0d7) vmul.vx v1, v9, x5
core   0: 3 0x8000050c (0x9692e0d7) c8_vstart 0x00000000 e32 m1 l32 v1  ffffffff 0x00000004 00000004 00000004 00000004 00000004 00000004 00000004 00000004 00000004 00000004 00000004 00000004 00000004 00000004 00000004 00000004 00000004 00000004 00000004 00000004 00000004 00000004 00000004 00000004 00000004 00000004 00000004 00000004 00000004 00000004 00000004 00000004 
core   0: 0x80000510 (0x961530d7) vsll.vi v1, v1, 10
core   0: 3 0x80000510 (0x961530d7) c8_vstart 0x00000000 e32 m1 l32 v1  ffffffff 0x00001000 00001000 00001000 00001000 00001000 00001000 00001000 00001000 00001000 00001000 00001000 00001000 00001000 00001000 00001000 00001000 00001000 00001000 00001000 00001000 00001000 00001000 00001000 00001000 00001000 00001000 00001000 00001000 00001000 00001000 00001000 00001000 
core   0: 0x80000514 (0x9602b157) vsll.vi v2, v0, 5
core   0: 3 0x80000514 (0x9602b157) c8_vstart 0x00000000 e32 m1 l32 v2  ffffffff 0x000003e0 000003c0 000003a0 00000380 00000360 00000340 00000320 00000300 000002e0 000002c0 000002a0 00000280 00000260 00000240 00000220 00000200 000001e0 000001c0 000001a0 00000180 00000160 00000140 00000120 00000100 000000e0 000000c0 000000a0 00000080 00000060 00000040 00000020 00000000 
core   0: 0x80000518 (0x021100d7) vadd.vv v1, v1, v2
core   0: 3 0x80000518 (0x021100d7) c8_vstart 0x00000000 e32 m1 l32 v1  ffffffff 0x000013e0 000013c0 000013a0 00001380 00001360 00001340 00001320 00001300 000012e0 000012c0 000012a0 00001280 00001260 00001240 00001220 00001200 000011e0 000011c0 000011a0 00001180 00001160 00001140 00001120 00001100 000010e0 000010c0 000010a0 00001080 00001060 00001040 00001020 00001000 
core   0: 0x8000051c (0xfec12303) lw      x6, -20(x2)
core   0: 3 0x8000051c (0xfec12303) x6  0x9000e000 mem 0x70000004
core   0: 0x80000520 (0x02134557) vadd.vx v10, v1, x6
core   0: 3 0x80000520 (0x02134557) c8_vstart 0x00000000 e32 m1 l32 v10 ffffffff 0x9000f3e0 9000f3c0 9000f3a0 9000f380 9000f360 9000f340 9000f320 9000f300 9000f2e0 9000f2c0 9000f2a0 9000f280 9000f260 9000f240 9000f220 9000f200 9000f1e0 9000f1c0 9000f1a0 9000f180 9000f160 9000f140 9000f120 9000f100 9000f0e0 9000f0c0 9000f0a0 9000f080 9000f060 9000f040 9000f020 9000f000 
core   0: 0x80000524 (0x5e0040d7) vmv.v.x v1, x0
core   0: 3 0x80000524 (0x5e0040d7) c8_vstart 0x00000000 e32 m1 l32 v1  ffffffff 0x00000000 00000000 00000000 00000000 00000000 00000000 00000000 00000000 00000000 00000000 00000000 00000000 00000000 00000000 00000000 00000000 00000000 00000000 00000000 00000000 00000000 00000000 00000000 00000000 00000000 00000000 00000000 00000000 00000000 00000000 00000000 00000000 
core   0: 0x80000528 (0x02104157) vadd.vx v2, v1, x0
core   0: 3 0x80000528 (0x02104157) c8_vstart 0x00000000 e32 m1 l32 v2  ffffffff 0x00000000 00000000 00000000 00000000 00000000 00000000 00000000 00000000 00000000 00000000 00000000 00000000 00000000 00000000 00000000 00000000 00000000 00000000 00000000 00000000 00000000 00000000 00000000 00000000 00000000 00000000 00000000 00000000 00000000 00000000 00000000 00000000 
core   0: 0x8000052c (0x021041d7) vadd.vx v3, v1, x0
core   0: 3 0x8000052c (0x021041d7) c8_vstart 0x00000000 e32 m1 l32 v3  ffffffff 0x00000000 00000000 00000000 00000000 00000000 00000000 00000000 00000000 00000000 00000000 00000000 00000000 00000000 00000000 00000000 00000000 00000000 00000000 00000000 00000000 00000000 00000000 00000000 00000000 00000000 00000000 00000000 00000000 00000000 00000000 00000000 00000000 
core   0: 0x80000530 (0x02104257) vadd.vx v4, v1, x0
core   0: 3 0x80000530 (0x02104257) c8_vstart 0x00000000 e32 m1 l32 v4  ffffffff 0x00000000 00000000 00000000 00000000 00000000 00000000 00000000 00000000 00000000 00000000 00000000 00000000 00000000 00000000 00000000 00000000 00000000 00000000 00000000 00000000 00000000 00000000 00000000 00000000 00000000 00000000 00000000 00000000 00000000 00000000 00000000 00000000 
core   0: 0x80000534 (0x021042d7) vadd.vx v5, v1, x0
core   0: 3 0x80000534 (0x021042d7) c8_vstart 0x00000000 e32 m1 l32 v5  ffffffff 0x00000000 00000000 00000000 00000000 00000000 00000000 00000000 00000000 00000000 00000000 00000000 00000000 00000000 00000000 00000000 00000000 00000000 00000000 00000000 00000000 00000000 00000000 00000000 00000000 00000000 00000000 00000000 00000000 00000000 00000000 00000000 00000000 
core   0: 0x80000538 (0x02104357) vadd.vx v6, v1, x0
core   0: 3 0x80000538 (0x02104357) c8_vstart 0x00000000 e32 m1 l32 v6  ffffffff 0x00000000 00000000 00000000 00000000 00000000 00000000 00000000 00000000 00000000 00000000 00000000 00000000 00000000 00000000 00000000 00000000 00000000 00000000 00000000 00000000 00000000 00000000 00000000 00000000 00000000 00000000 00000000 00000000 00000000 00000000 00000000 00000000 
core   0: 0x8000053c (0x021043d7) vadd.vx v7, v1, x0
core   0: 3 0x8000053c (0x021043d7) c8_vstart 0x00000000 e32 m1 l32 v7  ffffffff 0x00000000 00000000 00000000 00000000 00000000 00000000 00000000 00000000 00000000 00000000 00000000 00000000 00000000 00000000 00000000 00000000 00000000 00000000 00000000 00000000 00000000 00000000 00000000 00000000 00000000 00000000 00000000 00000000 00000000 00000000 00000000 00000000 
core   0: 0x80000540 (0x02104457) vadd.vx v8, v1, x0
core   0: 3 0x80000540 (0x02104457) c8_vstart 0x00000000 e32 m1 l32 v8  ffffffff 0x00000000 00000000 00000000 00000000 00000000 00000000 00000000 00000000 00000000 00000000 00000000 00000000 00000000 00000000 00000000 00000000 00000000 00000000 00000000 00000000 00000000 00000000 00000000 00000000 00000000 00000000 00000000 00000000 00000000 00000000 00000000 00000000 
core   0: 0x80000544 (0x5e02c5d7) vmv.v.x v11, x5
core   0: 3 0x80000544 (0x5e02c5d7) c8_vstart 0x00000000 e32 m1 l32 v11 ffffffff 0x00000001 00000001 00000001 00000001 00000001 00000001 00000001 00000001 00000001 00000001 00000001 00000001 00000001 00000001 00000001 00000001 00000001 00000001 00000001 00000001 00000001 00000001 00000001 00000001 00000001 00000001 00000001 00000001 00000001 00000001 00000001 00000001 
core   0: 0x80000548 (0x5e004a57) vmv.v.x v20, x0
core   0: 3 0x80000548 (0x5e004a57) c8_vstart 0x00000000 e32 m1 l32 v20 ffffffff 0x00000000 00000000 00000000 00000000 00000000 00000000 00000000 00000000 00000000 00000000 00000000 00000000 00000000 00000000 00000000 00000000 00000000 00000000 00000000 00000000 00000000 00000000 00000000 00000000 00000000 00000000 00000000 00000000 00000000 00000000 00000000 00000000 
core   0: 0x8000054c (0x0400006f) j       pc + 0x40
core   0: 3 0x8000054c (0x0400006f)
core   0: 0x8000058c (0x01c529fb) vlw12.v v19, v10, 28
core   0: 3 0x8000058c (0x01c529fb) e32 m1 l32 v19 ffffffff 0x00000000 00000000 00000000 00000000 00000000 00000000 00000000 00000000 00000000 00000000 00000000 00000000 00000000 00000000 00000000 00000000 00000000 00000000 00000000 00000000 00000000 00000000 00000000 00000000 00000000 00000000 00000000 00000000 00000000 00000000 00000000 00000000  c8_vstart 0x00000000 mem 0x9000f01c mem 0x9000f03c mem 0x9000f05c mem 0x9000f07c mem 0x9000f09c mem 0x9000f0bc mem 0x9000f0dc mem 0x9000f0fc mem 0x9000f11c mem 0x9000f13c mem 0x9000f15c mem 0x9000f17c mem 0x9000f19c mem 0x9000f1bc mem 0x9000f1dc mem 0x9000f1fc mem 0x9000f21c mem 0x9000f23c mem 0x9000f25c mem 0x9000f27c mem 0x9000f29c mem 0x9000f2bc mem 0x9000f2dc mem 0x9000f2fc mem 0x9000f31c mem 0x9000f33c mem 0x9000f35c mem 0x9000f37c mem 0x9000f39c mem 0x9000f3bc mem 0x9000f3dc mem 0x9000f3fc
core   0: 0x80000590 (0x0185297b) vlw12.v v18, v10, 24
core   0: 3 0x80000590 (0x0185297b) e32 m1 l32 v18 ffffffff 0x00000000 00000000 00000000 00000000 00000000 00000000 00000000 00000000 00000000 00000000 00000000 00000000 00000000 00000000 00000000 00000000 00000000 00000000 00000000 00000000 00000000 00000000 00000000 00000000 00000000 00000000 00000000 00000000 00000000 00000000 00000000 00000000  c8_vstart 0x00000000 mem 0x9000f018 mem 0x9000f038 mem 0x9000f058 mem 0x9000f078 mem 0x9000f098 mem 0x9000f0b8 mem 0x9000f0d8 mem 0x9000f0f8 mem 0x9000f118 mem 0x9000f138 mem 0x9000f158 mem 0x9000f178 mem 0x9000f198 mem 0x9000f1b8 mem 0x9000f1d8 mem 0x9000f1f8 mem 0x9000f218 mem 0x9000f238 mem 0x9000f258 mem 0x9000f278 mem 0x9000f298 mem 0x9000f2b8 mem 0x9000f2d8 mem 0x9000f2f8 mem 0x9000f318 mem 0x9000f338 mem 0x9000f358 mem 0x9000f378 mem 0x9000f398 mem 0x9000f3b8 mem 0x9000f3d8 mem 0x9000f3f8
core   0: 0x80000594 (0x014528fb) vlw12.v v17, v10, 20
core   0: 3 0x80000594 (0x014528fb) e32 m1 l32 v17 ffffffff 0x00000000 00000000 00000000 00000000 00000000 00000000 00000000 00000000 00000000 00000000 00000000 00000000 00000000 00000000 00000000 00000000 00000000 00000000 00000000 00000000 00000000 00000000 00000000 00000000 00000000 00000000 00000000 00000000 00000000 00000000 00000000 00000000  c8_vstart 0x00000000 mem 0x9000f014 mem 0x9000f034 mem 0x9000f054 mem 0x9000f074 mem 0x9000f094 mem 0x9000f0b4 mem 0x9000f0d4 mem 0x9000f0f4 mem 0x9000f114 mem 0x9000f134 mem 0x9000f154 mem 0x9000f174 mem 0x9000f194 mem 0x9000f1b4 mem 0x9000f1d4 mem 0x9000f1f4 mem 0x9000f214 mem 0x9000f234 mem 0x9000f254 mem 0x9000f274 mem 0x9000f294 mem 0x9000f2b4 mem 0x9000f2d4 mem 0x9000f2f4 mem 0x9000f314 mem 0x9000f334 mem 0x9000f354 mem 0x9000f374 mem 0x9000f394 mem 0x9000f3b4 mem 0x9000f3d4 mem 0x9000f3f4
core   0: 0x80000598 (0x0105287b) vlw12.v v16, v10, 16
core   0: 3 0x80000598 (0x0105287b) e32 m1 l32 v16 ffffffff 0x00000000 00000000 00000000 00000000 00000000 00000000 00000000 00000000 00000000 00000000 00000000 00000000 00000000 00000000 00000000 00000000 00000000 00000000 00000000 00000000 00000000 00000000 00000000 00000000 00000000 00000000 00000000 00000000 00000000 00000000 00000000 00000000  c8_vstart 0x00000000 mem 0x9000f010 mem 0x9000f030 mem 0x9000f050 mem 0x9000f070 mem 0x9000f090 mem 0x9000f0b0 mem 0x9000f0d0 mem 0x9000f0f0 mem 0x9000f110 mem 0x9000f130 mem 0x9000f150 mem 0x9000f170 mem 0x9000f190 mem 0x9000f1b0 mem 0x9000f1d0 mem 0x9000f1f0 mem 0x9000f210 mem 0x9000f230 mem 0x9000f250 mem 0x9000f270 mem 0x9000f290 mem 0x9000f2b0 mem 0x9000f2d0 mem 0x9000f2f0 mem 0x9000f310 mem 0x9000f330 mem 0x9000f350 mem 0x9000f370 mem 0x9000f390 mem 0x9000f3b0 mem 0x9000f3d0 mem 0x9000f3f0
core   0: 0x8000059c (0x00c527fb) vlw12.v v15, v10, 12
core   0: 3 0x8000059c (0x00c527fb) e32 m1 l32 v15 ffffffff 0x3d1dd441 3d392890 3cb8dd71 be062683 3c777410 be0070b4 3e45762b 3d8bdbad 3e0166b9 bdf7d7ee be1e77b6 3e449851 3d967588 bd8e0ed6 bd8d24a6 bddff67f 3da2e894 be4c2281 3c989517 3b9f68d8 bd39e6b5 bda2be1b 3c009448 bdf09791 3dc83a12 be3699ce bdd065ff 3d4709dd be156aaa bd5cd256 be08a9b2 baa32940  c8_vstart 0x00000000 mem 0x9000f00c mem 0x9000f02c mem 0x9000f04c mem 0x9000f06c mem 0x9000f08c mem 0x9000f0ac mem 0x9000f0cc mem 0x9000f0ec mem 0x9000f10c mem 0x9000f12c mem 0x9000f14c mem 0x9000f16c mem 0x9000f18c mem 0x9000f1ac mem 0x9000f1cc mem 0x9000f1ec mem 0x9000f20c mem 0x9000f22c mem 0x9000f24c mem 0x9000f26c mem 0x9000f28c mem 0x9000f2ac mem 0x9000f2cc mem 0x9000f2ec mem 0x9000f30c mem 0x9000f32c mem 0x9000f34c mem 0x9000f36c mem 0x9000f38c mem 0x9000f3ac mem 0x9000f3cc mem 0x9000f3ec
core   0: 0x800005a0 (0x0085277b) vlw12.v v14, v10, 8
core   0: 3 0x800005a0 (0x0085277b) e32 m1 l32 v14 ffffffff 0xbd9f4fc3 bd19a435 baee0b7c 3ebeed4a be39818c 3cfd4b69 bcca188e 3dc03733 be45a7a9 3c7f2892 3dbf5d14 bd6aed33 bd85c808 bddd6ce5 be03573d bd45c7b0 bd91c231 bd7cc83c 3e422716 bd96f135 3e42507b be8b7a76 bcae5c2a 3d6c71d1 bddf4934 3da3c9eb be0240bb 3d36a120 3dbc766a bdaaf93a bd00acba be07add6  c8_vstart 0x00000000 mem 0x9000f008 mem 0x9000f028 mem 0x9000f048 mem 0x9000f068 mem 0x9000f088 mem 0x9000f0a8 mem 0x9000f0c8 mem 0x9000f0e8 mem 0x9000f108 mem 0x9000f128 mem 0x9000f148 mem 0x9000f168 mem 0x9000f188 mem 0x9000f1a8 mem 0x9000f1c8 mem 0x9000f1e8 mem 0x9000f208 mem 0x9000f228 mem 0x9000f248 mem 0x9000f268 mem 0x9000f288 mem 0x9000f2a8 mem 0x9000f2c8 mem 0x9000f2e8 mem 0x9000f308 mem 0x9000f328 mem 0x9000f348 mem 0x9000f368 mem 0x9000f388 mem 0x9000f3a8 mem 0x9000f3c8 mem 0x9000f3e8
core   0: 0x800005a4 (0x004526fb) vlw12.v v13, v10, 4
core   0: 3 0x800005a4 (0x004526fb) e32 m1 l32 v13 ffffffff 0xbb8bd970 bc04bd90 be772b29 bd862114 3cce6bb2 3e820302 bddaae1f 3c747a35 bdb7804b be618c0a bad1b910 be3e3610 be612c15 3de039dd 3ccec3d3 bd879594 bd93a028 3d6ab184 bda149e9 3c4fe34d 3e08f9cf bd6fb6b3 bdf522dd 3d99132d bd16722e bd77dad8 3e21f4cd 3d6c233f be18ed7d 3dbbdff5 3c4b8404 bdfb3483  c8_vstart 0x00000000 mem 0x9000f004 mem 0x9000f024 mem 0x9000f044 mem 0x9000f064 mem 0x9000f084 mem 0x9000f0a4 mem 0x9000f0c4 mem 0x9000f0e4 mem 0x9000f104 mem 0x9000f124 mem 0x9000f144 mem 0x9000f164 mem 0x9000f184 mem 0x9000f1a4 mem 0x9000f1c4 mem 0x9000f1e4 mem 0x9000f204 mem 0x9000f224 mem 0x9000f244 mem 0x9000f264 mem 0x9000f284 mem 0x9000f2a4 mem 0x9000f2c4 mem 0x9000f2e4 mem 0x9000f304 mem 0x9000f324 mem 0x9000f344 mem 0x9000f364 mem 0x9000f384 mem 0x9000f3a4 mem 0x9000f3c4 mem 0x9000f3e4
core   0: 0x800005a8 (0x0005267b) vlw12.v v12, v10, 0
core   0: 3 0x800005a8 (0x0005267b) e32 m1 l32 v12 ffffffff 0xbba821f8 3ca6f7b3 3cd88fab bdf0d248 bd01d7a4 bdbd0d0f bd6aaed5 bdccaee7 bcbe61b0 bd90a722 3d237a59 3ddfcd8b 3e6120c1 3e2c1d11 3e2e4955 3d45ef98 bd9cb044 3d2afacf 3d115b23 bcecb838 be02a3c0 bcfd678b 3d063c7d bd215fa0 bdc2d82f be2b78ee 3df7a270 bd173e28 3d6a117b 3dfd462b 3e4a01d4 3a4057e0  c8_vstart 0x00000000 mem 0x9000f000 mem 0x9000f020 mem 0x9000f040 mem 0x9000f060 mem 0x9000f080 mem 0x9000f0a0 mem 0x9000f0c0 mem 0x9000f0e0 mem 0x9000f100 mem 0x9000f120 mem 0x9000f140 mem 0x9000f160 mem 0x9000f180 mem 0x9000f1a0 mem 0x9000f1c0 mem 0x9000f1e0 mem 0x9000f200 mem 0x9000f220 mem 0x9000f240 mem 0x9000f260 mem 0x9000f280 mem 0x9000f2a0 mem 0x9000f2c0 mem 0x9000f2e0 mem 0x9000f300 mem 0x9000f320 mem 0x9000f340 mem 0x9000f360 mem 0x9000f380 mem 0x9000f3a0 mem 0x9000f3c0 mem 0x9000f3e0
core   0: 0x800005ac (0x02899457) vfadd.vv v8, v8, v19
core   0: 3 0x800005ac (0x02899457) c8_vstart 0x00000000 e32 m1 l32 v8  ffffffff 0x00000000 00000000 00000000 00000000 00000000 00000000 00000000 00000000 00000000 00000000 00000000 00000000 00000000 00000000 00000000 00000000 00000000 00000000 00000000 00000000 00000000 00000000 00000000 00000000 00000000 00000000 00000000 00000000 00000000 00000000 00000000 00000000 
core   0: 0x800005b0 (0x027913d7) vfadd.vv v7, v7, v18
core   0: 3 0x800005b0 (0x027913d7) c8_vstart 0x00000000 e32 m1 l32 v7  ffffffff 0x00000000 00000000 00000000 00000000 00000000 00000000 00000000 00000000 00000000 00000000 00000000 00000000 00000000 00000000 00000000 00000000 00000000 00000000 00000000 00000000 00000000 00000000 00000000 00000000 00000000 00000000 00000000 00000000 00000000 00000000 00000000 00000000 
core   0: 0x800005b4 (0x02689357) vfadd.vv v6, v6, v17
core   0: 3 0x800005b4 (0x02689357) c8_vstart 0x00000000 e32 m1 l32 v6  ffffffff 0x00000000 00000000 00000000 00000000 00000000 00000000 00000000 00000000 00000000 00000000 00000000 00000000 00000000 00000000 00000000 00000000 00000000 00000000 00000000 00000000 00000000 00000000 00000000 00000000 00000000 00000000 00000000 00000000 00000000 00000000 00000000 00000000 
core   0: 0x800005b8 (0x025812d7) vfadd.vv v5, v5, v16
core   0: 3 0x800005b8 (0x025812d7) c8_vstart 0x00000000 e32 m1 l32 v5  ffffffff 0x00000000 00000000 00000000 00000000 00000000 00000000 00000000 00000000 00000000 00000000 00000000 00000000 00000000 00000000 00000000 00000000 00000000 00000000 00000000 00000000 00000000 00000000 00000000 00000000 00000000 00000000 00000000 00000000 00000000 00000000 00000000 00000000 
core   0: 0x800005bc (0x02479257) vfadd.vv v4, v4, v15
core   0: 3 0x800005bc (0x02479257) c8_vstart 0x00000000 e32 m1 l32 v4  ffffffff 0x3d1dd441 3d392890 3cb8dd71 be062683 3c777410 be0070b4 3e45762b 3d8bdbad 3e0166b9 bdf7d7ee be1e77b6 3e449851 3d967588 bd8e0ed6 bd8d24a6 bddff67f 3da2e894 be4c2281 3c989517 3b9f68d8 bd39e6b5 bda2be1b 3c009448 bdf09791 3dc83a12 be3699ce bdd065ff 3d4709dd be156aaa bd5cd256 be08a9b2 baa32940 
core   0: 0x800005c0 (0x023711d7) vfadd.vv v3, v3, v14
core   0: 3 0x800005c0 (0x023711d7) c8_vstart 0x00000000 e32 m1 l32 v3  ffffffff 0xbd9f4fc3 bd19a435 baee0b7c 3ebeed4a be39818c 3cfd4b69 bcca188e 3dc03733 be45a7a9 3c7f2892 3dbf5d14 bd6aed33 bd85c808 bddd6ce5 be03573d bd45c7b0 bd91c231 bd7cc83c 3e422716 bd96f135 3e42507b be8b7a76 bcae5c2a 3d6c71d1 bddf4934 3da3c9eb be0240bb 3d36a120 3dbc766a bdaaf93a bd00acba be07add6 
core   0: 0x800005c4 (0x02269157) vfadd.vv v2, v2, v13
core   0: 3 0x800005c4 (0x02269157) c8_vstart 0x00000000 e32 m1 l32 v2  ffffffff 0xbb8bd970 bc04bd90 be772b29 bd862114 3cce6bb2 3e820302 bddaae1f 3c747a35 bdb7804b be618c0a bad1b910 be3e3610 be612c15 3de039dd 3ccec3d3 bd879594 bd93a028 3d6ab184 bda149e9 3c4fe34d 3e08f9cf bd6fb6b3 bdf522dd 3d99132d bd16722e bd77dad8 3e21f4cd 3d6c233f be18ed7d 3dbbdff5 3c4b8404 bdfb3483 
core   0: 0x800005c8 (0x021610d7) vfadd.vv v1, v1, v12
core   0: 3 0x800005c8 (0x021610d7) c8_vstart 0x00000000 e32 m1 l32 v1  ffffffff 0xbba821f8 3ca6f7b3 3cd88fab bdf0d248 bd01d7a4 bdbd0d0f bd6aaed5 bdccaee7 bcbe61b0 bd90a722 3d237a59 3ddfcd8b 3e6120c1 3e2c1d11 3e2e4955 3d45ef98 bd9cb044 3d2afacf 3d115b23 bcecb838 be02a3c0 bcfd678b 3d063c7d bd215fa0 bdc2d82f be2b78ee 3df7a270 bd173e28 3d6a117b 3dfd462b 3e4a01d4 3a4057e0 
core   0: 0x800005cc (0x0015958b) vsub12.vi v11, v11, 1
core   0: 3 0x800005cc (0x0015958b) c8_vstart 0x00000000 e32 m1 l32 v11 ffffffff 0x00000000 00000000 00000000 00000000 00000000 00000000 00000000 00000000 00000000 00000000 00000000 00000000 00000000 00000000 00000000 00000000 00000000 00000000 00000000 00000000 00000000 00000000 00000000 00000000 00000000 00000000 00000000 00000000 00000000 00000000 00000000 00000000 
core   0: 0x800005d0 (0x4005050b) vadd12.vi v10, v10, 1024
core   0: 3 0x800005d0 (0x4005050b) c8_vstart 0x00000000 e32 m1 l32 v10 ffffffff 0x9000f7e0 9000f7c0 9000f7a0 9000f780 9000f760 9000f740 9000f720 9000f700 9000f6e0 9000f6c0 9000f6a0 9000f680 9000f660 9000f640 9000f620 9000f600 9000f5e0 9000f5c0 9000f5a0 9000f580 9000f560 9000f540 9000f520 9000f500 9000f4e0 9000f4c0 9000f4a0 9000f480 9000f460 9000f440 9000f420 9000f400 
core   0: 0x800005d4 (0x00000317) auipc   x6, 0x0
core   0: 3 0x800005d4 (0x00000317) x6  0x800005d4
core   0: 0x800005d8 (0xf7c3305b) setrpc  x0, x6, -132
core   0: 3 0x800005d8 (0xf7c3305b) c2060_rpc 0x80000550 current mask:	ffffffff current npc:	800004d4 stack size: 0
core   0: 0x800005dc (0xf6ba0adb) vbeq    v11, v20, pc - 140
core   0: 3 0x800005dc (0xf6ba0adb) c8_vstart 0x00000000 e32 m1 l32 current mask:	ffffffff current npc:	80000550 stack size: 0
core   0: 0x80000550 (0x0000205b) join    v0, v0, pc + 0
core   0: 3 0x80000550 (0x0000205b) current mask:	ffffffff current npc:	80000550 stack size: 0
core   0: 0x80000554 (0x9692b4d7) vsll.vi v9, v9, 5
core   0: 3 0x80000554 (0x9692b4d7) c8_vstart 0x00000000 e32 m1 l32 v9  ffffffff 0x00000080 00000080 00000080 00000080 00000080 00000080 00000080 00000080 00000080 00000080 00000080 00000080 00000080 00000080 00000080 00000080 00000080 00000080 00000080 00000080 00000080 00000080 00000080 00000080 00000080 00000080 00000080 00000080 00000080 00000080 00000080 00000080 
core   0: 0x80000558 (0x02900057) vadd.vv v0, v9, v0
core   0: 3 0x80000558 (0x02900057) c8_vstart 0x00000000 e32 m1 l32 v0  ffffffff 0x0000009f 0000009e 0000009d 0000009c 0000009b 0000009a 00000099 00000098 00000097 00000096 00000095 00000094 00000093 00000092 00000091 00000090 0000008f 0000008e 0000008d 0000008c 0000008b 0000008a 00000089 00000088 00000087 00000086 00000085 00000084 00000083 00000082 00000081 00000080 
core   0: 0x8000055c (0x9602b057) vsll.vi v0, v0, 5
core   0: 3 0x8000055c (0x9602b057) c8_vstart 0x00000000 e32 m1 l32 v0  ffffffff 0x000013e0 000013c0 000013a0 00001380 00001360 00001340 00001320 00001300 000012e0 000012c0 000012a0 00001280 00001260 00001240 00001220 00001200 000011e0 000011c0 000011a0 00001180 00001160 00001140 00001120 00001100 000010e0 000010c0 000010a0 00001080 00001060 00001040 00001020 00001000 
core   0: 0x80000560 (0xff812283) lw      x5, -8(x2)
core   0: 3 0x80000560 (0xff812283) x5  0x90011000 mem 0x70000010
core   0: 0x80000564 (0x0202c057) vadd.vx v0, v0, x5
core   0: 3 0x80000564 (0x0202c057) c8_vstart 0x00000000 e32 m1 l32 v0  ffffffff 0x900123e0 900123c0 900123a0 90012380 90012360 90012340 90012320 90012300 900122e0 900122c0 900122a0 90012280 90012260 90012240 90012220 90012200 900121e0 900121c0 900121a0 90012180 90012160 90012140 90012120 90012100 900120e0 900120c0 900120a0 90012080 90012060 90012040 90012020 90012000 
core   0: 0x80000568 (0x00806e7b) vsw12.v v8, v0, 28
core   0: 3 0x80000568 (0x00806e7b) c8_vstart 0x00000000 e32 m1 l32 mem 0x9001201c 0x00000000 mem 0x9001203c 0x00000000 mem 0x9001205c 0x00000000 mem 0x9001207c 0x00000000 mem 0x9001209c 0x00000000 mem 0x900120bc 0x00000000 mem 0x900120dc 0x00000000 mem 0x900120fc 0x00000000 mem 0x9001211c 0x00000000 mem 0x9001213c 0x00000000 mem 0x9001215c 0x00000000 mem 0x9001217c 0x00000000 mem 0x9001219c 0x00000000 mem 0x900121bc 0x00000000 mem 0x900121dc 0x00000000 mem 0x900121fc 0x00000000 mem 0x9001221c 0x00000000 mem 0x9001223c 0x00000000 mem 0x9001225c 0x00000000 mem 0x9001227c 0x00000000 mem 0x9001229c 0x00000000 mem 0x900122bc 0x00000000 mem 0x900122dc 0x00000000 mem 0x900122fc 0x00000000 mem 0x9001231c 0x00000000 mem 0x9001233c 0x00000000 mem 0x9001235c 0x00000000 mem 0x9001237c 0x00000000 mem 0x9001239c 0x00000000 mem 0x900123bc 0x00000000 mem 0x900123dc 0x00000000 mem 0x900123fc 0x00000000
core   0: 0x8000056c (0x00706c7b) vsw12.v v7, v0, 24
core   0: 3 0x8000056c (0x00706c7b) c8_vstart 0x00000000 e32 m1 l32 mem 0x90012018 0x00000000 mem 0x90012038 0x00000000 mem 0x90012058 0x00000000 mem 0x90012078 0x00000000 mem 0x90012098 0x00000000 mem 0x900120b8 0x00000000 mem 0x900120d8 0x00000000 mem 0x900120f8 0x00000000 mem 0x90012118 0x00000000 mem 0x90012138 0x00000000 mem 0x90012158 0x00000000 mem 0x90012178 0x00000000 mem 0x90012198 0x00000000 mem 0x900121b8 0x00000000 mem 0x900121d8 0x00000000 mem 0x900121f8 0x00000000 mem 0x90012218 0x00000000 mem 0x90012238 0x00000000 mem 0x90012258 0x00000000 mem 0x90012278 0x00000000 mem 0x90012298 0x00000000 mem 0x900122b8 0x00000000 mem 0x900122d8 0x00000000 mem 0x900122f8 0x00000000 mem 0x90012318 0x00000000 mem 0x90012338 0x00000000 mem 0x90012358 0x00000000 mem 0x90012378 0x00000000 mem 0x90012398 0x00000000 mem 0x900123b8 0x00000000 mem 0x900123d8 0x00000000 mem 0x900123f8 0x00000000
core   0: 0x80000570 (0x00606a7b) vsw12.v v6, v0, 20
core   0: 3 0x80000570 (0x00606a7b) c8_vstart 0x00000000 e32 m1 l32 mem 0x90012014 0x00000000 mem 0x90012034 0x00000000 mem 0x90012054 0x00000000 mem 0x90012074 0x00000000 mem 0x90012094 0x00000000 mem 0x900120b4 0x00000000 mem 0x900120d4 0x00000000 mem 0x900120f4 0x00000000 mem 0x90012114 0x00000000 mem 0x90012134 0x00000000 mem 0x90012154 0x00000000 mem 0x90012174 0x00000000 mem 0x90012194 0x00000000 mem 0x900121b4 0x00000000 mem 0x900121d4 0x00000000 mem 0x900121f4 0x00000000 mem 0x90012214 0x00000000 mem 0x90012234 0x00000000 mem 0x90012254 0x00000000 mem 0x90012274 0x00000000 mem 0x90012294 0x00000000 mem 0x900122b4 0x00000000 mem 0x900122d4 0x00000000 mem 0x900122f4 0x00000000 mem 0x90012314 0x00000000 mem 0x90012334 0x00000000 mem 0x90012354 0x00000000 mem 0x90012374 0x00000000 mem 0x90012394 0x00000000 mem 0x900123b4 0x00000000 mem 0x900123d4 0x00000000 mem 0x900123f4 0x00000000
core   0: 0x80000574 (0x0050687b) vsw12.v v5, v0, 16
core   0: 3 0x80000574 (0x0050687b) c8_vstart 0x00000000 e32 m1 l32 mem 0x90012010 0x00000000 mem 0x90012030 0x00000000 mem 0x90012050 0x00000000 mem 0x90012070 0x00000000 mem 0x90012090 0x00000000 mem 0x900120b0 0x00000000 mem 0x900120d0 0x00000000 mem 0x900120f0 0x00000000 mem 0x90012110 0x00000000 mem 0x90012130 0x00000000 mem 0x90012150 0x00000000 mem 0x90012170 0x00000000 mem 0x90012190 0x00000000 mem 0x900121b0 0x00000000 mem 0x900121d0 0x00000000 mem 0x900121f0 0x00000000 mem 0x90012210 0x00000000 mem 0x90012230 0x00000000 mem 0x90012250 0x00000000 mem 0x90012270 0x00000000 mem 0x90012290 0x00000000 mem 0x900122b0 0x00000000 mem 0x900122d0 0x00000000 mem 0x900122f0 0x00000000 mem 0x90012310 0x00000000 mem 0x90012330 0x00000000 mem 0x90012350 0x00000000 mem 0x90012370 0x00000000 mem 0x90012390 0x00000000 mem 0x900123b0 0x00000000 mem 0x900123d0 0x00000000 mem 0x900123f0 0x00000000
core   0: 0x80000578 (0x0040667b) vsw12.v v4, v0, 12
core   0: 3 0x80000578 (0x0040667b) c8_vstart 0x00000000 e32 m1 l32 mem 0x9001200c 0xbaa32940 mem 0x9001202c 0xbe08a9b2 mem 0x9001204c 0xbd5cd256 mem 0x9001206c 0xbe156aaa mem 0x9001208c 0x3d4709dd mem 0x900120ac 0xbdd065ff mem 0x900120cc 0xbe3699ce mem 0x900120ec 0x3dc83a12 mem 0x9001210c 0xbdf09791 mem 0x9001212c 0x3c009448 mem 0x9001214c 0xbda2be1b mem 0x9001216c 0xbd39e6b5 mem 0x9001218c 0x3b9f68d8 mem 0x900121ac 0x3c989517 mem 0x900121cc 0xbe4c2281 mem 0x900121ec 0x3da2e894 mem 0x9001220c 0xbddff67f mem 0x9001222c 0xbd8d24a6 mem 0x9001224c 0xbd8e0ed6 mem 0x9001226c 0x3d967588 mem 0x9001228c 0x3e449851 mem 0x900122ac 0xbe1e77b6 mem 0x900122cc 0xbdf7d7ee mem 0x900122ec 0x3e0166b9 mem 0x9001230c 0x3d8bdbad mem 0x9001232c 0x3e45762b mem 0x9001234c 0xbe0070b4 mem 0x9001236c 0x3c777410 mem 0x9001238c 0xbe062683 mem 0x900123ac 0x3cb8dd71 mem 0x900123cc 0x3d392890 mem 0x900123ec 0x3d1dd441
core   0: 0x8000057c (0x0030647b) vsw12.v v3, v0, 8
core   0: 3 0x8000057c (0x0030647b) c8_vstart 0x00000000 e32 m1 l32 mem 0x90012008 0xbe07add6 mem 0x90012028 0xbd00acba mem 0x90012048 0xbdaaf93a mem 0x90012068 0x3dbc766a mem 0x90012088 0x3d36a120 mem 0x900120a8 0xbe0240bb mem 0x900120c8 0x3da3c9eb mem 0x900120e8 0xbddf4934 mem 0x90012108 0x3d6c71d1 mem 0x90012128 0xbcae5c2a mem 0x90012148 0xbe8b7a76 mem 0x90012168 0x3e42507b mem 0x90012188 0xbd96f135 mem 0x900121a8 0x3e422716 mem 0x900121c8 0xbd7cc83c mem 0x900121e8 0xbd91c231 mem 0x90012208 0xbd45c7b0 mem 0x90012228 0xbe03573d mem 0x90012248 0xbddd6ce5 mem 0x90012268 0xbd85c808 mem 0x90012288 0xbd6aed33 mem 0x900122a8 0x3dbf5d14 mem 0x900122c8 0x3c7f2892 mem 0x900122e8 0xbe45a7a9 mem 0x90012308 0x3dc03733 mem 0x90012328 0xbcca188e mem 0x90012348 0x3cfd4b69 mem 0x90012368 0xbe39818c mem 0x90012388 0x3ebeed4a mem 0x900123a8 0xbaee0b7c mem 0x900123c8 0xbd19a435 mem 0x900123e8 0xbd9f4fc3
core   0: 0x80000580 (0x0020627b) vsw12.v v2, v0, 4
core   0: 3 0x80000580 (0x0020627b) c8_vstart 0x00000000 e32 m1 l32 mem 0x90012004 0xbdfb3483 mem 0x90012024 0x3c4b8404 mem 0x90012044 0x3dbbdff5 mem 0x90012064 0xbe18ed7d mem 0x90012084 0x3d6c233f mem 0x900120a4 0x3e21f4cd mem 0x900120c4 0xbd77dad8 mem 0x900120e4 0xbd16722e mem 0x90012104 0x3d99132d mem 0x90012124 0xbdf522dd mem 0x90012144 0xbd6fb6b3 mem 0x90012164 0x3e08f9cf mem 0x90012184 0x3c4fe34d mem 0x900121a4 0xbda149e9 mem 0x900121c4 0x3d6ab184 mem 0x900121e4 0xbd93a028 mem 0x90012204 0xbd879594 mem 0x90012224 0x3ccec3d3 mem 0x90012244 0x3de039dd mem 0x90012264 0xbe612c15 mem 0x90012284 0xbe3e3610 mem 0x900122a4 0xbad1b910 mem 0x900122c4 0xbe618c0a mem 0x900122e4 0xbdb7804b mem 0x90012304 0x3c747a35 mem 0x90012324 0xbddaae1f mem 0x90012344 0x3e820302 mem 0x90012364 0x3cce6bb2 mem 0x90012384 0xbd862114 mem 0x900123a4 0xbe772b29 mem 0x900123c4 0xbc04bd90 mem 0x900123e4 0xbb8bd970
core   0: 0x80000584 (0x0010607b) vsw12.v v1, v0, 0
core   0: 3 0x80000584 (0x0010607b) c8_vstart 0x00000000 e32 m1 l32 mem 0x90012000 0x3a4057e0 mem 0x90012020 0x3e4a01d4 mem 0x90012040 0x3dfd462b mem 0x90012060 0x3d6a117b mem 0x90012080 0xbd173e28 mem 0x900120a0 0x3df7a270 mem 0x900120c0 0xbe2b78ee mem 0x900120e0 0xbdc2d82f mem 0x90012100 0xbd215fa0 mem 0x90012120 0x3d063c7d mem 0x90012140 0xbcfd678b mem 0x90012160 0xbe02a3c0 mem 0x90012180 0xbcecb838 mem 0x900121a0 0x3d115b23 mem 0x900121c0 0x3d2afacf mem 0x900121e0 0xbd9cb044 mem 0x90012200 0x3d45ef98 mem 0x90012220 0x3e2e4955 mem 0x90012240 0x3e2c1d11 mem 0x90012260 0x3e6120c1 mem 0x90012280 0x3ddfcd8b mem 0x900122a0 0x3d237a59 mem 0x900122c0 0xbd90a722 mem 0x900122e0 0xbcbe61b0 mem 0x90012300 0xbdccaee7 mem 0x90012320 0xbd6aaed5 mem 0x90012340 0xbdbd0d0f mem 0x90012360 0xbd01d7a4 mem 0x90012380 0xbdf0d248 mem 0x900123a0 0x3cd88fab mem 0x900123c0 0x3ca6f7b3 mem 0x900123e0 0xbba821f8
core   0: 0x80000588 (0x05c0006f) j       pc + 0x5c
core   0: 3 0x80000588 (0x05c0006f)
core   0: 0x800005e4 (0x0000205b) join    v0, v0, pc + 0
core   0: 3 0x800005e4 (0x0000205b) current mask:	ffffffff current npc:	80000550 stack size: 0
core   0: 0x800005e8 (0xfe812083) lw      x1, -24(x2)
core   0: 3 0x800005e8 (0xfe812083) x1  0x800000a0 mem 0x70000000
core   0: 0x800005ec (0xfe810113) addi    x2, x2, -24
core   0: 3 0x800005ec (0xfe810113) x2  0x70000000
core   0: 0x800005f0 (0xffc20213) addi    x4, x4, -4
core   0: 3 0x800005f0 (0xffc20213) x4  0x00000000
core   0: 0x800005f4 (0x0010200b) regext  x0, x0,  0 0 0 1 
core   0: 3 0x800005f4 (0x0010200b)
core   0: 0x800005f8 (0x5e024057) vmv.v.x v0, x4
core   0: 3 0x800005f8 (0x5e024057) c8_vstart 0x00000core   0: 0x00001000 (0x00000297) auipc   x5, 0x0
core   0: 3 0x00001000 (0x00000297) x5  0x00001000
core   0: 0x00001004 (0x02028593) addi    x11, x5, 32
core   0: 3 0x00001004 (0x02028593) x11 0x00001020
core   0: 0x00001008 (0xf1402573) csrr    x10, mhartid
core   0: 3 0x00001008 (0xf1402573) x10 0x00000000
core   0: 0x0000100c (0x0182a283) lw      x5, 24(x5)
core   0: 3 0x0000100c (0x0182a283) x5  0x80000000 mem 0x00001018
core   0: 0x00001010 (0x00028067) jr      x5
core   0: 3 0x00001010 (0x00028067)
core   0: 0x80000000 (0x00004197) auipc   x3, 0x4
core   0: 3 0x80000000 (0x00004197) x3  0x80004000
core   0: 0x80000004 (0x80818193) addi    x3, x3, -2040
core   0: 3 0x80000004 (0x80818193) x3  0x80003808
core   0: 0x80000008 (0x02000e93) li      x29, 32
core   0: 3 0x80000008 (0x02000e93) x29 0x00000020
core   0: 0x8000000c (0x0d0efed7) vsetvli x29, x29, e32, m1, ta, ma
core   0: 3 0x8000000c (0x0d0efed7) x29 0x00000020 c8_vstart 0x00000000 c3104_vl 0x00000020 c3105_vtype 0x000000d0 c768_mstatus 0x80000600
core   0: 0x80000010 (0x00002eb7) lui     x29, 0x2
core   0: 3 0x80000010 (0x00002eb7) x29 0x00002000
core   0: 0x80000014 (0x300eaef3) csrrs   x29, mstatus, x29
core   0: 3 0x80000014 (0x300eaef3) x29 0x80000600 c768_mstatus 0x80006600
core   0: 0x80000018 (0x00000e93) li      x29, 0
core   0: 3 0x80000018 (0x00000e93) x29 0x00000000
core   0: 0x8000001c (0x80502373) csrr    x6, wid
core   0: 3 0x8000001c (0x80502373) x6  0x00000000
core   0: 0x80000020 (0x806023f3) csrr    x7, lds
core   0: 3 0x80000020 (0x806023f3) x7  0x70000000
core   0: 0x80000024 (0x40000e13) li      x28, 1024
core   0: 3 0x80000024 (0x40000e13) x28 0x00000400
core   0: 0x80000028 (0x03c30333) mul     x6, x6, x28
core   0: 3 0x80000028 (0x03c30333) x6  0x00000000
core   0: 0x8000002c (0x00730133) add     x2, x6, x7
core   0: 3 0x8000002c (0x00730133) x2  0x70000000
core   0: 0x80000030 (0x00000213) li      x4, 0
core   0: 3 0x80000030 (0x00000213) x4  0x00000000
core   0: 0x80000034 (0x80102f73) csrr    x30, numw
core   0: 3 0x80000034 (0x80102f73) x30 0x00000001
core   0: 0x80000038 (0x40000e13) li      x28, 1024
core   0: 3 0x80000038 (0x40000e13) x28 0x00000400
core   0: 0x8000003c (0x03cf0f33) mul     x30, x30, x28
core   0: 3 0x8000003c (0x03cf0f33) x30 0x00000400
core   0: 0x80000040 (0x01e38433) add     x8, x7, x30
core   0: 3 0x80000040 (0x01e38433) x8  0x70000400
core   0: 0x80000044 (0x00003517) auipc   x10, 0x3
core   0: 3 0x80000044 (0x00003517) x10 0x80003044
core   0: 0x80000048 (0xfc450513) addi    x10, x10, -60
core   0: 3 0x80000048 (0xfc450513) x10 0x80003008
core   0: 0x8000004c (0x00003617) auipc   x12, 0x3
core   0: 3 0x8000004c (0x00003617) x12 0x8000304c
core   0: 0x80000050 (0xfbc60613) addi    x12, x12, -68
core   0: 3 0x80000050 (0xfbc60613) x12 0x80003008
core   0: 0x80000054 (0x00c50863) beq     x10, x12, pc + 16
core   0: 3 0x80000054 (0x00c50863)
core   0: 0x80000064 (0x803022f3) csrr    x5, knl
core   0: 3 0x80000064 (0x803022f3) x5  0x90195000
core   0: 0x80000068 (0x0002a303) lw      x6, 0(x5)
core   0: 3 0x80000068 (0x0002a303) x6  0x80000464 mem 0x90195000
core   0: 0x8000006c (0x0042a503) lw      x10, 4(x5)
core   0: 3 0x8000006c (0x0042a503) x10 0x90014000 mem 0x90195004
core   0: 0x80000070 (0x0302a383) lw      x7, 48(x5)
core   0: 3 0x80000070 (0x0302a383) x7  0x00000000 mem 0x90195030
core   0: 0x80000074 (0x0342ae03) lw      x28, 52(x5)
core   0: 3 0x80000074 (0x0342ae03) x28 0x00000000 mem 0x90195034
core   0: 0x80000078 (0x00003e97) auipc   x29, 0x3
core   0: 3 0x80000078 (0x00003e97) x29 0x80003078
core   0: 0x8000007c (0xf88e8e93) addi    x29, x29, -120
core   0: 3 0x8000007c (0xf88e8e93) x29 0x80003000
core   0: 0x80000080 (0x00003f17) auipc   x30, 0x3
core   0: 3 0x80000080 (0x00003f17) x30 0x80003080
core   0: 0x80000084 (0xf84f0f13) addi    x30, x30, -124
core   0: 3 0x80000084 (0xf84f0f13) x30 0x80003004
core   0: 0x80000088 (0x007ea023) sw      x7, 0(x29)
core   0: 3 0x80000088 (0x007ea023) mem 0x80003000 0x00000000
core   0: 0x8000008c (0x01cf2023) sw      x28, 0(x30)
core   0: 3 0x8000008c (0x01cf2023) mem 0x80003004 0x00000000
core   0: 0x80000090 (0x00000f97) auipc   x31, 0x0
core   0: 3 0x80000090 (0x00000f97) x31 0x80000090
core   0: 0x80000094 (0x018f8f93) addi    x31, x31, 24
core   0: 3 0x80000094 (0x018f8f93) x31 0x800000a8
core   0: 0x80000098 (0x305f9073) csrw    mtvec, x31
core   0: 3 0x80000098 (0x305f9073) c773_mtvec 0x800000a8
core   0: 0x8000009c (0x000300e7) jalr    x6
core   0: 3 0x8000009c (0x000300e7) x1  0x800000a0
core   0: 0x80000464 (0x01810113) addi    x2, x2, 24
core   0: 3 0x80000464 (0x01810113) x2  0x70000018
core   0: 0x80000468 (0x00420213) addi    x4, x4, 4
core   0: 3 0x80000468 (0x00420213) x4  0x00000004
core   0: 0x8000046c (0x0010200b) regext  x0, x0,  0 0 0 1 
core   0: 3 0x8000046c (0x0010200b)
core   0: 0x80000470 (0x5e024057) vmv.v.x v0, x4
core   0: 3 0x80000470 (0x5e024057) c8_vstart 0x00000000 e32 m1 l32 v32 ffffffff 0x00000004 00000004 00000004 00000004 00000004 00000004 00000004 00000004 00000004 00000004 00000004 00000004 00000004 00000004 00000004 00000004 00000004 00000004 00000004 00000004 00000004 00000004 00000004 00000004 00000004 00000004 00000004 00000004 00000004 00000004 00000004 00000004 
core   0: 0x80000474 (0xfe112423) sw      x1, -24(x2)
core   0: 3 0x80000474 (0xfe112423) mem 0x70000000 0x800000a0
core   0: 0x80000478 (0x01052283) lw      x5, 16(x10)
core   0: 3 0x80000478 (0x01052283) x5  0x90011000 mem 0x90014010
core   0: 0x8000047c (0xfe512c23) sw      x5, -8(x2)
core   0: 3 0x8000047c (0xfe512c23) mem 0x70000010 0x90011000
core   0: 0x80000480 (0x00c52283) lw      x5, 12(x10)
core   0: 3 0x80000480 (0x00c52283) x5  0x00000001 mem 0x9001400c
core   0: 0x80000484 (0xfe512a23) sw      x5, -12(x2)
core   0: 3 0x80000484 (0xfe512a23) mem 0x7000000c 0x00000001
core   0: 0x80000488 (0x00452283) lw      x5, 4(x10)
core   0: 3 0x80000488 (0x00452283) x5  0x00000000 mem 0x90014004
core   0: 0x8000048c (0xfe512823) sw      x5, -16(x2)
core   0: 3 0x8000048c (0xfe512823) mem 0x70000008 0x00000000
core   0: 0x80000490 (0x00052283) lw      x5, 0(x10)
core   0: 3 0x80000490 (0x00052283) x5  0x9000e000 mem 0x90014000
core   0: 0x80000494 (0xfe512623) sw      x5, -20(x2)
core   0: 3 0x80000494 (0xfe512623) mem 0x70000004 0x9000e000
core   0: 0x80000498 (0x00852283) lw      x5, 8(x10)
core   0: 3 0x80000498 (0x00852283) x5  0x0000000c mem 0x90014008
core   0: 0x8000049c (0xfe512e23) sw      x5, -4(x2)
core   0: 3 0x8000049c (0xfe512e23) mem 0x70000014 0x0000000c
core   0: 0x800004a0 (0x5e004057) vmv.v.x v0, x0
core   0: 3 0x800004a0 (0x5e004057) c8_vstart 0x00000000 e32 m1 l32 v0  ffffffff 0x00000000 00000000 00000000 00000000 00000000 00000000 00000000 00000000 00000000 00000000 00000000 00000000 00000000 00000000 00000000 00000000 00000000 00000000 00000000 00000000 00000000 00000000 00000000 00000000 00000000 00000000 00000000 00000000 00000000 00000000 00000000 00000000 
core   0: 0x800004a4 (0x1d4000ef) jal     pc + 0x1d4
core   0: 3 0x800004a4 (0x1d4000ef) x1  0x800004a8
core   0: 0x80000678 (0x00410113) addi    x2, x2, 4
core   0: 3 0x80000678 (0x00410113) x2  0x7000001c
core   0: 0x8000067c (0xfe112e23) sw      x1, -4(x2)
core   0: 3 0x8000067c (0xfe112e23) mem 0x70000018 0x800004a8
core   0: 0x80000680 (0x020040d7) vadd.vx v1, v0, x0
core   0: 3 0x80000680 (0x020040d7) c8_vstart 0x00000000 e32 m1 l32 v1  ffffffff 0x00000000 00000000 00000000 00000000 00000000 00000000 00000000 00000000 00000000 00000000 00000000 00000000 00000000 00000000 00000000 00000000 00000000 00000000 00000000 00000000 00000000 00000000 00000000 00000000 00000000 00000000 00000000 00000000 00000000 00000000 00000000 00000000 
core   0: 0x80000684 (0x00200293) li      x5, 2
core   0: 3 0x80000684 (0x00200293) x5  0x00000002
core   0: 0x80000688 (0x5e02c057) vmv.v.x v0, x5
core   0: 3 0x80000688 (0x5e02c057) c8_vstart 0x00000000 e32 m1 l32 v0  ffffffff 0x00000002 00000002 00000002 00000002 00000002 00000002 00000002 00000002 00000002 00000002 00000002 00000002 00000002 00000002 00000002 00000002 00000002 00000002 00000002 00000002 00000002 00000002 00000002 00000002 00000002 00000002 00000002 00000002 00000002 00000002 00000002 00000002 
core   0: 0x8000068c (0x00000317) auipc   x6, 0x0
core   0: 3 0x8000068c (0x00000317) x6  0x8000068c
core   0: 0x80000690 (0x0543305b) setrpc  x0, x6, 84
core   0: 3 0x80000690 (0x0543305b) c2060_rpc 0x800006e0 current mask:	ffffffff current npc:	00000000 stack size: 0
core   0: 0x80000694 (0x0410045b) vbeq    v1, v0, pc + 72
core   0: 3 0x80000694 (0x0410045b) c8_vstart 0x00000000 e32 m1 l32 current mask:	ffffffff current npc:	80000698 stack size: 0
core   0: 0x80000698 (0x0040006f) j       pc + 0x4
core   0: 3 0x80000698 (0x0040006f)
core   0: 0x8000069c (0x00100293) li      x5, 1
core   0: 3 0x8000069c (0x00100293) x5  0x00000001
core   0: 0x800006a0 (0x5e02c057) vmv.v.x v0, x5
core   0: 3 0x800006a0 (0x5e02c057) c8_vstart 0x00000000 e32 m1 l32 v0  ffffffff 0x00000001 00000001 00000001 00000001 00000001 00000001 00000001 00000001 00000001 00000001 00000001 00000001 00000001 00000001 00000001 00000001 00000001 00000001 00000001 00000001 00000001 00000001 00000001 00000001 00000001 00000001 00000001 00000001 00000001 00000001 00000001 00000001 
core   0: 0x800006a4 (0x00000317) auipc   x6, 0x0
core   0: 3 0x800006a4 (0x00000317) x6  0x800006a4
core   0: 0x800006a8 (0x03c3305b) setrpc  x0, x6, 60
core   0: 3 0x800006a8 (0x03c3305b) c2060_rpc 0x800006e0 current mask:	ffffffff current npc:	80000698 stack size: 0
core   0: 0x800006ac (0x0210045b) vbeq    v1, v0, pc + 40
core   0: 3 0x800006ac (0x0210045b) c8_vstart 0x00000000 e32 m1 l32 current mask:	ffffffff current npc:	800006b0 stack size: 0
core   0: 0x800006b0 (0x0040006f) j       pc + 0x4
core   0: 3 0x800006b0 (0x0040006f)
core   0: 0x800006b4 (0x5e004157) vmv.v.x v2, x0
core   0: 3 0x800006b4 (0x5e004157) c8_vstart 0x00000000 e32 m1 l32 v2  ffffffff 0x00000000 00000000 00000000 00000000 00000000 00000000 00000000 00000000 00000000 00000000 00000000 00000000 00000000 00000000 00000000 00000000 00000000 00000000 00000000 00000000 00000000 00000000 00000000 00000000 00000000 00000000 00000000 00000000 00000000 00000000 00000000 00000000 
core   0: 0x800006b8 (0x5e004057) vmv.v.x v0, x0
core   0: 3 0x800006b8 (0x5e004057) c8_vstart 0x00000000 e32 m1 l32 v0  ffffffff 0x00000000 00000000 00000000 00000000 00000000 00000000 00000000 00000000 00000000 00000000 00000000 00000000 00000000 00000000 00000000 00000000 00000000 00000000 00000000 00000000 00000000 00000000 00000000 00000000 00000000 00000000 00000000 00000000 00000000 00000000 00000000 00000000 
core   0: 0x800006bc (0x00000317) auipc   x6, 0x0
core   0: 3 0x800006bc (0x00000317) x6  0x800006bc
core   0: 0x800006c0 (0x0243305b) setrpc  x0, x6, 36
core   0: 3 0x800006c0 (0x0243305b) c2060_rpc 0x800006e0 current mask:	ffffffff current npc:	800006b0 stack size: 0
core   0: 0x800006c4 (0x00111e5b) vbne    v1, v2, pc + 28
core   0: 3 0x800006c4 (0x00111e5b) c8_vstart 0x00000000 e32 m1 l32 current mask:	ffffffff current npc:	800006c8 stack size: 0
core   0: 0x800006c8 (0x0040006f) j       pc + 0x4
core   0: 3 0x800006c8 (0x0040006f)
core   0: 0x800006cc (0x09c000ef) jal     pc + 0x9c
core   0: 3 0x800006cc (0x09c000ef) x1  0x800006d0
core   0: 0x80000768 (0x80802573) csrr    x10, gidx
core   0: 3 0x80000768 (0x80802573) x10 0x00000005
core   0: 0x8000076c (0x5e054057) vmv.v.x v0, x10
core   0: 3 0x8000076c (0x5e054057) c8_vstart 0x00000000 e32 m1 l32 v0  ffffffff 0x00000005 00000005 00000005 00000005 00000005 00000005 00000005 00000005 00000005 00000005 00000005 00000005 00000005 00000005 00000005 00000005 00000005 00000005 00000005 00000005 00000005 00000005 00000005 00000005 00000005 00000005 00000005 00000005 00000005 00000005 00000005 00000005 
core   0: 0x80000770 (0x00008067) ret
core   0: 3 0x80000770 (0x00008067)
core   0: 0x800006d0 (0x0100006f) j       pc + 0x10
core   0: 3 0x800006d0 (0x0100006f)
core   0: 0x800006e0 (0x0000205b) join    v0, v0, pc + 0
core   0: 3 0x800006e0 (0x0000205b) current mask:	ffffffff current npc:	800006c8 stack size: 0
core   0: 0x800006e4 (0xffc12083) lw      x1, -4(x2)
core   0: 3 0x800006e4 (0xffc12083) x1  0x800004a8 mem 0x70000018
core   0: 0x800006e8 (0xffc10113) addi    x2, x2, -4
core   0: 3 0x800006e8 (0xffc10113) x2  0x70000018
core   0: 0x800006ec (0x00008067) ret
core   0: 3 0x800006ec (0x00008067)
core   0: 0x800004a8 (0x0080200b) regext  x0, x0,  0 0 1 0 
core   0: 3 0x800004a8 (0x0080200b)
core   0: 0x800004ac (0xfe002e2b) vsw.v   v0, x0, -4
core   0: 3 0x800004ac (0xfe002e2b) c8_vstart 0x00000000 mem 0x90015000 0x00000005 mem 0x90015004 0x00000005 mem 0x90015008 0x00000005 mem 0x9001500c 0x00000005 mem 0x90015010 0x00000005 mem 0x90015014 0x00000005 mem 0x90015018 0x00000005 mem 0x9001501c 0x00000005 mem 0x90015020 0x00000005 mem 0x90015024 0x00000005 mem 0x90015028 0x00000005 mem 0x9001502c 0x00000005 mem 0x90015030 0x00000005 mem 0x90015034 0x00000005 mem 0x90015038 0x00000005 mem 0x9001503c 0x00000005 mem 0x90015040 0x00000005 mem 0x90015044 0x00000005 mem 0x90015048 0x00000005 mem 0x9001504c 0x00000005 mem 0x90015050 0x00000005 mem 0x90015054 0x00000005 mem 0x90015058 0x00000005 mem 0x9001505c 0x00000005 mem 0x90015060 0x00000005 mem 0x90015064 0x00000005 mem 0x90015068 0x00000005 mem 0x9001506c 0x00000005 mem 0x90015070 0x00000005 mem 0x90015074 0x00000005 mem 0x90015078 0x00000005 mem 0x9001507c 0x00000005
core   0: 0x800004b0 (0x5e004057) vmv.v.x v0, x0
core   0: 3 0x800004b0 (0x5e004057) c8_vstart 0x00000000 e32 m1 l32 v0  ffffffff 0x00000000 00000000 00000000 00000000 00000000 00000000 00000000 00000000 00000000 00000000 00000000 00000000 00000000 00000000 00000000 00000000 00000000 00000000 00000000 00000000 00000000 00000000 00000000 00000000 00000000 00000000 00000000 00000000 00000000 00000000 00000000 00000000 
core   0: 0x800004b4 (0x14c000ef) jal     pc + 0x14c
core   0: 3 0x800004b4 (0x14c000ef) x1  0x800004b8
core   0: 0x80000600 (0x00410113) addi    x2, x2, 4
core   0: 3 0x80000600 (0x00410113) x2  0x7000001c
core   0: 0x80000604 (0xfe112e23) sw      x1, -4(x2)
core   0: 3 0x80000604 (0xfe112e23) mem 0x70000018 0x800004b8
core   0: 0x80000608 (0x020040d7) vadd.vx v1, v0, x0
core   0: 3 0x80000608 (0x020040d7) c8_vstart 0x00000000 e32 m1 l32 v1  ffffffff 0x00000000 00000000 00000000 00000000 00000000 00000000 00000000 00000000 00000000 00000000 00000000 00000000 00000000 00000000 00000000 00000000 00000000 00000000 00000000 00000000 00000000 00000000 00000000 00000000 00000000 00000000 00000000 00000000 00000000 00000000 00000000 00000000 
core   0: 0x8000060c (0x00200293) li      x5, 2
core   0: 3 0x8000060c (0x00200293) x5  0x00000002
core   0: 0x80000610 (0x5e02c057) vmv.v.x v0, x5
core   0: 3 0x80000610 (0x5e02c057) c8_vstart 0x00000000 e32 m1 l32 v0  ffffffff 0x00000002 00000002 00000002 00000002 00000002 00000002 00000002 00000002 00000002 00000002 00000002 00000002 00000002 00000002 00000002 00000002 00000002 00000002 00000002 00000002 00000002 00000002 00000002 00000002 00000002 00000002 00000002 00000002 00000002 00000002 00000002 00000002 
core   0: 0x80000614 (0x00000317) auipc   x6, 0x0
core   0: 3 0x80000614 (0x00000317) x6  0x80000614
core   0: 0x80000618 (0x0543305b) setrpc  x0, x6, 84
core   0: 3 0x80000618 (0x0543305b) c2060_rpc 0x80000668 current mask:	ffffffff current npc:	800006c8 stack size: 0
core   0: 0x8000061c (0x0410045b) vbeq    v1, v0, pc + 72
core   0: 3 0x8000061c (0x0410045b) c8_vstart 0x00000000 e32 m1 l32 current mask:	ffffffff current npc:	80000620 stack size: 0
core   0: 0x80000620 (0x0040006f) j       pc + 0x4
core   0: 3 0x80000620 (0x0040006f)
core   0: 0x80000624 (0x00100293) li      x5, 1
core   0: 3 0x80000624 (0x00100293) x5  0x00000001
core   0: 0x80000628 (0x5e02c057) vmv.v.x v0, x5
core   0: 3 0x80000628 (0x5e02c057) c8_vstart 0x00000000 e32 m1 l32 v0  ffffffff 0x00000001 00000001 00000001 00000001 00000001 00000001 00000001 00000001 00000001 00000001 00000001 00000001 00000001 00000001 00000001 00000001 00000001 00000001 00000001 00000001 00000001 00000001 00000001 00000001 00000001 00000001 00000001 00000001 00000001 00000001 00000001 00000001 
core   0: 0x8000062c (0x00000317) auipc   x6, 0x0
core   0: 3 0x8000062c (0x00000317) x6  0x8000062c
core   0: 0x80000630 (0x03c3305b) setrpc  x0, x6, 60
core   0: 3 0x80000630 (0x03c3305b) c2060_rpc 0x80000668 current mask:	ffffffff current npc:	80000620 stack size: 0
core   0: 0x80000634 (0x0210045b) vbeq    v1, v0, pc + 40
core   0: 3 0x80000634 (0x0210045b) c8_vstart 0x00000000 e32 m1 l32 current mask:	ffffffff current npc:	80000638 stack size: 0
core   0: 0x80000638 (0x0040006f) j       pc + 0x4
core   0: 3 0x80000638 (0x0040006f)
core   0: 0x8000063c (0x5e004157) vmv.v.x v2, x0
core   0: 3 0x8000063c (0x5e004157) c8_vstart 0x00000000 e32 m1 l32 v2  ffffffff 0x00000000 00000000 00000000 00000000 00000000 00000000 00000000 00000000 00000000 00000000 00000000 00000000 00000000 00000000 00000000 00000000 00000000 00000000 00000000 00000000 00000000 00000000 00000000 00000000 00000000 00000000 00000000 00000000 00000000 00000000 00000000 00000000 
core   0: 0x80000640 (0x5e004057) vmv.v.x v0, x0
core   0: 3 0x80000640 (0x5e004057) c8_vstart 0x00000000 e32 m1 l32 v0  ffffffff 0x00000000 00000000 00000000 00000000 00000000 00000000 00000000 00000000 00000000 00000000 00000000 00000000 00000000 00000000 00000000 00000000 00000000 00000000 00000000 00000000 00000000 00000000 00000000 00000000 00000000 00000000 00000000 00000000 00000000 00000000 00000000 00000000 
core   0: 0x80000644 (0x00000317) auipc   x6, 0x0
core   0: 3 0x80000644 (0x00000317) x6  0x80000644
core   0: 0x80000648 (0x0243305b) setrpc  x0, x6, 36
core   0: 3 0x80000648 (0x0243305b) c2060_rpc 0x80000668 current mask:	ffffffff current npc:	80000638 stack size: 0
core   0: 0x8000064c (0x00111e5b) vbne    v1, v2, pc + 28
core   0: 3 0x8000064c (0x00111e5b) c8_vstart 0x00000000 e32 m1 l32 current mask:	ffffffff current npc:	80000650 stack size: 0
core   0: 0x80000650 (0x0040006f) j       pc + 0x4
core   0: 3 0x80000650 (0x0040006f)
core   0: 0x80000654 (0x138000ef) jal     pc + 0x138
core   0: 3 0x80000654 (0x138000ef) x1  0x80000658
core   0: 0x8000078c (0x00410113) addi    x2, x2, 4
core   0: 3 0x8000078c (0x00410113) x2  0x70000020
core   0: 0x80000790 (0xfe112e23) sw      x1, -4(x2)
core   0: 3 0x80000790 (0xfe112e23) mem 0x7000001c 0x80000658
core   0: 0x80000794 (0x80302573) csrr    x10, knl
core   0: 3 0x80000794 (0x80302573) x10 0x90195000
core   0: 0x80000798 (0x00852283) lw      x5, 8(x10)
core   0: 3 0x80000798 (0x00852283) x5  0x00000001 mem 0x90195008
core   0: 0x8000079c (0x80002373) csrr    x6, tid
core   0: 3 0x8000079c (0x80002373) x6  0x00000000
core   0: 0x800007a0 (0x5208a157) vid.v   v2
core   0: 3 0x800007a0 (0x5208a157) c8_vstart 0x00000000 e32 m1 l32 v2  ffffffff 0x0000001f 0000001e 0000001d 0000001c 0000001b 0000001a 00000019 00000018 00000017 00000016 00000015 00000014 00000013 00000012 00000011 00000010 0000000f 0000000e 0000000d 0000000c 0000000b 0000000a 00000009 00000008 00000007 00000006 00000005 00000004 00000003 00000002 00000001 00000000 
core   0: 0x800007a4 (0x02234057) vadd.vx v0, v2, x6
core   0: 3 0x800007a4 (0x02234057) c8_vstart 0x00000000 e32 m1 l32 v0  ffffffff 0x0000001f 0000001e 0000001d 0000001c 0000001b 0000001a 00000019 00000018 00000017 00000016 00000015 00000014 00000013 00000012 00000011 00000010 0000000f 0000000e 0000000d 0000000c 0000000b 0000000a 00000009 00000008 00000007 00000006 00000005 00000004 00000003 00000002 00000001 00000000 
core   0: 0x800007a8 (0x01852e03) lw      x28, 24(x10)
core   0: 3 0x800007a8 (0x01852e03) x28 0x00000020 mem 0x90195018
core   0: 0x800007ac (0x8a0e6057) vremu.vx v0, v0, x28
core   0: 3 0x800007ac (0x8a0e6057) c8_vstart 0x00000000 e32 m1 l32 v0  ffffffff 0x0000001f 0000001e 0000001d 0000001c 0000001b 0000001a 00000019 00000018 00000017 00000016 00000015 00000014 00000013 00000012 00000011 00000010 0000000f 0000000e 0000000d 0000000c 0000000b 0000000a 00000009 00000008 00000007 00000006 00000005 00000004 00000003 00000002 00000001 00000000 
core   0: 0x800007b0 (0xffc12083) lw      x1, -4(x2)
core   0: 3 0x800007b0 (0xffc12083) x1  0x80000658 mem 0x7000001c
core   0: 0x800007b4 (0xffc10113) addi    x2, x2, -4
core   0: 3 0x800007b4 (0xffc10113) x2  0x7000001c
core   0: 0x800007b8 (0x00008067) ret
core   0: 3 0x800007b8 (0x00008067)
core   0: 0x80000658 (0x0100006f) j       pc + 0x10
core   0: 3 0x80000658 (0x0100006f)
core   0: 0x80000668 (0x0000205b) join    v0, v0, pc + 0
core   0: 3 0x80000668 (0x0000205b) current mask:	ffffffff current npc:	80000650 stack size: 0
core   0: 0x8000066c (0xffc12083) lw      x1, -4(x2)
core   0: 3 0x8000066c (0xffc12083) x1  0x800004b8 mem 0x70000018
core   0: 0x80000670 (0xffc10113) addi    x2, x2, -4
core   0: 3 0x80000670 (0xffc10113) x2  0x70000018
core   0: 0x80000674 (0x00008067) ret
core   0: 3 0x80000674 (0x00008067)
core   0: 0x800004b8 (0x0080200b) regext  x0, x0,  0 0 1 0 
core   0: 3 0x800004b8 (0x0080200b)
core   0: 0x800004bc (0x7fc0212b) vlw.v   v2, x0, -4
core   0: 3 0x800004bc (0x7fc0212b) e32 m1 l32 v2  ffffffff 0x00000005 00000005 00000005 00000005 00000005 00000005 00000005 00000005 00000005 00000005 00000005 00000005 00000005 00000005 00000005 00000005 00000005 00000005 00000005 00000005 00000005 00000005 00000005 00000005 00000005 00000005 00000005 00000005 00000005 00000005 00000005 00000005  c8_vstart 0x00000000 mem 0x90015000 mem 0x90015004 mem 0x90015008 mem 0x9001500c mem 0x90015010 mem 0x90015014 mem 0x90015018 mem 0x9001501c mem 0x90015020 mem 0x90015024 mem 0x90015028 mem 0x9001502c mem 0x90015030 mem 0x90015034 mem 0x90015038 mem 0x9001503c mem 0x90015040 mem 0x90015044 mem 0x90015048 mem 0x9001504c mem 0x90015050 mem 0x90015054 mem 0x90015058 mem 0x9001505c mem 0x90015060 mem 0x90015064 mem 0x90015068 mem 0x9001506c mem 0x90015070 mem 0x90015074 mem 0x90015078 mem 0x9001507c
core   0: 0x800004c0 (0xffc12283) lw      x5, -4(x2)
core   0: 3 0x800004c0 (0xffc12283) x5  0x0000000c mem 0x70000014
core   0: 0x800004c4 (0x5e02c0d7) vmv.v.x v1, x5
core   0: 3 0x800004c4 (0x5e02c0d7) c8_vstart 0x00000000 e32 m1 l32 v1  ffffffff 0x0000000c 0000000c 0000000c 0000000c 0000000c 0000000c 0000000c 0000000c 0000000c 0000000c 0000000c 0000000c 0000000c 0000000c 0000000c 0000000c 0000000c 0000000c 0000000c 0000000c 0000000c 0000000c 0000000c 0000000c 0000000c 0000000c 0000000c 0000000c 0000000c 0000000c 0000000c 0000000c 
core   0: 0x800004c8 (0x00000317) auipc   x6, 0x0
core   0: 3 0x800004c8 (0x00000317) x6  0x800004c8
core   0: 0x800004cc (0x11c3305b) setrpc  x0, x6, 284
core   0: 3 0x800004cc (0x11c3305b) c2060_rpc 0x800005e4 current mask:	ffffffff current npc:	80000650 stack size: 0
core   0: 0x800004d0 (0x1020da5b) vbge    v2, v1, pc + 276
core   0: 3 0x800004d0 (0x1020da5b) c8_vstart 0x00000000 e32 m1 l32 current mask:	ffffffff current npc:	800004d4 stack size: 0
core   0: 0x800004d4 (0x0040006f) j       pc + 0x4
core   0: 3 0x800004d4 (0x0040006f)
core   0: 0x800004d8 (0xff012283) lw      x5, -16(x2)
core   0: 3 0x800004d8 (0xff012283) x5  0x00000000 mem 0x70000008
core   0: 0x800004dc (0x0222c4d7) vadd.vx v9, v2, x5
core   0: 3 0x800004dc (0x0222c4d7) c8_vstart 0x00000000 e32 m1 l32 v9  ffffffff 0x00000005 00000005 00000005 00000005 00000005 00000005 00000005 00000005 00000005 00000005 00000005 00000005 00000005 00000005 00000005 00000005 00000005 00000005 00000005 00000005 00000005 00000005 00000005 00000005 00000005 00000005 00000005 00000005 00000005 00000005 00000005 00000005 
core   0: 0x800004e0 (0x5e0040d7) vmv.v.x v1, x0
core   0: 3 0x800004e0 (0x5e0040d7) c8_vstart 0x00000000 e32 m1 l32 v1  ffffffff 0x00000000 00000000 00000000 00000000 00000000 00000000 00000000 00000000 00000000 00000000 00000000 00000000 00000000 00000000 00000000 00000000 00000000 00000000 00000000 00000000 00000000 00000000 00000000 00000000 00000000 00000000 00000000 00000000 00000000 00000000 00000000 00000000 
core   0: 0x800004e4 (0xff412283) lw      x5, -12(x2)
core   0: 3 0x800004e4 (0xff412283) x5  0x00000001 mem 0x7000000c
core   0: 0x800004e8 (0x02504263) blt     x0, x5, pc + 36
core   0: 3 0x800004e8 (0x02504263)
core   0: 0x8000050c (0x9692e0d7) vmul.vx v1, v9, x5
core   0: 3 0x8000050c (0x9692e0d7) c8_vstart 0x00000000 e32 m1 l32 v1  ffffffff 0x00000005 00000005 00000005 00000005 00000005 00000005 00000005 00000005 00000005 00000005 00000005 00000005 00000005 00000005 00000005 00000005 00000005 00000005 00000005 00000005 00000005 00000005 00000005 00000005 00000005 00000005 00000005 00000005 00000005 00000005 00000005 00000005 
core   0: 0x80000510 (0x961530d7) vsll.vi v1, v1, 10
core   0: 3 0x80000510 (0x961530d7) c8_vstart 0x00000000 e32 m1 l32 v1  ffffffff 0x00001400 00001400 00001400 00001400 00001400 00001400 00001400 00001400 00001400 00001400 00001400 00001400 00001400 00001400 00001400 00001400 00001400 00001400 00001400 00001400 00001400 00001400 00001400 00001400 00001400 00001400 00001400 00001400 00001400 00001400 00001400 00001400 
core   0: 0x80000514 (0x9602b157) vsll.vi v2, v0, 5
core   0: 3 0x80000514 (0x9602b157) c8_vstart 0x00000000 e32 m1 l32 v2  ffffffff 0x000003e0 000003c0 000003a0 00000380 00000360 00000340 00000320 00000300 000002e0 000002c0 000002a0 00000280 00000260 00000240 00000220 00000200 000001e0 000001c0 000001a0 00000180 00000160 00000140 00000120 00000100 000000e0 000000c0 000000a0 00000080 00000060 00000040 00000020 00000000 
core   0: 0x80000518 (0x021100d7) vadd.vv v1, v1, v2
core   0: 3 0x80000518 (0x021100d7) c8_vstart 0x00000000 e32 m1 l32 v1  ffffffff 0x000017e0 000017c0 000017a0 00001780 00001760 00001740 00001720 00001700 000016e0 000016c0 000016a0 00001680 00001660 00001640 00001620 00001600 000015e0 000015c0 000015a0 00001580 00001560 00001540 00001520 00001500 000014e0 000014c0 000014a0 00001480 00001460 00001440 00001420 00001400 
core   0: 0x8000051c (0xfec12303) lw      x6, -20(x2)
core   0: 3 0x8000051c (0xfec12303) x6  0x9000e000 mem 0x70000004
core   0: 0x80000520 (0x02134557) vadd.vx v10, v1, x6
core   0: 3 0x80000520 (0x02134557) c8_vstart 0x00000000 e32 m1 l32 v10 ffffffff 0x9000f7e0 9000f7c0 9000f7a0 9000f780 9000f760 9000f740 9000f720 9000f700 9000f6e0 9000f6c0 9000f6a0 9000f680 9000f660 9000f640 9000f620 9000f600 9000f5e0 9000f5c0 9000f5a0 9000f580 9000f560 9000f540 9000f520 9000f500 9000f4e0 9000f4c0 9000f4a0 9000f480 9000f460 9000f440 9000f420 9000f400 
core   0: 0x80000524 (0x5e0040d7) vmv.v.x v1, x0
core   0: 3 0x80000524 (0x5e0040d7) c8_vstart 0x00000000 e32 m1 l32 v1  ffffffff 0x00000000 00000000 00000000 00000000 00000000 00000000 00000000 00000000 00000000 00000000 00000000 00000000 00000000 00000000 00000000 00000000 00000000 00000000 00000000 00000000 00000000 00000000 00000000 00000000 00000000 00000000 00000000 00000000 00000000 00000000 00000000 00000000 
core   0: 0x80000528 (0x02104157) vadd.vx v2, v1, x0
core   0: 3 0x80000528 (0x02104157) c8_vstart 0x00000000 e32 m1 l32 v2  ffffffff 0x00000000 00000000 00000000 00000000 00000000 00000000 00000000 00000000 00000000 00000000 00000000 00000000 00000000 00000000 00000000 00000000 00000000 00000000 00000000 00000000 00000000 00000000 00000000 00000000 00000000 00000000 00000000 00000000 00000000 00000000 00000000 00000000 
core   0: 0x8000052c (0x021041d7) vadd.vx v3, v1, x0
core   0: 3 0x8000052c (0x021041d7) c8_vstart 0x00000000 e32 m1 l32 v3  ffffffff 0x00000000 00000000 00000000 00000000 00000000 00000000 00000000 00000000 00000000 00000000 00000000 00000000 00000000 00000000 00000000 00000000 00000000 00000000 00000000 00000000 00000000 00000000 00000000 00000000 00000000 00000000 00000000 00000000 00000000 00000000 00000000 00000000 
core   0: 0x80000530 (0x02104257) vadd.vx v4, v1, x0
core   0: 3 0x80000530 (0x02104257) c8_vstart 0x00000000 e32 m1 l32 v4  ffffffff 0x00000000 00000000 00000000 00000000 00000000 00000000 00000000 00000000 00000000 00000000 00000000 00000000 00000000 00000000 00000000 00000000 00000000 00000000 00000000 00000000 00000000 00000000 00000000 00000000 00000000 00000000 00000000 00000000 00000000 00000000 00000000 00000000 
core   0: 0x80000534 (0x021042d7) vadd.vx v5, v1, x0
core   0: 3 0x80000534 (0x021042d7) c8_vstart 0x00000000 e32 m1 l32 v5  ffffffff 0x00000000 00000000 00000000 00000000 00000000 00000000 00000000 00000000 00000000 00000000 00000000 00000000 00000000 00000000 00000000 00000000 00000000 00000000 00000000 00000000 00000000 00000000 00000000 00000000 00000000 00000000 00000000 00000000 00000000 00000000 00000000 00000000 
core   0: 0x80000538 (0x02104357) vadd.vx v6, v1, x0
core   0: 3 0x80000538 (0x02104357) c8_vstart 0x00000000 e32 m1 l32 v6  ffffffff 0x00000000 00000000 00000000 00000000 00000000 00000000 00000000 00000000 00000000 00000000 00000000 00000000 00000000 00000000 00000000 00000000 00000000 00000000 00000000 00000000 00000000 00000000 00000000 00000000 00000000 00000000 00000000 00000000 00000000 00000000 00000000 00000000 
core   0: 0x8000053c (0x021043d7) vadd.vx v7, v1, x0
core   0: 3 0x8000053c (0x021043d7) c8_vstart 0x00000000 e32 m1 l32 v7  ffffffff 0x00000000 00000000 00000000 00000000 00000000 00000000 00000000 00000000 00000000 00000000 00000000 00000000 00000000 00000000 00000000 00000000 00000000 00000000 00000000 00000000 00000000 00000000 00000000 00000000 00000000 00000000 00000000 00000000 00000000 00000000 00000000 00000000 
core   0: 0x80000540 (0x02104457) vadd.vx v8, v1, x0
core   0: 3 0x80000540 (0x02104457) c8_vstart 0x00000000 e32 m1 l32 v8  ffffffff 0x00000000 00000000 00000000 00000000 00000000 00000000 00000000 00000000 00000000 00000000 00000000 00000000 00000000 00000000 00000000 00000000 00000000 00000000 00000000 00000000 00000000 00000000 00000000 00000000 00000000 00000000 00000000 00000000 00000000 00000000 00000000 00000000 
core   0: 0x80000544 (0x5e02c5d7) vmv.v.x v11, x5
core   0: 3 0x80000544 (0x5e02c5d7) c8_vstart 0x00000000 e32 m1 l32 v11 ffffffff 0x00000001 00000001 00000001 00000001 00000001 00000001 00000001 00000001 00000001 00000001 00000001 00000001 00000001 00000001 00000001 00000001 00000001 00000001 00000001 00000001 00000001 00000001 00000001 00000001 00000001 00000001 00000001 00000001 00000001 00000001 00000001 00000001 
core   0: 0x80000548 (0x5e004a57) vmv.v.x v20, x0
core   0: 3 0x80000548 (0x5e004a57) c8_vstart 0x00000000 e32 m1 l32 v20 ffffffff 0x00000000 00000000 00000000 00000000 00000000 00000000 00000000 00000000 00000000 00000000 00000000 00000000 00000000 00000000 00000000 00000000 00000000 00000000 00000000 00000000 00000000 00000000 00000000 00000000 00000000 00000000 00000000 00000000 00000000 00000000 00000000 00000000 
core   0: 0x8000054c (0x0400006f) j       pc + 0x40
core   0: 3 0x8000054c (0x0400006f)
core   0: 0x8000058c (0x01c529fb) vlw12.v v19, v10, 28
core   0: 3 0x8000058c (0x01c529fb) e32 m1 l32 v19 ffffffff 0x00000000 00000000 00000000 00000000 00000000 00000000 00000000 00000000 00000000 00000000 00000000 00000000 00000000 00000000 00000000 00000000 00000000 00000000 00000000 00000000 00000000 00000000 00000000 00000000 00000000 00000000 00000000 00000000 00000000 00000000 00000000 00000000  c8_vstart 0x00000000 mem 0x9000f41c mem 0x9000f43c mem 0x9000f45c mem 0x9000f47c mem 0x9000f49c mem 0x9000f4bc mem 0x9000f4dc mem 0x9000f4fc mem 0x9000f51c mem 0x9000f53c mem 0x9000f55c mem 0x9000f57c mem 0x9000f59c mem 0x9000f5bc mem 0x9000f5dc mem 0x9000f5fc mem 0x9000f61c mem 0x9000f63c mem 0x9000f65c mem 0x9000f67c mem 0x9000f69c mem 0x9000f6bc mem 0x9000f6dc mem 0x9000f6fc mem 0x9000f71c mem 0x9000f73c mem 0x9000f75c mem 0x9000f77c mem 0x9000f79c mem 0x9000f7bc mem 0x9000f7dc mem 0x9000f7fc
core   0: 0x80000590 (0x0185297b) vlw12.v v18, v10, 24
core   0: 3 0x80000590 (0x0185297b) e32 m1 l32 v18 ffffffff 0x00000000 00000000 00000000 00000000 00000000 00000000 00000000 00000000 00000000 00000000 00000000 00000000 00000000 00000000 00000000 00000000 00000000 00000000 00000000 00000000 00000000 00000000 00000000 00000000 00000000 00000000 00000000 00000000 00000000 00000000 00000000 00000000  c8_vstart 0x00000000 mem 0x9000f418 mem 0x9000f438 mem 0x9000f458 mem 0x9000f478 mem 0x9000f498 mem 0x9000f4b8 mem 0x9000f4d8 mem 0x9000f4f8 mem 0x9000f518 mem 0x9000f538 mem 0x9000f558 mem 0x9000f578 mem 0x9000f598 mem 0x9000f5b8 mem 0x9000f5d8 mem 0x9000f5f8 mem 0x9000f618 mem 0x9000f638 mem 0x9000f658 mem 0x9000f678 mem 0x9000f698 mem 0x9000f6b8 mem 0x9000f6d8 mem 0x9000f6f8 mem 0x9000f718 mem 0x9000f738 mem 0x9000f758 mem 0x9000f778 mem 0x9000f798 mem 0x9000f7b8 mem 0x9000f7d8 mem 0x9000f7f8
core   0: 0x80000594 (0x014528fb) vlw12.v v17, v10, 20
core   0: 3 0x80000594 (0x014528fb) e32 m1 l32 v17 ffffffff 0x00000000 00000000 00000000 00000000 00000000 00000000 00000000 00000000 00000000 00000000 00000000 00000000 00000000 00000000 00000000 00000000 00000000 00000000 00000000 00000000 00000000 00000000 00000000 00000000 00000000 00000000 00000000 00000000 00000000 00000000 00000000 00000000  c8_vstart 0x00000000 mem 0x9000f414 mem 0x9000f434 mem 0x9000f454 mem 0x9000f474 mem 0x9000f494 mem 0x9000f4b4 mem 0x9000f4d4 mem 0x9000f4f4 mem 0x9000f514 mem 0x9000f534 mem 0x9000f554 mem 0x9000f574 mem 0x9000f594 mem 0x9000f5b4 mem 0x9000f5d4 mem 0x9000f5f4 mem 0x9000f614 mem 0x9000f634 mem 0x9000f654 mem 0x9000f674 mem 0x9000f694 mem 0x9000f6b4 mem 0x9000f6d4 mem 0x9000f6f4 mem 0x9000f714 mem 0x9000f734 mem 0x9000f754 mem 0x9000f774 mem 0x9000f794 mem 0x9000f7b4 mem 0x9000f7d4 mem 0x9000f7f4
core   0: 0x80000598 (0x0105287b) vlw12.v v16, v10, 16
core   0: 3 0x80000598 (0x0105287b) e32 m1 l32 v16 ffffffff 0x00000000 00000000 00000000 00000000 00000000 00000000 00000000 00000000 00000000 00000000 00000000 00000000 00000000 00000000 00000000 00000000 00000000 00000000 00000000 00000000 00000000 00000000 00000000 00000000 00000000 00000000 00000000 00000000 00000000 00000000 00000000 00000000  c8_vstart 0x00000000 mem 0x9000f410 mem 0x9000f430 mem 0x9000f450 mem 0x9000f470 mem 0x9000f490 mem 0x9000f4b0 mem 0x9000f4d0 mem 0x9000f4f0 mem 0x9000f510 mem 0x9000f530 mem 0x9000f550 mem 0x9000f570 mem 0x9000f590 mem 0x9000f5b0 mem 0x9000f5d0 mem 0x9000f5f0 mem 0x9000f610 mem 0x9000f630 mem 0x9000f650 mem 0x9000f670 mem 0x9000f690 mem 0x9000f6b0 mem 0x9000f6d0 mem 0x9000f6f0 mem 0x9000f710 mem 0x9000f730 mem 0x9000f750 mem 0x9000f770 mem 0x9000f790 mem 0x9000f7b0 mem 0x9000f7d0 mem 0x9000f7f0
core   0: 0x8000059c (0x00c527fb) vlw12.v v15, v10, 12
core   0: 3 0x8000059c (0x00c527fb) e32 m1 l32 v15 ffffffff 0xbe1138fc 3eb65135 3e349f18 3e03b129 3da53a99 bd4b7a2d be0abf04 bdb6bebc be429c9a bddc93f7 bd0d61b1 bdfe98db 3d69856f 3e460636 3e8ae7ca 3cf3348f bd4485d6 3e6c0a13 bdf3f6a0 bd4b6a00 be12ec7d bbd5583d be32c34a bdabfbbd be08713a be5303e4 3dcdd855 bdd1e76e 39beae80 3e07983b 3de2b439 3c90d618  c8_vstart 0x00000000 mem 0x9000f40c mem 0x9000f42c mem 0x9000f44c mem 0x9000f46c mem 0x9000f48c mem 0x9000f4ac mem 0x9000f4cc mem 0x9000f4ec mem 0x9000f50c mem 0x9000f52c mem 0x9000f54c mem 0x9000f56c mem 0x9000f58c mem 0x9000f5ac mem 0x9000f5cc mem 0x9000f5ec mem 0x9000f60c mem 0x9000f62c mem 0x9000f64c mem 0x9000f66c mem 0x9000f68c mem 0x9000f6ac mem 0x9000f6cc mem 0x9000f6ec mem 0x9000f70c mem 0x9000f72c mem 0x9000f74c mem 0x9000f76c mem 0x9000f78c mem 0x9000f7ac mem 0x9000f7cc mem 0x9000f7ec
core   0: 0x800005a0 (0x0085277b) vlw12.v v14, v10, 8
core   0: 3 0x800005a0 (0x0085277b) e32 m1 l32 v14 ffffffff 0x3d3f36ef be95a5c3 3e0b8031 bd746875 be085fdf 3c36ff0e 3df37c92 3e516a83 3c80e7cb be57baad 3e0653ca baf876f0 bdc01bed 3e510859 3d4f0555 3dc5a96d bcf17582 bc96f809 3d9b7457 bdc6ad03 3e269332 bc294de3 bc8ae9c0 3de7fff1 3d2b961c bd896eaf bd1fbbc7 3b5f0ba0 bdfdfa2f 3bd310cc bdd9672d 3cb70f54  c8_vstart 0x00000000 mem 0x9000f408 mem 0x9000f428 mem 0x9000f448 mem 0x9000f468 mem 0x9000f488 mem 0x9000f4a8 mem 0x9000f4c8 mem 0x9000f4e8 mem 0x9000f508 mem 0x9000f528 mem 0x9000f548 mem 0x9000f568 mem 0x9000f588 mem 0x9000f5a8 mem 0x9000f5c8 mem 0x9000f5e8 mem 0x9000f608 mem 0x9000f628 mem 0x9000f648 mem 0x9000f668 mem 0x9000f688 mem 0x9000f6a8 mem 0x9000f6c8 mem 0x9000f6e8 mem 0x9000f708 mem 0x9000f728 mem 0x9000f748 mem 0x9000f768 mem 0x9000f788 mem 0x9000f7a8 mem 0x9000f7c8 mem 0x9000f7e8
core   0: 0x800005a4 (0x004526fb) vlw12.v v13, v10, 4
core   0: 3 0x800005a4 (0x004526fb) e32 m1 l32 v13 ffffffff 0x3e7ee31d 3debfa3b bd95b552 bd5bfc4f 3ce10f36 bdd9b444 3c0677cc be11ca81 bcfdddbd 3cb50a54 3d88ccc4 bc2b5640 3d87b5fa be3b7507 3df24c90 be6db879 bdde44db bd748fca bda288c2 3d85cc96 3e02329b bbeefb88 3d2319e8 bd2e02a0 bdc2f299 3c9aac99 3e08599c 3c07c64c 3e2d5818 be0b1324 3cc7d72f be6f5bcb  c8_vstart 0x00000000 mem 0x9000f404 mem 0x9000f424 mem 0x9000f444 mem 0x9000f464 mem 0x9000f484 mem 0x9000f4a4 mem 0x9000f4c4 mem 0x9000f4e4 mem 0x9000f504 mem 0x9000f524 mem 0x9000f544 mem 0x9000f564 mem 0x9000f584 mem 0x9000f5a4 mem 0x9000f5c4 mem 0x9000f5e4 mem 0x9000f604 mem 0x9000f624 mem 0x9000f644 mem 0x9000f664 mem 0x9000f684 mem 0x9000f6a4 mem 0x9000f6c4 mem 0x9000f6e4 mem 0x9000f704 mem 0x9000f724 mem 0x9000f744 mem 0x9000f764 mem 0x9000f784 mem 0x9000f7a4 mem 0x9000f7c4 mem 0x9000f7e4
core   0: 0x800005a8 (0x0005267b) vlw12.v v12, v10, 0
core   0: 3 0x800005a8 (0x0005267b) e32 m1 l32 v12 ffffffff 0xbd547d78 3e354010 bdc9a21b bd586ebe 3cff24b3 bda44edd bdea81e4 bdf70e83 3d02208d 3dea090d be257997 3e43da37 bdb4a3ba bda48198 bdc36095 3ce7b0f8 3dce9b49 bd6b8b67 bcd37aa0 bd95387c bc85e9a5 bdd4e2d5 bdbf6460 3e2181b0 bdc123b3 bc1927c9 bd9f50e5 3e001d65 be7135fd bcabcb13 3cdf3844 3d17a047  c8_vstart 0x00000000 mem 0x9000f400 mem 0x9000f420 mem 0x9000f440 mem 0x9000f460 mem 0x9000f480 mem 0x9000f4a0 mem 0x9000f4c0 mem 0x9000f4e0 mem 0x9000f500 mem 0x9000f520 mem 0x9000f540 mem 0x9000f560 mem 0x9000f580 mem 0x9000f5a0 mem 0x9000f5c0 mem 0x9000f5e0 mem 0x9000f600 mem 0x9000f620 mem 0x9000f640 mem 0x9000f660 mem 0x9000f680 mem 0x9000f6a0 mem 0x9000f6c0 mem 0x9000f6e0 mem 0x9000f700 mem 0x9000f720 mem 0x9000f740 mem 0x9000f760 mem 0x9000f780 mem 0x9000f7a0 mem 0x9000f7c0 mem 0x9000f7e0
core   0: 0x800005ac (0x02899457) vfadd.vv v8, v8, v19
core   0: 3 0x800005ac (0x02899457) c8_vstart 0x00000000 e32 m1 l32 v8  ffffffff 0x00000000 00000000 00000000 00000000 00000000 00000000 00000000 00000000 00000000 00000000 00000000 00000000 00000000 00000000 00000000 00000000 00000000 00000000 00000000 00000000 00000000 00000000 00000000 00000000 00000000 00000000 00000000 00000000 00000000 00000000 00000000 00000000 
core   0: 0x800005b0 (0x027913d7) vfadd.vv v7, v7, v18
core   0: 3 0x800005b0 (0x027913d7) c8_vstart 0x00000000 e32 m1 l32 v7  ffffffff 0x00000000 00000000 00000000 00000000 00000000 00000000 00000000 00000000 00000000 00000000 00000000 00000000 00000000 00000000 00000000 00000000 00000000 00000000 00000000 00000000 00000000 00000000 00000000 00000000 00000000 00000000 00000000 00000000 00000000 00000000 00000000 00000000 
core   0: 0x800005b4 (0x02689357) vfadd.vv v6, v6, v17
core   0: 3 0x800005b4 (0x02689357) c8_vstart 0x00000000 e32 m1 l32 v6  ffffffff 0x00000000 00000000 00000000 00000000 00000000 00000000 00000000 00000000 00000000 00000000 00000000 00000000 00000000 00000000 00000000 00000000 00000000 00000000 00000000 00000000 00000000 00000000 00000000 00000000 00000000 00000000 00000000 00000000 00000000 00000000 00000000 00000000 
core   0: 0x800005b8 (0x025812d7) vfadd.vv v5, v5, v16
core   0: 3 0x800005b8 (0x025812d7) c8_vstart 0x00000000 e32 m1 l32 v5  ffffffff 0x00000000 00000000 00000000 00000000 00000000 00000000 00000000 00000000 00000000 00000000 00000000 00000000 00000000 00000000 00000000 00000000 00000000 00000000 00000000 00000000 00000000 00000000 00000000 00000000 00000000 00000000 00000000 00000000 00000000 00000000 00000000 00000000 
core   0: 0x800005bc (0x02479257) vfadd.vv v4, v4, v15
core   0: 3 0x800005bc (0x02479257) c8_vstart 0x00000000 e32 m1 l32 v4  ffffffff 0xbe1138fc 3eb65135 3e349f18 3e03b129 3da53a99 bd4b7a2d be0abf04 bdb6bebc be429c9a bddc93f7 bd0d61b1 bdfe98db 3d69856f 3e460636 3e8ae7ca 3cf3348f bd4485d6 3e6c0a13 bdf3f6a0 bd4b6a00 be12ec7d bbd5583d be32c34a bdabfbbd be08713a be5303e4 3dcdd855 bdd1e76e 39beae80 3e07983b 3de2b439 3c90d618 
core   0: 0x800005c0 (0x023711d7) vfadd.vv v3, v3, v14
core   0: 3 0x800005c0 (0x023711d7) c8_vstart 0x00000000 e32 m1 l32 v3  ffffffff 0x3d3f36ef be95a5c3 3e0b8031 bd746875 be085fdf 3c36ff0e 3df37c92 3e516a83 3c80e7cb be57baad 3e0653ca baf876f0 bdc01bed 3e510859 3d4f0555 3dc5a96d bcf17582 bc96f809 3d9b7457 bdc6ad03 3e269332 bc294de3 bc8ae9c0 3de7fff1 3d2b961c bd896eaf bd1fbbc7 3b5f0ba0 bdfdfa2f 3bd310cc bdd9672d 3cb70f54 
core   0: 0x800005c4 (0x02269157) vfadd.vv v2, v2, v13
core   0: 3 0x800005c4 (0x02269157) c8_vstart 0x00000000 e32 m1 l32 v2  ffffffff 0x3e7ee31d 3debfa3b bd95b552 bd5bfc4f 3ce10f36 bdd9b444 3c0677cc be11ca81 bcfdddbd 3cb50a54 3d88ccc4 bc2b5640 3d87b5fa be3b7507 3df24c90 be6db879 bdde44db bd748fca bda288c2 3d85cc96 3e02329b bbeefb88 3d2319e8 bd2e02a0 bdc2f299 3c9aac99 3e08599c 3c07c64c 3e2d5818 be0b1324 3cc7d72f be6f5bcb 
core   0: 0x800005c8 (0x021610d7) vfadd.vv v1, v1, v12
core   0: 3 0x800005c8 (0x021610d7) c8_vstart 0x00000000 e32 m1 l32 v1  ffffffff 0xbd547d78 3e354010 bdc9a21b bd586ebe 3cff24b3 bda44edd bdea81e4 bdf70e83 3d02208d 3dea090d be257997 3e43da37 bdb4a3ba bda48198 bdc36095 3ce7b0f8 3dce9b49 bd6b8b67 bcd37aa0 bd95387c bc85e9a5 bdd4e2d5 bdbf6460 3e2181b0 bdc123b3 bc1927c9 bd9f50e5 3e001d65 be7135fd bcabcb13 3cdf3844 3d17a047 
core   0: 0x800005cc (0x0015958b) vsub12.vi v11, v11, 1
core   0: 3 0x800005cc (0x0015958b) c8_vstart 0x00000000 e32 m1 l32 v11 ffffffff 0x00000000 00000000 00000000 00000000 00000000 00000000 00000000 00000000 00000000 00000000 00000000 00000000 00000000 00000000 00000000 00000000 00000000 00000000 00000000 00000000 00000000 00000000 00000000 00000000 00000000 00000000 00000000 00000000 00000000 00000000 00000000 00000000 
core   0: 0x800005d0 (0x4005050b) vadd12.vi v10, v10, 1024
core   0: 3 0x800005d0 (0x4005050b) c8_vstart 0x00000000 e32 m1 l32 v10 ffffffff 0x9000fbe0 9000fbc0 9000fba0 9000fb80 9000fb60 9000fb40 9000fb20 9000fb00 9000fae0 9000fac0 9000faa0 9000fa80 9000fa60 9000fa40 9000fa20 9000fa00 9000f9e0 9000f9c0 9000f9a0 9000f980 9000f960 9000f940 9000f920 9000f900 9000f8e0 9000f8c0 9000f8a0 9000f880 9000f860 9000f840 9000f820 9000f800 
core   0: 0x800005d4 (0x00000317) auipc   x6, 0x0
core   0: 3 0x800005d4 (0x00000317) x6  0x800005d4
core   0: 0x800005d8 (0xf7c3305b) setrpc  x0, x6, -132
core   0: 3 0x800005d8 (0xf7c3305b) c2060_rpc 0x80000550 current mask:	ffffffff current npc:	800004d4 stack size: 0
core   0: 0x800005dc (0xf6ba0adb) vbeq    v11, v20, pc - 140
core   0: 3 0x800005dc (0xf6ba0adb) c8_vstart 0x00000000 e32 m1 l32 current mask:	ffffffff current npc:	80000550 stack size: 0
core   0: 0x80000550 (0x0000205b) join    v0, v0, pc + 0
core   0: 3 0x80000550 (0x0000205b) current mask:	ffffffff current npc:	80000550 stack size: 0
core   0: 0x80000554 (0x9692b4d7) vsll.vi v9, v9, 5
core   0: 3 0x80000554 (0x9692b4d7) c8_vstart 0x00000000 e32 m1 l32 v9  ffffffff 0x000000a0 000000a0 000000a0 000000a0 000000a0 000000a0 000000a0 000000a0 000000a0 000000a0 000000a0 000000a0 000000a0 000000a0 000000a0 000000a0 000000a0 000000a0 000000a0 000000a0 000000a0 000000a0 000000a0 000000a0 000000a0 000000a0 000000a0 000000a0 000000a0 000000a0 000000a0 000000a0 
core   0: 0x80000558 (0x02900057) vadd.vv v0, v9, v0
core   0: 3 0x80000558 (0x02900057) c8_vstart 0x00000000 e32 m1 l32 v0  ffffffff 0x000000bf 000000be 000000bd 000000bc 000000bb 000000ba 000000b9 000000b8 000000b7 000000b6 000000b5 000000b4 000000b3 000000b2 000000b1 000000b0 000000af 000000ae 000000ad 000000ac 000000ab 000000aa 000000a9 000000a8 000000a7 000000a6 000000a5 000000a4 000000a3 000000a2 000000a1 000000a0 
core   0: 0x8000055c (0x9602b057) vsll.vi v0, v0, 5
core   0: 3 0x8000055c (0x9602b057) c8_vstart 0x00000000 e32 m1 l32 v0  ffffffff 0x000017e0 000017c0 000017a0 00001780 00001760 00001740 00001720 00001700 000016e0 000016c0 000016a0 00001680 00001660 00001640 00001620 00001600 000015e0 000015c0 000015a0 00001580 00001560 00001540 00001520 00001500 000014e0 000014c0 000014a0 00001480 00001460 00001440 00001420 00001400 
core   0: 0x80000560 (0xff812283) lw      x5, -8(x2)
core   0: 3 0x80000560 (0xff812283) x5  0x90011000 mem 0x70000010
core   0: 0x80000564 (0x0202c057) vadd.vx v0, v0, x5
core   0: 3 0x80000564 (0x0202c057) c8_vstart 0x00000000 e32 m1 l32 v0  ffffffff 0x900127e0 900127c0 900127a0 90012780 90012760 90012740 90012720 90012700 900126e0 900126c0 900126a0 90012680 90012660 90012640 90012620 90012600 900125e0 900125c0 900125a0 90012580 90012560 90012540 90012520 90012500 900124e0 900124c0 900124a0 90012480 90012460 90012440 90012420 90012400 
core   0: 0x80000568 (0x00806e7b) vsw12.v v8, v0, 28
core   0: 3 0x80000568 (0x00806e7b) c8_vstart 0x00000000 e32 m1 l32 mem 0x9001241c 0x00000000 mem 0x9001243c 0x00000000 mem 0x9001245c 0x00000000 mem 0x9001247c 0x00000000 mem 0x9001249c 0x00000000 mem 0x900124bc 0x00000000 mem 0x900124dc 0x00000000 mem 0x900124fc 0x00000000 mem 0x9001251c 0x00000000 mem 0x9001253c 0x00000000 mem 0x9001255c 0x00000000 mem 0x9001257c 0x00000000 mem 0x9001259c 0x00000000 mem 0x900125bc 0x00000000 mem 0x900125dc 0x00000000 mem 0x900125fc 0x00000000 mem 0x9001261c 0x00000000 mem 0x9001263c 0x00000000 mem 0x9001265c 0x00000000 mem 0x9001267c 0x00000000 mem 0x9001269c 0x00000000 mem 0x900126bc 0x00000000 mem 0x900126dc 0x00000000 mem 0x900126fc 0x00000000 mem 0x9001271c 0x00000000 mem 0x9001273c 0x00000000 mem 0x9001275c 0x00000000 mem 0x9001277c 0x00000000 mem 0x9001279c 0x00000000 mem 0x900127bc 0x00000000 mem 0x900127dc 0x00000000 mem 0x900127fc 0x00000000
core   0: 0x8000056c (0x00706c7b) vsw12.v v7, v0, 24
core   0: 3 0x8000056c (0x00706c7b) c8_vstart 0x00000000 e32 m1 l32 mem 0x90012418 0x00000000 mem 0x90012438 0x00000000 mem 0x90012458 0x00000000 mem 0x90012478 0x00000000 mem 0x90012498 0x00000000 mem 0x900124b8 0x00000000 mem 0x900124d8 0x00000000 mem 0x900124f8 0x00000000 mem 0x90012518 0x00000000 mem 0x90012538 0x00000000 mem 0x90012558 0x00000000 mem 0x90012578 0x00000000 mem 0x90012598 0x00000000 mem 0x900125b8 0x00000000 mem 0x900125d8 0x00000000 mem 0x900125f8 0x00000000 mem 0x90012618 0x00000000 mem 0x90012638 0x00000000 mem 0x90012658 0x00000000 mem 0x90012678 0x00000000 mem 0x90012698 0x00000000 mem 0x900126b8 0x00000000 mem 0x900126d8 0x00000000 mem 0x900126f8 0x00000000 mem 0x90012718 0x00000000 mem 0x90012738 0x00000000 mem 0x90012758 0x00000000 mem 0x90012778 0x00000000 mem 0x90012798 0x00000000 mem 0x900127b8 0x00000000 mem 0x900127d8 0x00000000 mem 0x900127f8 0x00000000
core   0: 0x80000570 (0x00606a7b) vsw12.v v6, v0, 20
core   0: 3 0x80000570 (0x00606a7b) c8_vstart 0x00000000 e32 m1 l32 mem 0x90012414 0x00000000 mem 0x90012434 0x00000000 mem 0x90012454 0x00000000 mem 0x90012474 0x00000000 mem 0x90012494 0x00000000 mem 0x900124b4 0x00000000 mem 0x900124d4 0x00000000 mem 0x900124f4 0x00000000 mem 0x90012514 0x00000000 mem 0x90012534 0x00000000 mem 0x90012554 0x00000000 mem 0x90012574 0x00000000 mem 0x90012594 0x00000000 mem 0x900125b4 0x00000000 mem 0x900125d4 0x00000000 mem 0x900125f4 0x00000000 mem 0x90012614 0x00000000 mem 0x90012634 0x00000000 mem 0x90012654 0x00000000 mem 0x90012674 0x00000000 mem 0x90012694 0x00000000 mem 0x900126b4 0x00000000 mem 0x900126d4 0x00000000 mem 0x900126f4 0x00000000 mem 0x90012714 0x00000000 mem 0x90012734 0x00000000 mem 0x90012754 0x00000000 mem 0x90012774 0x00000000 mem 0x90012794 0x00000000 mem 0x900127b4 0x00000000 mem 0x900127d4 0x00000000 mem 0x900127f4 0x00000000
core   0: 0x80000574 (0x0050687b) vsw12.v v5, v0, 16
core   0: 3 0x80000574 (0x0050687b) c8_vstart 0x00000000 e32 m1 l32 mem 0x90012410 0x00000000 mem 0x90012430 0x00000000 mem 0x90012450 0x00000000 mem 0x90012470 0x00000000 mem 0x90012490 0x00000000 mem 0x900124b0 0x00000000 mem 0x900124d0 0x00000000 mem 0x900124f0 0x00000000 mem 0x90012510 0x00000000 mem 0x90012530 0x00000000 mem 0x90012550 0x00000000 mem 0x90012570 0x00000000 mem 0x90012590 0x00000000 mem 0x900125b0 0x00000000 mem 0x900125d0 0x00000000 mem 0x900125f0 0x00000000 mem 0x90012610 0x00000000 mem 0x90012630 0x00000000 mem 0x90012650 0x00000000 mem 0x90012670 0x00000000 mem 0x90012690 0x00000000 mem 0x900126b0 0x00000000 mem 0x900126d0 0x00000000 mem 0x900126f0 0x00000000 mem 0x90012710 0x00000000 mem 0x90012730 0x00000000 mem 0x90012750 0x00000000 mem 0x90012770 0x00000000 mem 0x90012790 0x00000000 mem 0x900127b0 0x00000000 mem 0x900127d0 0x00000000 mem 0x900127f0 0x00000000
core   0: 0x80000578 (0x0040667b) vsw12.v v4, v0, 12
core   0: 3 0x80000578 (0x0040667b) c8_vstart 0x00000000 e32 m1 l32 mem 0x9001240c 0x3c90d618 mem 0x9001242c 0x3de2b439 mem 0x9001244c 0x3e07983b mem 0x9001246c 0x39beae80 mem 0x9001248c 0xbdd1e76e mem 0x900124ac 0x3dcdd855 mem 0x900124cc 0xbe5303e4 mem 0x900124ec 0xbe08713a mem 0x9001250c 0xbdabfbbd mem 0x9001252c 0xbe32c34a mem 0x9001254c 0xbbd5583d mem 0x9001256c 0xbe12ec7d mem 0x9001258c 0xbd4b6a00 mem 0x900125ac 0xbdf3f6a0 mem 0x900125cc 0x3e6c0a13 mem 0x900125ec 0xbd4485d6 mem 0x9001260c 0x3cf3348f mem 0x9001262c 0x3e8ae7ca mem 0x9001264c 0x3e460636 mem 0x9001266c 0x3d69856f mem 0x9001268c 0xbdfe98db mem 0x900126ac 0xbd0d61b1 mem 0x900126cc 0xbddc93f7 mem 0x900126ec 0xbe429c9a mem 0x9001270c 0xbdb6bebc mem 0x9001272c 0xbe0abf04 mem 0x9001274c 0xbd4b7a2d mem 0x9001276c 0x3da53a99 mem 0x9001278c 0x3e03b129 mem 0x900127ac 0x3e349f18 mem 0x900127cc 0x3eb65135 mem 0x900127ec 0xbe1138fc
core   0: 0x8000057c (0x0030647b) vsw12.v v3, v0, 8
core   0: 3 0x8000057c (0x0030647b) c8_vstart 0x00000000 e32 m1 l32 mem 0x90012408 0x3cb70f54 mem 0x90012428 0xbdd9672d mem 0x90012448 0x3bd310cc mem 0x90012468 0xbdfdfa2f mem 0x90012488 0x3b5f0ba0 mem 0x900124a8 0xbd1fbbc7 mem 0x900124c8 0xbd896eaf mem 0x900124e8 0x3d2b961c mem 0x90012508 0x3de7fff1 mem 0x90012528 0xbc8ae9c0 mem 0x90012548 0xbc294de3 mem 0x90012568 0x3e269332 mem 0x90012588 0xbdc6ad03 mem 0x900125a8 0x3d9b7457 mem 0x900125c8 0xbc96f809 mem 0x900125e8 0xbcf17582 mem 0x90012608 0x3dc5a96d mem 0x90012628 0x3d4f0555 mem 0x90012648 0x3e510859 mem 0x90012668 0xbdc01bed mem 0x90012688 0xbaf876f0 mem 0x900126a8 0x3e0653ca mem 0x900126c8 0xbe57baad mem 0x900126e8 0x3c80e7cb mem 0x90012708 0x3e516a83 mem 0x90012728 0x3df37c92 mem 0x90012748 0x3c36ff0e mem 0x90012768 0xbe085fdf mem 0x90012788 0xbd746875 mem 0x900127a8 0x3e0b8031 mem 0x900127c8 0xbe95a5c3 mem 0x900127e8 0x3d3f36ef
core   0: 0x80000580 (0x0020627b) vsw12.v v2, v0, 4
core   0: 3 0x80000580 (0x0020627b) c8_vstart 0x00000000 e32 m1 l32 mem 0x90012404 0xbe6f5bcb mem 0x90012424 0x3cc7d72f mem 0x90012444 0xbe0b1324 mem 0x90012464 0x3e2d5818 mem 0x90012484 0x3c07c64c mem 0x900124a4 0x3e08599c mem 0x900124c4 0x3c9aac99 mem 0x900124e4 0xbdc2f299 mem 0x90012504 0xbd2e02a0 mem 0x90012524 0x3d2319e8 mem 0x90012544 0xbbeefb88 mem 0x90012564 0x3e02329b mem 0x90012584 0x3d85cc96 mem 0x900125a4 0xbda288c2 mem 0x900125c4 0xbd748fca mem 0x900125e4 0xbdde44db mem 0x90012604 0xbe6db879 mem 0x90012624 0x3df24c90 mem 0x90012644 0xbe3b7507 mem 0x90012664 0x3d87b5fa mem 0x90012684 0xbc2b5640 mem 0x900126a4 0x3d88ccc4 mem 0x900126c4 0x3cb50a54 mem 0x900126e4 0xbcfdddbd mem 0x90012704 0xbe11ca81 mem 0x90012724 0x3c0677cc mem 0x90012744 0xbdd9b444 mem 0x90012764 0x3ce10f36 mem 0x90012784 0xbd5bfc4f mem 0x900127a4 0xbd95b552 mem 0x900127c4 0x3debfa3b mem 0x900127e4 0x3e7ee31d
core   0: 0x80000584 (0x0010607b) vsw12.v v1, v0, 0
core   0: 3 0x80000584 (0x0010607b) c8_vstart 0x00000000 e32 m1 l32 mem 0x90012400 0x3d17a047 mem 0x90012420 0x3cdf3844 mem 0x90012440 0xbcabcb13 mem 0x90012460 0xbe7135fd mem 0x90012480 0x3e001d65 mem 0x900124a0 0xbd9f50e5 mem 0x900124c0 0xbc1927c9 mem 0x900124e0 0xbdc123b3 mem 0x90012500 0x3e2181b0 mem 0x90012520 0xbdbf6460 mem 0x90012540 0xbdd4e2d5 mem 0x90012560 0xbc85e9a5 mem 0x90012580 0xbd95387c mem 0x900125a0 0xbcd37aa0 mem 0x900125c0 0xbd6b8b67 mem 0x900125e0 0x3dce9b49 mem 0x90012600 0x3ce7b0f8 mem 0x90012620 0xbdc36095 mem 0x90012640 0xbda48198 mem 0x90012660 0xbdb4a3ba mem 0x90012680 0x3e43da37 mem 0x900126a0 0xbe257997 mem 0x900126c0 0x3dea090d mem 0x900126e0 0x3d02208d mem 0x90012700 0xbdf70e83 mem 0x90012720 0xbdea81e4 mem 0x90012740 0xbda44edd mem 0x90012760 0x3cff24b3 mem 0x90012780 0xbd586ebe mem 0x900127a0 0xbdc9a21b mem 0x900127c0 0x3e354010 mem 0x900127e0 0xbd547d78
core   0: 0x80000588 (0x05c0006f) j       pc + 0x5c
core   0: 3 0x80000588 (0x05c0006f)
core   0: 0x800005e4 (0x0000205b) join    v0, v0, pc + 0
core   0: 3 0x800005e4 (0x0000205b) current mask:	ffffffff current npc:	80000550 stack size: 0
core   0: 0x800005e8 (0xfe812083) lw      x1, -24(x2)
core   0: 3 0x800005e8 (0xfe812083) x1  0x800000a0 mem 0x70000000
core   0: 0x800005ec (0xfe810113) addi    x2, x2, -24
core   0: 3 0x800005ec (0xfe810113) x2  0x70000000
core   0: 0x800005f0 (0xffc20213) addi    x4, x4, -4
core   0: 3 0x800005f0 (0xffc20213) x4  0x00000000
core   0: 0x800005f4 (0x0010200b) regext  x0, x0,  0 0 0 1 
core   0: 3 0x800005f4 (0x0010200b)
core   0: 0x800005f8 (0x5e024057) vmv.v.x v0, x4
core   0: 3 0x800005f8 (0x5e024057) c8_vstart 0x00000core   0: 0x00001000 (0x00000297) auipc   x5, 0x0
core   0: 3 0x00001000 (0x00000297) x5  0x00001000
core   0: 0x00001004 (0x02028593) addi    x11, x5, 32
core   0: 3 0x00001004 (0x02028593) x11 0x00001020
core   0: 0x00001008 (0xf1402573) csrr    x10, mhartid
core   0: 3 0x00001008 (0xf1402573) x10 0x00000000
core   0: 0x0000100c (0x0182a283) lw      x5, 24(x5)
core   0: 3 0x0000100c (0x0182a283) x5  0x80000000 mem 0x00001018
core   0: 0x00001010 (0x00028067) jr      x5
core   0: 3 0x00001010 (0x00028067)
core   0: 0x80000000 (0x00004197) auipc   x3, 0x4
core   0: 3 0x80000000 (0x00004197) x3  0x80004000
core   0: 0x80000004 (0x80818193) addi    x3, x3, -2040
core   0: 3 0x80000004 (0x80818193) x3  0x80003808
core   0: 0x80000008 (0x02000e93) li      x29, 32
core   0: 3 0x80000008 (0x02000e93) x29 0x00000020
core   0: 0x8000000c (0x0d0efed7) vsetvli x29, x29, e32, m1, ta, ma
core   0: 3 0x8000000c (0x0d0efed7) x29 0x00000020 c8_vstart 0x00000000 c3104_vl 0x00000020 c3105_vtype 0x000000d0 c768_mstatus 0x80000600
core   0: 0x80000010 (0x00002eb7) lui     x29, 0x2
core   0: 3 0x80000010 (0x00002eb7) x29 0x00002000
core   0: 0x80000014 (0x300eaef3) csrrs   x29, mstatus, x29
core   0: 3 0x80000014 (0x300eaef3) x29 0x80000600 c768_mstatus 0x80006600
core   0: 0x80000018 (0x00000e93) li      x29, 0
core   0: 3 0x80000018 (0x00000e93) x29 0x00000000
core   0: 0x8000001c (0x80502373) csrr    x6, wid
core   0: 3 0x8000001c (0x80502373) x6  0x00000000
core   0: 0x80000020 (0x806023f3) csrr    x7, lds
core   0: 3 0x80000020 (0x806023f3) x7  0x70000000
core   0: 0x80000024 (0x40000e13) li      x28, 1024
core   0: 3 0x80000024 (0x40000e13) x28 0x00000400
core   0: 0x80000028 (0x03c30333) mul     x6, x6, x28
core   0: 3 0x80000028 (0x03c30333) x6  0x00000000
core   0: 0x8000002c (0x00730133) add     x2, x6, x7
core   0: 3 0x8000002c (0x00730133) x2  0x70000000
core   0: 0x80000030 (0x00000213) li      x4, 0
core   0: 3 0x80000030 (0x00000213) x4  0x00000000
core   0: 0x80000034 (0x80102f73) csrr    x30, numw
core   0: 3 0x80000034 (0x80102f73) x30 0x00000001
core   0: 0x80000038 (0x40000e13) li      x28, 1024
core   0: 3 0x80000038 (0x40000e13) x28 0x00000400
core   0: 0x8000003c (0x03cf0f33) mul     x30, x30, x28
core   0: 3 0x8000003c (0x03cf0f33) x30 0x00000400
core   0: 0x80000040 (0x01e38433) add     x8, x7, x30
core   0: 3 0x80000040 (0x01e38433) x8  0x70000400
core   0: 0x80000044 (0x00003517) auipc   x10, 0x3
core   0: 3 0x80000044 (0x00003517) x10 0x80003044
core   0: 0x80000048 (0xfc450513) addi    x10, x10, -60
core   0: 3 0x80000048 (0xfc450513) x10 0x80003008
core   0: 0x8000004c (0x00003617) auipc   x12, 0x3
core   0: 3 0x8000004c (0x00003617) x12 0x8000304c
core   0: 0x80000050 (0xfbc60613) addi    x12, x12, -68
core   0: 3 0x80000050 (0xfbc60613) x12 0x80003008
core   0: 0x80000054 (0x00c50863) beq     x10, x12, pc + 16
core   0: 3 0x80000054 (0x00c50863)
core   0: 0x80000064 (0x803022f3) csrr    x5, knl
core   0: 3 0x80000064 (0x803022f3) x5  0x90195000
core   0: 0x80000068 (0x0002a303) lw      x6, 0(x5)
core   0: 3 0x80000068 (0x0002a303) x6  0x80000464 mem 0x90195000
core   0: 0x8000006c (0x0042a503) lw      x10, 4(x5)
core   0: 3 0x8000006c (0x0042a503) x10 0x90014000 mem 0x90195004
core   0: 0x80000070 (0x0302a383) lw      x7, 48(x5)
core   0: 3 0x80000070 (0x0302a383) x7  0x00000000 mem 0x90195030
core   0: 0x80000074 (0x0342ae03) lw      x28, 52(x5)
core   0: 3 0x80000074 (0x0342ae03) x28 0x00000000 mem 0x90195034
core   0: 0x80000078 (0x00003e97) auipc   x29, 0x3
core   0: 3 0x80000078 (0x00003e97) x29 0x80003078
core   0: 0x8000007c (0xf88e8e93) addi    x29, x29, -120
core   0: 3 0x8000007c (0xf88e8e93) x29 0x80003000
core   0: 0x80000080 (0x00003f17) auipc   x30, 0x3
core   0: 3 0x80000080 (0x00003f17) x30 0x80003080
core   0: 0x80000084 (0xf84f0f13) addi    x30, x30, -124
core   0: 3 0x80000084 (0xf84f0f13) x30 0x80003004
core   0: 0x80000088 (0x007ea023) sw      x7, 0(x29)
core   0: 3 0x80000088 (0x007ea023) mem 0x80003000 0x00000000
core   0: 0x8000008c (0x01cf2023) sw      x28, 0(x30)
core   0: 3 0x8000008c (0x01cf2023) mem 0x80003004 0x00000000
core   0: 0x80000090 (0x00000f97) auipc   x31, 0x0
core   0: 3 0x80000090 (0x00000f97) x31 0x80000090
core   0: 0x80000094 (0x018f8f93) addi    x31, x31, 24
core   0: 3 0x80000094 (0x018f8f93) x31 0x800000a8
core   0: 0x80000098 (0x305f9073) csrw    mtvec, x31
core   0: 3 0x80000098 (0x305f9073) c773_mtvec 0x800000a8
core   0: 0x8000009c (0x000300e7) jalr    x6
core   0: 3 0x8000009c (0x000300e7) x1  0x800000a0
core   0: 0x80000464 (0x01810113) addi    x2, x2, 24
core   0: 3 0x80000464 (0x01810113) x2  0x70000018
core   0: 0x80000468 (0x00420213) addi    x4, x4, 4
core   0: 3 0x80000468 (0x00420213) x4  0x00000004
core   0: 0x8000046c (0x0010200b) regext  x0, x0,  0 0 0 1 
core   0: 3 0x8000046c (0x0010200b)
core   0: 0x80000470 (0x5e024057) vmv.v.x v0, x4
core   0: 3 0x80000470 (0x5e024057) c8_vstart 0x00000000 e32 m1 l32 v32 ffffffff 0x00000004 00000004 00000004 00000004 00000004 00000004 00000004 00000004 00000004 00000004 00000004 00000004 00000004 00000004 00000004 00000004 00000004 00000004 00000004 00000004 00000004 00000004 00000004 00000004 00000004 00000004 00000004 00000004 00000004 00000004 00000004 00000004 
core   0: 0x80000474 (0xfe112423) sw      x1, -24(x2)
core   0: 3 0x80000474 (0xfe112423) mem 0x70000000 0x800000a0
core   0: 0x80000478 (0x01052283) lw      x5, 16(x10)
core   0: 3 0x80000478 (0x01052283) x5  0x90011000 mem 0x90014010
core   0: 0x8000047c (0xfe512c23) sw      x5, -8(x2)
core   0: 3 0x8000047c (0xfe512c23) mem 0x70000010 0x90011000
core   0: 0x80000480 (0x00c52283) lw      x5, 12(x10)
core   0: 3 0x80000480 (0x00c52283) x5  0x00000001 mem 0x9001400c
core   0: 0x80000484 (0xfe512a23) sw      x5, -12(x2)
core   0: 3 0x80000484 (0xfe512a23) mem 0x7000000c 0x00000001
core   0: 0x80000488 (0x00452283) lw      x5, 4(x10)
core   0: 3 0x80000488 (0x00452283) x5  0x00000000 mem 0x90014004
core   0: 0x8000048c (0xfe512823) sw      x5, -16(x2)
core   0: 3 0x8000048c (0xfe512823) mem 0x70000008 0x00000000
core   0: 0x80000490 (0x00052283) lw      x5, 0(x10)
core   0: 3 0x80000490 (0x00052283) x5  0x9000e000 mem 0x90014000
core   0: 0x80000494 (0xfe512623) sw      x5, -20(x2)
core   0: 3 0x80000494 (0xfe512623) mem 0x70000004 0x9000e000
core   0: 0x80000498 (0x00852283) lw      x5, 8(x10)
core   0: 3 0x80000498 (0x00852283) x5  0x0000000c mem 0x90014008
core   0: 0x8000049c (0xfe512e23) sw      x5, -4(x2)
core   0: 3 0x8000049c (0xfe512e23) mem 0x70000014 0x0000000c
core   0: 0x800004a0 (0x5e004057) vmv.v.x v0, x0
core   0: 3 0x800004a0 (0x5e004057) c8_vstart 0x00000000 e32 m1 l32 v0  ffffffff 0x00000000 00000000 00000000 00000000 00000000 00000000 00000000 00000000 00000000 00000000 00000000 00000000 00000000 00000000 00000000 00000000 00000000 00000000 00000000 00000000 00000000 00000000 00000000 00000000 00000000 00000000 00000000 00000000 00000000 00000000 00000000 00000000 
core   0: 0x800004a4 (0x1d4000ef) jal     pc + 0x1d4
core   0: 3 0x800004a4 (0x1d4000ef) x1  0x800004a8
core   0: 0x80000678 (0x00410113) addi    x2, x2, 4
core   0: 3 0x80000678 (0x00410113) x2  0x7000001c
core   0: 0x8000067c (0xfe112e23) sw      x1, -4(x2)
core   0: 3 0x8000067c (0xfe112e23) mem 0x70000018 0x800004a8
core   0: 0x80000680 (0x020040d7) vadd.vx v1, v0, x0
core   0: 3 0x80000680 (0x020040d7) c8_vstart 0x00000000 e32 m1 l32 v1  ffffffff 0x00000000 00000000 00000000 00000000 00000000 00000000 00000000 00000000 00000000 00000000 00000000 00000000 00000000 00000000 00000000 00000000 00000000 00000000 00000000 00000000 00000000 00000000 00000000 00000000 00000000 00000000 00000000 00000000 00000000 00000000 00000000 00000000 
core   0: 0x80000684 (0x00200293) li      x5, 2
core   0: 3 0x80000684 (0x00200293) x5  0x00000002
core   0: 0x80000688 (0x5e02c057) vmv.v.x v0, x5
core   0: 3 0x80000688 (0x5e02c057) c8_vstart 0x00000000 e32 m1 l32 v0  ffffffff 0x00000002 00000002 00000002 00000002 00000002 00000002 00000002 00000002 00000002 00000002 00000002 00000002 00000002 00000002 00000002 00000002 00000002 00000002 00000002 00000002 00000002 00000002 00000002 00000002 00000002 00000002 00000002 00000002 00000002 00000002 00000002 00000002 
core   0: 0x8000068c (0x00000317) auipc   x6, 0x0
core   0: 3 0x8000068c (0x00000317) x6  0x8000068c
core   0: 0x80000690 (0x0543305b) setrpc  x0, x6, 84
core   0: 3 0x80000690 (0x0543305b) c2060_rpc 0x800006e0 current mask:	ffffffff current npc:	00000000 stack size: 0
core   0: 0x80000694 (0x0410045b) vbeq    v1, v0, pc + 72
core   0: 3 0x80000694 (0x0410045b) c8_vstart 0x00000000 e32 m1 l32 current mask:	ffffffff current npc:	80000698 stack size: 0
core   0: 0x80000698 (0x0040006f) j       pc + 0x4
core   0: 3 0x80000698 (0x0040006f)
core   0: 0x8000069c (0x00100293) li      x5, 1
core   0: 3 0x8000069c (0x00100293) x5  0x00000001
core   0: 0x800006a0 (0x5e02c057) vmv.v.x v0, x5
core   0: 3 0x800006a0 (0x5e02c057) c8_vstart 0x00000000 e32 m1 l32 v0  ffffffff 0x00000001 00000001 00000001 00000001 00000001 00000001 00000001 00000001 00000001 00000001 00000001 00000001 00000001 00000001 00000001 00000001 00000001 00000001 00000001 00000001 00000001 00000001 00000001 00000001 00000001 00000001 00000001 00000001 00000001 00000001 00000001 00000001 
core   0: 0x800006a4 (0x00000317) auipc   x6, 0x0
core   0: 3 0x800006a4 (0x00000317) x6  0x800006a4
core   0: 0x800006a8 (0x03c3305b) setrpc  x0, x6, 60
core   0: 3 0x800006a8 (0x03c3305b) c2060_rpc 0x800006e0 current mask:	ffffffff current npc:	80000698 stack size: 0
core   0: 0x800006ac (0x0210045b) vbeq    v1, v0, pc + 40
core   0: 3 0x800006ac (0x0210045b) c8_vstart 0x00000000 e32 m1 l32 current mask:	ffffffff current npc:	800006b0 stack size: 0
core   0: 0x800006b0 (0x0040006f) j       pc + 0x4
core   0: 3 0x800006b0 (0x0040006f)
core   0: 0x800006b4 (0x5e004157) vmv.v.x v2, x0
core   0: 3 0x800006b4 (0x5e004157) c8_vstart 0x00000000 e32 m1 l32 v2  ffffffff 0x00000000 00000000 00000000 00000000 00000000 00000000 00000000 00000000 00000000 00000000 00000000 00000000 00000000 00000000 00000000 00000000 00000000 00000000 00000000 00000000 00000000 00000000 00000000 00000000 00000000 00000000 00000000 00000000 00000000 00000000 00000000 00000000 
core   0: 0x800006b8 (0x5e004057) vmv.v.x v0, x0
core   0: 3 0x800006b8 (0x5e004057) c8_vstart 0x00000000 e32 m1 l32 v0  ffffffff 0x00000000 00000000 00000000 00000000 00000000 00000000 00000000 00000000 00000000 00000000 00000000 00000000 00000000 00000000 00000000 00000000 00000000 00000000 00000000 00000000 00000000 00000000 00000000 00000000 00000000 00000000 00000000 00000000 00000000 00000000 00000000 00000000 
core   0: 0x800006bc (0x00000317) auipc   x6, 0x0
core   0: 3 0x800006bc (0x00000317) x6  0x800006bc
core   0: 0x800006c0 (0x0243305b) setrpc  x0, x6, 36
core   0: 3 0x800006c0 (0x0243305b) c2060_rpc 0x800006e0 current mask:	ffffffff current npc:	800006b0 stack size: 0
core   0: 0x800006c4 (0x00111e5b) vbne    v1, v2, pc + 28
core   0: 3 0x800006c4 (0x00111e5b) c8_vstart 0x00000000 e32 m1 l32 current mask:	ffffffff current npc:	800006c8 stack size: 0
core   0: 0x800006c8 (0x0040006f) j       pc + 0x4
core   0: 3 0x800006c8 (0x0040006f)
core   0: 0x800006cc (0x09c000ef) jal     pc + 0x9c
core   0: 3 0x800006cc (0x09c000ef) x1  0x800006d0
core   0: 0x80000768 (0x80802573) csrr    x10, gidx
core   0: 3 0x80000768 (0x80802573) x10 0x00000006
core   0: 0x8000076c (0x5e054057) vmv.v.x v0, x10
core   0: 3 0x8000076c (0x5e054057) c8_vstart 0x00000000 e32 m1 l32 v0  ffffffff 0x00000006 00000006 00000006 00000006 00000006 00000006 00000006 00000006 00000006 00000006 00000006 00000006 00000006 00000006 00000006 00000006 00000006 00000006 00000006 00000006 00000006 00000006 00000006 00000006 00000006 00000006 00000006 00000006 00000006 00000006 00000006 00000006 
core   0: 0x80000770 (0x00008067) ret
core   0: 3 0x80000770 (0x00008067)
core   0: 0x800006d0 (0x0100006f) j       pc + 0x10
core   0: 3 0x800006d0 (0x0100006f)
core   0: 0x800006e0 (0x0000205b) join    v0, v0, pc + 0
core   0: 3 0x800006e0 (0x0000205b) current mask:	ffffffff current npc:	800006c8 stack size: 0
core   0: 0x800006e4 (0xffc12083) lw      x1, -4(x2)
core   0: 3 0x800006e4 (0xffc12083) x1  0x800004a8 mem 0x70000018
core   0: 0x800006e8 (0xffc10113) addi    x2, x2, -4
core   0: 3 0x800006e8 (0xffc10113) x2  0x70000018
core   0: 0x800006ec (0x00008067) ret
core   0: 3 0x800006ec (0x00008067)
core   0: 0x800004a8 (0x0080200b) regext  x0, x0,  0 0 1 0 
core   0: 3 0x800004a8 (0x0080200b)
core   0: 0x800004ac (0xfe002e2b) vsw.v   v0, x0, -4
core   0: 3 0x800004ac (0xfe002e2b) c8_vstart 0x00000000 mem 0x90015000 0x00000006 mem 0x90015004 0x00000006 mem 0x90015008 0x00000006 mem 0x9001500c 0x00000006 mem 0x90015010 0x00000006 mem 0x90015014 0x00000006 mem 0x90015018 0x00000006 mem 0x9001501c 0x00000006 mem 0x90015020 0x00000006 mem 0x90015024 0x00000006 mem 0x90015028 0x00000006 mem 0x9001502c 0x00000006 mem 0x90015030 0x00000006 mem 0x90015034 0x00000006 mem 0x90015038 0x00000006 mem 0x9001503c 0x00000006 mem 0x90015040 0x00000006 mem 0x90015044 0x00000006 mem 0x90015048 0x00000006 mem 0x9001504c 0x00000006 mem 0x90015050 0x00000006 mem 0x90015054 0x00000006 mem 0x90015058 0x00000006 mem 0x9001505c 0x00000006 mem 0x90015060 0x00000006 mem 0x90015064 0x00000006 mem 0x90015068 0x00000006 mem 0x9001506c 0x00000006 mem 0x90015070 0x00000006 mem 0x90015074 0x00000006 mem 0x90015078 0x00000006 mem 0x9001507c 0x00000006
core   0: 0x800004b0 (0x5e004057) vmv.v.x v0, x0
core   0: 3 0x800004b0 (0x5e004057) c8_vstart 0x00000000 e32 m1 l32 v0  ffffffff 0x00000000 00000000 00000000 00000000 00000000 00000000 00000000 00000000 00000000 00000000 00000000 00000000 00000000 00000000 00000000 00000000 00000000 00000000 00000000 00000000 00000000 00000000 00000000 00000000 00000000 00000000 00000000 00000000 00000000 00000000 00000000 00000000 
core   0: 0x800004b4 (0x14c000ef) jal     pc + 0x14c
core   0: 3 0x800004b4 (0x14c000ef) x1  0x800004b8
core   0: 0x80000600 (0x00410113) addi    x2, x2, 4
core   0: 3 0x80000600 (0x00410113) x2  0x7000001c
core   0: 0x80000604 (0xfe112e23) sw      x1, -4(x2)
core   0: 3 0x80000604 (0xfe112e23) mem 0x70000018 0x800004b8
core   0: 0x80000608 (0x020040d7) vadd.vx v1, v0, x0
core   0: 3 0x80000608 (0x020040d7) c8_vstart 0x00000000 e32 m1 l32 v1  ffffffff 0x00000000 00000000 00000000 00000000 00000000 00000000 00000000 00000000 00000000 00000000 00000000 00000000 00000000 00000000 00000000 00000000 00000000 00000000 00000000 00000000 00000000 00000000 00000000 00000000 00000000 00000000 00000000 00000000 00000000 00000000 00000000 00000000 
core   0: 0x8000060c (0x00200293) li      x5, 2
core   0: 3 0x8000060c (0x00200293) x5  0x00000002
core   0: 0x80000610 (0x5e02c057) vmv.v.x v0, x5
core   0: 3 0x80000610 (0x5e02c057) c8_vstart 0x00000000 e32 m1 l32 v0  ffffffff 0x00000002 00000002 00000002 00000002 00000002 00000002 00000002 00000002 00000002 00000002 00000002 00000002 00000002 00000002 00000002 00000002 00000002 00000002 00000002 00000002 00000002 00000002 00000002 00000002 00000002 00000002 00000002 00000002 00000002 00000002 00000002 00000002 
core   0: 0x80000614 (0x00000317) auipc   x6, 0x0
core   0: 3 0x80000614 (0x00000317) x6  0x80000614
core   0: 0x80000618 (0x0543305b) setrpc  x0, x6, 84
core   0: 3 0x80000618 (0x0543305b) c2060_rpc 0x80000668 current mask:	ffffffff current npc:	800006c8 stack size: 0
core   0: 0x8000061c (0x0410045b) vbeq    v1, v0, pc + 72
core   0: 3 0x8000061c (0x0410045b) c8_vstart 0x00000000 e32 m1 l32 current mask:	ffffffff current npc:	80000620 stack size: 0
core   0: 0x80000620 (0x0040006f) j       pc + 0x4
core   0: 3 0x80000620 (0x0040006f)
core   0: 0x80000624 (0x00100293) li      x5, 1
core   0: 3 0x80000624 (0x00100293) x5  0x00000001
core   0: 0x80000628 (0x5e02c057) vmv.v.x v0, x5
core   0: 3 0x80000628 (0x5e02c057) c8_vstart 0x00000000 e32 m1 l32 v0  ffffffff 0x00000001 00000001 00000001 00000001 00000001 00000001 00000001 00000001 00000001 00000001 00000001 00000001 00000001 00000001 00000001 00000001 00000001 00000001 00000001 00000001 00000001 00000001 00000001 00000001 00000001 00000001 00000001 00000001 00000001 00000001 00000001 00000001 
core   0: 0x8000062c (0x00000317) auipc   x6, 0x0
core   0: 3 0x8000062c (0x00000317) x6  0x8000062c
core   0: 0x80000630 (0x03c3305b) setrpc  x0, x6, 60
core   0: 3 0x80000630 (0x03c3305b) c2060_rpc 0x80000668 current mask:	ffffffff current npc:	80000620 stack size: 0
core   0: 0x80000634 (0x0210045b) vbeq    v1, v0, pc + 40
core   0: 3 0x80000634 (0x0210045b) c8_vstart 0x00000000 e32 m1 l32 current mask:	ffffffff current npc:	80000638 stack size: 0
core   0: 0x80000638 (0x0040006f) j       pc + 0x4
core   0: 3 0x80000638 (0x0040006f)
core   0: 0x8000063c (0x5e004157) vmv.v.x v2, x0
core   0: 3 0x8000063c (0x5e004157) c8_vstart 0x00000000 e32 m1 l32 v2  ffffffff 0x00000000 00000000 00000000 00000000 00000000 00000000 00000000 00000000 00000000 00000000 00000000 00000000 00000000 00000000 00000000 00000000 00000000 00000000 00000000 00000000 00000000 00000000 00000000 00000000 00000000 00000000 00000000 00000000 00000000 00000000 00000000 00000000 
core   0: 0x80000640 (0x5e004057) vmv.v.x v0, x0
core   0: 3 0x80000640 (0x5e004057) c8_vstart 0x00000000 e32 m1 l32 v0  ffffffff 0x00000000 00000000 00000000 00000000 00000000 00000000 00000000 00000000 00000000 00000000 00000000 00000000 00000000 00000000 00000000 00000000 00000000 00000000 00000000 00000000 00000000 00000000 00000000 00000000 00000000 00000000 00000000 00000000 00000000 00000000 00000000 00000000 
core   0: 0x80000644 (0x00000317) auipc   x6, 0x0
core   0: 3 0x80000644 (0x00000317) x6  0x80000644
core   0: 0x80000648 (0x0243305b) setrpc  x0, x6, 36
core   0: 3 0x80000648 (0x0243305b) c2060_rpc 0x80000668 current mask:	ffffffff current npc:	80000638 stack size: 0
core   0: 0x8000064c (0x00111e5b) vbne    v1, v2, pc + 28
core   0: 3 0x8000064c (0x00111e5b) c8_vstart 0x00000000 e32 m1 l32 current mask:	ffffffff current npc:	80000650 stack size: 0
core   0: 0x80000650 (0x0040006f) j       pc + 0x4
core   0: 3 0x80000650 (0x0040006f)
core   0: 0x80000654 (0x138000ef) jal     pc + 0x138
core   0: 3 0x80000654 (0x138000ef) x1  0x80000658
core   0: 0x8000078c (0x00410113) addi    x2, x2, 4
core   0: 3 0x8000078c (0x00410113) x2  0x70000020
core   0: 0x80000790 (0xfe112e23) sw      x1, -4(x2)
core   0: 3 0x80000790 (0xfe112e23) mem 0x7000001c 0x80000658
core   0: 0x80000794 (0x80302573) csrr    x10, knl
core   0: 3 0x80000794 (0x80302573) x10 0x90195000
core   0: 0x80000798 (0x00852283) lw      x5, 8(x10)
core   0: 3 0x80000798 (0x00852283) x5  0x00000001 mem 0x90195008
core   0: 0x8000079c (0x80002373) csrr    x6, tid
core   0: 3 0x8000079c (0x80002373) x6  0x00000000
core   0: 0x800007a0 (0x5208a157) vid.v   v2
core   0: 3 0x800007a0 (0x5208a157) c8_vstart 0x00000000 e32 m1 l32 v2  ffffffff 0x0000001f 0000001e 0000001d 0000001c 0000001b 0000001a 00000019 00000018 00000017 00000016 00000015 00000014 00000013 00000012 00000011 00000010 0000000f 0000000e 0000000d 0000000c 0000000b 0000000a 00000009 00000008 00000007 00000006 00000005 00000004 00000003 00000002 00000001 00000000 
core   0: 0x800007a4 (0x02234057) vadd.vx v0, v2, x6
core   0: 3 0x800007a4 (0x02234057) c8_vstart 0x00000000 e32 m1 l32 v0  ffffffff 0x0000001f 0000001e 0000001d 0000001c 0000001b 0000001a 00000019 00000018 00000017 00000016 00000015 00000014 00000013 00000012 00000011 00000010 0000000f 0000000e 0000000d 0000000c 0000000b 0000000a 00000009 00000008 00000007 00000006 00000005 00000004 00000003 00000002 00000001 00000000 
core   0: 0x800007a8 (0x01852e03) lw      x28, 24(x10)
core   0: 3 0x800007a8 (0x01852e03) x28 0x00000020 mem 0x90195018
core   0: 0x800007ac (0x8a0e6057) vremu.vx v0, v0, x28
core   0: 3 0x800007ac (0x8a0e6057) c8_vstart 0x00000000 e32 m1 l32 v0  ffffffff 0x0000001f 0000001e 0000001d 0000001c 0000001b 0000001a 00000019 00000018 00000017 00000016 00000015 00000014 00000013 00000012 00000011 00000010 0000000f 0000000e 0000000d 0000000c 0000000b 0000000a 00000009 00000008 00000007 00000006 00000005 00000004 00000003 00000002 00000001 00000000 
core   0: 0x800007b0 (0xffc12083) lw      x1, -4(x2)
core   0: 3 0x800007b0 (0xffc12083) x1  0x80000658 mem 0x7000001c
core   0: 0x800007b4 (0xffc10113) addi    x2, x2, -4
core   0: 3 0x800007b4 (0xffc10113) x2  0x7000001c
core   0: 0x800007b8 (0x00008067) ret
core   0: 3 0x800007b8 (0x00008067)
core   0: 0x80000658 (0x0100006f) j       pc + 0x10
core   0: 3 0x80000658 (0x0100006f)
core   0: 0x80000668 (0x0000205b) join    v0, v0, pc + 0
core   0: 3 0x80000668 (0x0000205b) current mask:	ffffffff current npc:	80000650 stack size: 0
core   0: 0x8000066c (0xffc12083) lw      x1, -4(x2)
core   0: 3 0x8000066c (0xffc12083) x1  0x800004b8 mem 0x70000018
core   0: 0x80000670 (0xffc10113) addi    x2, x2, -4
core   0: 3 0x80000670 (0xffc10113) x2  0x70000018
core   0: 0x80000674 (0x00008067) ret
core   0: 3 0x80000674 (0x00008067)
core   0: 0x800004b8 (0x0080200b) regext  x0, x0,  0 0 1 0 
core   0: 3 0x800004b8 (0x0080200b)
core   0: 0x800004bc (0x7fc0212b) vlw.v   v2, x0, -4
core   0: 3 0x800004bc (0x7fc0212b) e32 m1 l32 v2  ffffffff 0x00000006 00000006 00000006 00000006 00000006 00000006 00000006 00000006 00000006 00000006 00000006 00000006 00000006 00000006 00000006 00000006 00000006 00000006 00000006 00000006 00000006 00000006 00000006 00000006 00000006 00000006 00000006 00000006 00000006 00000006 00000006 00000006  c8_vstart 0x00000000 mem 0x90015000 mem 0x90015004 mem 0x90015008 mem 0x9001500c mem 0x90015010 mem 0x90015014 mem 0x90015018 mem 0x9001501c mem 0x90015020 mem 0x90015024 mem 0x90015028 mem 0x9001502c mem 0x90015030 mem 0x90015034 mem 0x90015038 mem 0x9001503c mem 0x90015040 mem 0x90015044 mem 0x90015048 mem 0x9001504c mem 0x90015050 mem 0x90015054 mem 0x90015058 mem 0x9001505c mem 0x90015060 mem 0x90015064 mem 0x90015068 mem 0x9001506c mem 0x90015070 mem 0x90015074 mem 0x90015078 mem 0x9001507c
core   0: 0x800004c0 (0xffc12283) lw      x5, -4(x2)
core   0: 3 0x800004c0 (0xffc12283) x5  0x0000000c mem 0x70000014
core   0: 0x800004c4 (0x5e02c0d7) vmv.v.x v1, x5
core   0: 3 0x800004c4 (0x5e02c0d7) c8_vstart 0x00000000 e32 m1 l32 v1  ffffffff 0x0000000c 0000000c 0000000c 0000000c 0000000c 0000000c 0000000c 0000000c 0000000c 0000000c 0000000c 0000000c 0000000c 0000000c 0000000c 0000000c 0000000c 0000000c 0000000c 0000000c 0000000c 0000000c 0000000c 0000000c 0000000c 0000000c 0000000c 0000000c 0000000c 0000000c 0000000c 0000000c 
core   0: 0x800004c8 (0x00000317) auipc   x6, 0x0
core   0: 3 0x800004c8 (0x00000317) x6  0x800004c8
core   0: 0x800004cc (0x11c3305b) setrpc  x0, x6, 284
core   0: 3 0x800004cc (0x11c3305b) c2060_rpc 0x800005e4 current mask:	ffffffff current npc:	80000650 stack size: 0
core   0: 0x800004d0 (0x1020da5b) vbge    v2, v1, pc + 276
core   0: 3 0x800004d0 (0x1020da5b) c8_vstart 0x00000000 e32 m1 l32 current mask:	ffffffff current npc:	800004d4 stack size: 0
core   0: 0x800004d4 (0x0040006f) j       pc + 0x4
core   0: 3 0x800004d4 (0x0040006f)
core   0: 0x800004d8 (0xff012283) lw      x5, -16(x2)
core   0: 3 0x800004d8 (0xff012283) x5  0x00000000 mem 0x70000008
core   0: 0x800004dc (0x0222c4d7) vadd.vx v9, v2, x5
core   0: 3 0x800004dc (0x0222c4d7) c8_vstart 0x00000000 e32 m1 l32 v9  ffffffff 0x00000006 00000006 00000006 00000006 00000006 00000006 00000006 00000006 00000006 00000006 00000006 00000006 00000006 00000006 00000006 00000006 00000006 00000006 00000006 00000006 00000006 00000006 00000006 00000006 00000006 00000006 00000006 00000006 00000006 00000006 00000006 00000006 
core   0: 0x800004e0 (0x5e0040d7) vmv.v.x v1, x0
core   0: 3 0x800004e0 (0x5e0040d7) c8_vstart 0x00000000 e32 m1 l32 v1  ffffffff 0x00000000 00000000 00000000 00000000 00000000 00000000 00000000 00000000 00000000 00000000 00000000 00000000 00000000 00000000 00000000 00000000 00000000 00000000 00000000 00000000 00000000 00000000 00000000 00000000 00000000 00000000 00000000 00000000 00000000 00000000 00000000 00000000 
core   0: 0x800004e4 (0xff412283) lw      x5, -12(x2)
core   0: 3 0x800004e4 (0xff412283) x5  0x00000001 mem 0x7000000c
core   0: 0x800004e8 (0x02504263) blt     x0, x5, pc + 36
core   0: 3 0x800004e8 (0x02504263)
core   0: 0x8000050c (0x9692e0d7) vmul.vx v1, v9, x5
core   0: 3 0x8000050c (0x9692e0d7) c8_vstart 0x00000000 e32 m1 l32 v1  ffffffff 0x00000006 00000006 00000006 00000006 00000006 00000006 00000006 00000006 00000006 00000006 00000006 00000006 00000006 00000006 00000006 00000006 00000006 00000006 00000006 00000006 00000006 00000006 00000006 00000006 00000006 00000006 00000006 00000006 00000006 00000006 00000006 00000006 
core   0: 0x80000510 (0x961530d7) vsll.vi v1, v1, 10
core   0: 3 0x80000510 (0x961530d7) c8_vstart 0x00000000 e32 m1 l32 v1  ffffffff 0x00001800 00001800 00001800 00001800 00001800 00001800 00001800 00001800 00001800 00001800 00001800 00001800 00001800 00001800 00001800 00001800 00001800 00001800 00001800 00001800 00001800 00001800 00001800 00001800 00001800 00001800 00001800 00001800 00001800 00001800 00001800 00001800 
core   0: 0x80000514 (0x9602b157) vsll.vi v2, v0, 5
core   0: 3 0x80000514 (0x9602b157) c8_vstart 0x00000000 e32 m1 l32 v2  ffffffff 0x000003e0 000003c0 000003a0 00000380 00000360 00000340 00000320 00000300 000002e0 000002c0 000002a0 00000280 00000260 00000240 00000220 00000200 000001e0 000001c0 000001a0 00000180 00000160 00000140 00000120 00000100 000000e0 000000c0 000000a0 00000080 00000060 00000040 00000020 00000000 
core   0: 0x80000518 (0x021100d7) vadd.vv v1, v1, v2
core   0: 3 0x80000518 (0x021100d7) c8_vstart 0x00000000 e32 m1 l32 v1  ffffffff 0x00001be0 00001bc0 00001ba0 00001b80 00001b60 00001b40 00001b20 00001b00 00001ae0 00001ac0 00001aa0 00001a80 00001a60 00001a40 00001a20 00001a00 000019e0 000019c0 000019a0 00001980 00001960 00001940 00001920 00001900 000018e0 000018c0 000018a0 00001880 00001860 00001840 00001820 00001800 
core   0: 0x8000051c (0xfec12303) lw      x6, -20(x2)
core   0: 3 0x8000051c (0xfec12303) x6  0x9000e000 mem 0x70000004
core   0: 0x80000520 (0x02134557) vadd.vx v10, v1, x6
core   0: 3 0x80000520 (0x02134557) c8_vstart 0x00000000 e32 m1 l32 v10 ffffffff 0x9000fbe0 9000fbc0 9000fba0 9000fb80 9000fb60 9000fb40 9000fb20 9000fb00 9000fae0 9000fac0 9000faa0 9000fa80 9000fa60 9000fa40 9000fa20 9000fa00 9000f9e0 9000f9c0 9000f9a0 9000f980 9000f960 9000f940 9000f920 9000f900 9000f8e0 9000f8c0 9000f8a0 9000f880 9000f860 9000f840 9000f820 9000f800 
core   0: 0x80000524 (0x5e0040d7) vmv.v.x v1, x0
core   0: 3 0x80000524 (0x5e0040d7) c8_vstart 0x00000000 e32 m1 l32 v1  ffffffff 0x00000000 00000000 00000000 00000000 00000000 00000000 00000000 00000000 00000000 00000000 00000000 00000000 00000000 00000000 00000000 00000000 00000000 00000000 00000000 00000000 00000000 00000000 00000000 00000000 00000000 00000000 00000000 00000000 00000000 00000000 00000000 00000000 
core   0: 0x80000528 (0x02104157) vadd.vx v2, v1, x0
core   0: 3 0x80000528 (0x02104157) c8_vstart 0x00000000 e32 m1 l32 v2  ffffffff 0x00000000 00000000 00000000 00000000 00000000 00000000 00000000 00000000 00000000 00000000 00000000 00000000 00000000 00000000 00000000 00000000 00000000 00000000 00000000 00000000 00000000 00000000 00000000 00000000 00000000 00000000 00000000 00000000 00000000 00000000 00000000 00000000 
core   0: 0x8000052c (0x021041d7) vadd.vx v3, v1, x0
core   0: 3 0x8000052c (0x021041d7) c8_vstart 0x00000000 e32 m1 l32 v3  ffffffff 0x00000000 00000000 00000000 00000000 00000000 00000000 00000000 00000000 00000000 00000000 00000000 00000000 00000000 00000000 00000000 00000000 00000000 00000000 00000000 00000000 00000000 00000000 00000000 00000000 00000000 00000000 00000000 00000000 00000000 00000000 00000000 00000000 
core   0: 0x80000530 (0x02104257) vadd.vx v4, v1, x0
core   0: 3 0x80000530 (0x02104257) c8_vstart 0x00000000 e32 m1 l32 v4  ffffffff 0x00000000 00000000 00000000 00000000 00000000 00000000 00000000 00000000 00000000 00000000 00000000 00000000 00000000 00000000 00000000 00000000 00000000 00000000 00000000 00000000 00000000 00000000 00000000 00000000 00000000 00000000 00000000 00000000 00000000 00000000 00000000 00000000 
core   0: 0x80000534 (0x021042d7) vadd.vx v5, v1, x0
core   0: 3 0x80000534 (0x021042d7) c8_vstart 0x00000000 e32 m1 l32 v5  ffffffff 0x00000000 00000000 00000000 00000000 00000000 00000000 00000000 00000000 00000000 00000000 00000000 00000000 00000000 00000000 00000000 00000000 00000000 00000000 00000000 00000000 00000000 00000000 00000000 00000000 00000000 00000000 00000000 00000000 00000000 00000000 00000000 00000000 
core   0: 0x80000538 (0x02104357) vadd.vx v6, v1, x0
core   0: 3 0x80000538 (0x02104357) c8_vstart 0x00000000 e32 m1 l32 v6  ffffffff 0x00000000 00000000 00000000 00000000 00000000 00000000 00000000 00000000 00000000 00000000 00000000 00000000 00000000 00000000 00000000 00000000 00000000 00000000 00000000 00000000 00000000 00000000 00000000 00000000 00000000 00000000 00000000 00000000 00000000 00000000 00000000 00000000 
core   0: 0x8000053c (0x021043d7) vadd.vx v7, v1, x0
core   0: 3 0x8000053c (0x021043d7) c8_vstart 0x00000000 e32 m1 l32 v7  ffffffff 0x00000000 00000000 00000000 00000000 00000000 00000000 00000000 00000000 00000000 00000000 00000000 00000000 00000000 00000000 00000000 00000000 00000000 00000000 00000000 00000000 00000000 00000000 00000000 00000000 00000000 00000000 00000000 00000000 00000000 00000000 00000000 00000000 
core   0: 0x80000540 (0x02104457) vadd.vx v8, v1, x0
core   0: 3 0x80000540 (0x02104457) c8_vstart 0x00000000 e32 m1 l32 v8  ffffffff 0x00000000 00000000 00000000 00000000 00000000 00000000 00000000 00000000 00000000 00000000 00000000 00000000 00000000 00000000 00000000 00000000 00000000 00000000 00000000 00000000 00000000 00000000 00000000 00000000 00000000 00000000 00000000 00000000 00000000 00000000 00000000 00000000 
core   0: 0x80000544 (0x5e02c5d7) vmv.v.x v11, x5
core   0: 3 0x80000544 (0x5e02c5d7) c8_vstart 0x00000000 e32 m1 l32 v11 ffffffff 0x00000001 00000001 00000001 00000001 00000001 00000001 00000001 00000001 00000001 00000001 00000001 00000001 00000001 00000001 00000001 00000001 00000001 00000001 00000001 00000001 00000001 00000001 00000001 00000001 00000001 00000001 00000001 00000001 00000001 00000001 00000001 00000001 
core   0: 0x80000548 (0x5e004a57) vmv.v.x v20, x0
core   0: 3 0x80000548 (0x5e004a57) c8_vstart 0x00000000 e32 m1 l32 v20 ffffffff 0x00000000 00000000 00000000 00000000 00000000 00000000 00000000 00000000 00000000 00000000 00000000 00000000 00000000 00000000 00000000 00000000 00000000 00000000 00000000 00000000 00000000 00000000 00000000 00000000 00000000 00000000 00000000 00000000 00000000 00000000 00000000 00000000 
core   0: 0x8000054c (0x0400006f) j       pc + 0x40
core   0: 3 0x8000054c (0x0400006f)
core   0: 0x8000058c (0x01c529fb) vlw12.v v19, v10, 28
core   0: 3 0x8000058c (0x01c529fb) e32 m1 l32 v19 ffffffff 0x00000000 00000000 00000000 00000000 00000000 00000000 00000000 00000000 00000000 00000000 00000000 00000000 00000000 00000000 00000000 00000000 00000000 00000000 00000000 00000000 00000000 00000000 00000000 00000000 00000000 00000000 00000000 00000000 00000000 00000000 00000000 00000000  c8_vstart 0x00000000 mem 0x9000f81c mem 0x9000f83c mem 0x9000f85c mem 0x9000f87c mem 0x9000f89c mem 0x9000f8bc mem 0x9000f8dc mem 0x9000f8fc mem 0x9000f91c mem 0x9000f93c mem 0x9000f95c mem 0x9000f97c mem 0x9000f99c mem 0x9000f9bc mem 0x9000f9dc mem 0x9000f9fc mem 0x9000fa1c mem 0x9000fa3c mem 0x9000fa5c mem 0x9000fa7c mem 0x9000fa9c mem 0x9000fabc mem 0x9000fadc mem 0x9000fafc mem 0x9000fb1c mem 0x9000fb3c mem 0x9000fb5c mem 0x9000fb7c mem 0x9000fb9c mem 0x9000fbbc mem 0x9000fbdc mem 0x9000fbfc
core   0: 0x80000590 (0x0185297b) vlw12.v v18, v10, 24
core   0: 3 0x80000590 (0x0185297b) e32 m1 l32 v18 ffffffff 0x00000000 00000000 00000000 00000000 00000000 00000000 00000000 00000000 00000000 00000000 00000000 00000000 00000000 00000000 00000000 00000000 00000000 00000000 00000000 00000000 00000000 00000000 00000000 00000000 00000000 00000000 00000000 00000000 00000000 00000000 00000000 00000000  c8_vstart 0x00000000 mem 0x9000f818 mem 0x9000f838 mem 0x9000f858 mem 0x9000f878 mem 0x9000f898 mem 0x9000f8b8 mem 0x9000f8d8 mem 0x9000f8f8 mem 0x9000f918 mem 0x9000f938 mem 0x9000f958 mem 0x9000f978 mem 0x9000f998 mem 0x9000f9b8 mem 0x9000f9d8 mem 0x9000f9f8 mem 0x9000fa18 mem 0x9000fa38 mem 0x9000fa58 mem 0x9000fa78 mem 0x9000fa98 mem 0x9000fab8 mem 0x9000fad8 mem 0x9000faf8 mem 0x9000fb18 mem 0x9000fb38 mem 0x9000fb58 mem 0x9000fb78 mem 0x9000fb98 mem 0x9000fbb8 mem 0x9000fbd8 mem 0x9000fbf8
core   0: 0x80000594 (0x014528fb) vlw12.v v17, v10, 20
core   0: 3 0x80000594 (0x014528fb) e32 m1 l32 v17 ffffffff 0x00000000 00000000 00000000 00000000 00000000 00000000 00000000 00000000 00000000 00000000 00000000 00000000 00000000 00000000 00000000 00000000 00000000 00000000 00000000 00000000 00000000 00000000 00000000 00000000 00000000 00000000 00000000 00000000 00000000 00000000 00000000 00000000  c8_vstart 0x00000000 mem 0x9000f814 mem 0x9000f834 mem 0x9000f854 mem 0x9000f874 mem 0x9000f894 mem 0x9000f8b4 mem 0x9000f8d4 mem 0x9000f8f4 mem 0x9000f914 mem 0x9000f934 mem 0x9000f954 mem 0x9000f974 mem 0x9000f994 mem 0x9000f9b4 mem 0x9000f9d4 mem 0x9000f9f4 mem 0x9000fa14 mem 0x9000fa34 mem 0x9000fa54 mem 0x9000fa74 mem 0x9000fa94 mem 0x9000fab4 mem 0x9000fad4 mem 0x9000faf4 mem 0x9000fb14 mem 0x9000fb34 mem 0x9000fb54 mem 0x9000fb74 mem 0x9000fb94 mem 0x9000fbb4 mem 0x9000fbd4 mem 0x9000fbf4
core   0: 0x80000598 (0x0105287b) vlw12.v v16, v10, 16
core   0: 3 0x80000598 (0x0105287b) e32 m1 l32 v16 ffffffff 0x00000000 00000000 00000000 00000000 00000000 00000000 00000000 00000000 00000000 00000000 00000000 00000000 00000000 00000000 00000000 00000000 00000000 00000000 00000000 00000000 00000000 00000000 00000000 00000000 00000000 00000000 00000000 00000000 00000000 00000000 00000000 00000000  c8_vstart 0x00000000 mem 0x9000f810 mem 0x9000f830 mem 0x9000f850 mem 0x9000f870 mem 0x9000f890 mem 0x9000f8b0 mem 0x9000f8d0 mem 0x9000f8f0 mem 0x9000f910 mem 0x9000f930 mem 0x9000f950 mem 0x9000f970 mem 0x9000f990 mem 0x9000f9b0 mem 0x9000f9d0 mem 0x9000f9f0 mem 0x9000fa10 mem 0x9000fa30 mem 0x9000fa50 mem 0x9000fa70 mem 0x9000fa90 mem 0x9000fab0 mem 0x9000fad0 mem 0x9000faf0 mem 0x9000fb10 mem 0x9000fb30 mem 0x9000fb50 mem 0x9000fb70 mem 0x9000fb90 mem 0x9000fbb0 mem 0x9000fbd0 mem 0x9000fbf0
core   0: 0x8000059c (0x00c527fb) vlw12.v v15, v10, 12
core   0: 3 0x8000059c (0x00c527fb) e32 m1 l32 v15 ffffffff 0x3ce46b19 3d74774d bd81e3cb bc80548e bdbeae37 3d86ec40 be043633 3d4964cc bd869a94 3d8486af 3c80cd14 3d8bd3aa 3e0491eb be27f1a6 3d131f08 bddcbe6b bd25e283 bc7481e6 3d9d44bc be0ed611 3e09be2d bd19435d 3e0b6074 bdbf0b26 3c585906 3ccd0eb9 3c79b2b0 bd66d4f0 3b9d9000 bd5e869e 3d6936c4 bddce230  c8_vstart 0x00000000 mem 0x9000f80c mem 0x9000f82c mem 0x9000f84c mem 0x9000f86c mem 0x9000f88c mem 0x9000f8ac mem 0x9000f8cc mem 0x9000f8ec mem 0x9000f90c mem 0x9000f92c mem 0x9000f94c mem 0x9000f96c mem 0x9000f98c mem 0x9000f9ac mem 0x9000f9cc mem 0x9000f9ec mem 0x9000fa0c mem 0x9000fa2c mem 0x9000fa4c mem 0x9000fa6c mem 0x9000fa8c mem 0x9000faac mem 0x9000facc mem 0x9000faec mem 0x9000fb0c mem 0x9000fb2c mem 0x9000fb4c mem 0x9000fb6c mem 0x9000fb8c mem 0x9000fbac mem 0x9000fbcc mem 0x9000fbec
core   0: 0x800005a0 (0x0085277b) vlw12.v v14, v10, 8
core   0: 3 0x800005a0 (0x0085277b) e32 m1 l32 v14 ffffffff 0x3e1593fa 3e1083a8 bd84729f bd92cbf5 be1cbfe0 be75f860 bce84219 3e4d2456 3d4efe71 be30b920 be09f147 bdcafd13 bd4f128f bc0fd706 bc79d5b1 3e7fd4a0 bc732bb9 be4762d6 be0ae284 beb1e24c 3e2fcb86 3d849e11 3ddf1dfc be0b4cef 3d4c4a91 bd8c5d13 3dc60856 3e0501b1 3e2b7905 be40975e 3d328352 3dbdaff3  c8_vstart 0x00000000 mem 0x9000f808 mem 0x9000f828 mem 0x9000f848 mem 0x9000f868 mem 0x9000f888 mem 0x9000f8a8 mem 0x9000f8c8 mem 0x9000f8e8 mem 0x9000f908 mem 0x9000f928 mem 0x9000f948 mem 0x9000f968 mem 0x9000f988 mem 0x9000f9a8 mem 0x9000f9c8 mem 0x9000f9e8 mem 0x9000fa08 mem 0x9000fa28 mem 0x9000fa48 mem 0x9000fa68 mem 0x9000fa88 mem 0x9000faa8 mem 0x9000fac8 mem 0x9000fae8 mem 0x9000fb08 mem 0x9000fb28 mem 0x9000fb48 mem 0x9000fb68 mem 0x9000fb88 mem 0x9000fba8 mem 0x9000fbc8 mem 0x9000fbe8
core   0: 0x800005a4 (0x004526fb) vlw12.v v13, v10, 4
core   0: 3 0x800005a4 (0x004526fb) e32 m1 l32 v13 ffffffff 0x3c854626 3cf1d5b2 b925fa80 be7adf3b 3d1791df 3d4cffc3 bd08959b bd8d991e 3e68bdd5 be809094 3d91c5cc be1ab14a 3d74b85c bd67a7d1 3c34cfc9 bc1f7d10 be264441 bce3ba38 3e0a8c26 bd93c0a8 3d14e4d8 bcc866b4 bca3c03f 3dbaf319 3e0979cd bbc2059e bdd663c2 bdd16303 bddebebe 3c51b6c0 3d4b8c4a bdcbb2ad  c8_vstart 0x00000000 mem 0x9000f804 mem 0x9000f824 mem 0x9000f844 mem 0x9000f864 mem 0x9000f884 mem 0x9000f8a4 mem 0x9000f8c4 mem 0x9000f8e4 mem 0x9000f904 mem 0x9000f924 mem 0x9000f944 mem 0x9000f964 mem 0x9000f984 mem 0x9000f9a4 mem 0x9000f9c4 mem 0x9000f9e4 mem 0x9000fa04 mem 0x9000fa24 mem 0x9000fa44 mem 0x9000fa64 mem 0x9000fa84 mem 0x9000faa4 mem 0x9000fac4 mem 0x9000fae4 mem 0x9000fb04 mem 0x9000fb24 mem 0x9000fb44 mem 0x9000fb64 mem 0x9000fb84 mem 0x9000fba4 mem 0x9000fbc4 mem 0x9000fbe4
core   0: 0x800005a8 (0x0005267b) vlw12.v v12, v10, 0
core   0: 3 0x800005a8 (0x0005267b) e32 m1 l32 v12 ffffffff 0xbd845717 be493fa1 3d36a991 bdf64c07 3e01f4e1 3d55614e be2fafd6 be3d8f6c 3e23072e bd5b11d5 be15c15b bda80bd9 3e9e32d9 3e48f0a5 bd891a92 3dc3668f 3e4d7b3d 3d458768 bd064de8 bd6f1c90 be25f96a bdd44278 bea122d5 3d2892d8 bd5b7e85 bd0bc302 3d2b9680 bd75cf6d bb5f01d8 3e4b9ff8 be3f2974 3d99092b  c8_vstart 0x00000000 mem 0x9000f800 mem 0x9000f820 mem 0x9000f840 mem 0x9000f860 mem 0x9000f880 mem 0x9000f8a0 mem 0x9000f8c0 mem 0x9000f8e0 mem 0x9000f900 mem 0x9000f920 mem 0x9000f940 mem 0x9000f960 mem 0x9000f980 mem 0x9000f9a0 mem 0x9000f9c0 mem 0x9000f9e0 mem 0x9000fa00 mem 0x9000fa20 mem 0x9000fa40 mem 0x9000fa60 mem 0x9000fa80 mem 0x9000faa0 mem 0x9000fac0 mem 0x9000fae0 mem 0x9000fb00 mem 0x9000fb20 mem 0x9000fb40 mem 0x9000fb60 mem 0x9000fb80 mem 0x9000fba0 mem 0x9000fbc0 mem 0x9000fbe0
core   0: 0x800005ac (0x02899457) vfadd.vv v8, v8, v19
core   0: 3 0x800005ac (0x02899457) c8_vstart 0x00000000 e32 m1 l32 v8  ffffffff 0x00000000 00000000 00000000 00000000 00000000 00000000 00000000 00000000 00000000 00000000 00000000 00000000 00000000 00000000 00000000 00000000 00000000 00000000 00000000 00000000 00000000 00000000 00000000 00000000 00000000 00000000 00000000 00000000 00000000 00000000 00000000 00000000 
core   0: 0x800005b0 (0x027913d7) vfadd.vv v7, v7, v18
core   0: 3 0x800005b0 (0x027913d7) c8_vstart 0x00000000 e32 m1 l32 v7  ffffffff 0x00000000 00000000 00000000 00000000 00000000 00000000 00000000 00000000 00000000 00000000 00000000 00000000 00000000 00000000 00000000 00000000 00000000 00000000 00000000 00000000 00000000 00000000 00000000 00000000 00000000 00000000 00000000 00000000 00000000 00000000 00000000 00000000 
core   0: 0x800005b4 (0x02689357) vfadd.vv v6, v6, v17
core   0: 3 0x800005b4 (0x02689357) c8_vstart 0x00000000 e32 m1 l32 v6  ffffffff 0x00000000 00000000 00000000 00000000 00000000 00000000 00000000 00000000 00000000 00000000 00000000 00000000 00000000 00000000 00000000 00000000 00000000 00000000 00000000 00000000 00000000 00000000 00000000 00000000 00000000 00000000 00000000 00000000 00000000 00000000 00000000 00000000 
core   0: 0x800005b8 (0x025812d7) vfadd.vv v5, v5, v16
core   0: 3 0x800005b8 (0x025812d7) c8_vstart 0x00000000 e32 m1 l32 v5  ffffffff 0x00000000 00000000 00000000 00000000 00000000 00000000 00000000 00000000 00000000 00000000 00000000 00000000 00000000 00000000 00000000 00000000 00000000 00000000 00000000 00000000 00000000 00000000 00000000 00000000 00000000 00000000 00000000 00000000 00000000 00000000 00000000 00000000 
core   0: 0x800005bc (0x02479257) vfadd.vv v4, v4, v15
core   0: 3 0x800005bc (0x02479257) c8_vstart 0x00000000 e32 m1 l32 v4  ffffffff 0x3ce46b19 3d74774d bd81e3cb bc80548e bdbeae37 3d86ec40 be043633 3d4964cc bd869a94 3d8486af 3c80cd14 3d8bd3aa 3e0491eb be27f1a6 3d131f08 bddcbe6b bd25e283 bc7481e6 3d9d44bc be0ed611 3e09be2d bd19435d 3e0b6074 bdbf0b26 3c585906 3ccd0eb9 3c79b2b0 bd66d4f0 3b9d9000 bd5e869e 3d6936c4 bddce230 
core   0: 0x800005c0 (0x023711d7) vfadd.vv v3, v3, v14
core   0: 3 0x800005c0 (0x023711d7) c8_vstart 0x00000000 e32 m1 l32 v3  ffffffff 0x3e1593fa 3e1083a8 bd84729f bd92cbf5 be1cbfe0 be75f860 bce84219 3e4d2456 3d4efe71 be30b920 be09f147 bdcafd13 bd4f128f bc0fd706 bc79d5b1 3e7fd4a0 bc732bb9 be4762d6 be0ae284 beb1e24c 3e2fcb86 3d849e11 3ddf1dfc be0b4cef 3d4c4a91 bd8c5d13 3dc60856 3e0501b1 3e2b7905 be40975e 3d328352 3dbdaff3 
core   0: 0x800005c4 (0x02269157) vfadd.vv v2, v2, v13
core   0: 3 0x800005c4 (0x02269157) c8_vstart 0x00000000 e32 m1 l32 v2  ffffffff 0x3c854626 3cf1d5b2 b925fa80 be7adf3b 3d1791df 3d4cffc3 bd08959b bd8d991e 3e68bdd5 be809094 3d91c5cc be1ab14a 3d74b85c bd67a7d1 3c34cfc9 bc1f7d10 be264441 bce3ba38 3e0a8c26 bd93c0a8 3d14e4d8 bcc866b4 bca3c03f 3dbaf319 3e0979cd bbc2059e bdd663c2 bdd16303 bddebebe 3c51b6c0 3d4b8c4a bdcbb2ad 
core   0: 0x800005c8 (0x021610d7) vfadd.vv v1, v1, v12
core   0: 3 0x800005c8 (0x021610d7) c8_vstart 0x00000000 e32 m1 l32 v1  ffffffff 0xbd845717 be493fa1 3d36a991 bdf64c07 3e01f4e1 3d55614e be2fafd6 be3d8f6c 3e23072e bd5b11d5 be15c15b bda80bd9 3e9e32d9 3e48f0a5 bd891a92 3dc3668f 3e4d7b3d 3d458768 bd064de8 bd6f1c90 be25f96a bdd44278 bea122d5 3d2892d8 bd5b7e85 bd0bc302 3d2b9680 bd75cf6d bb5f01d8 3e4b9ff8 be3f2974 3d99092b 
core   0: 0x800005cc (0x0015958b) vsub12.vi v11, v11, 1
core   0: 3 0x800005cc (0x0015958b) c8_vstart 0x00000000 e32 m1 l32 v11 ffffffff 0x00000000 00000000 00000000 00000000 00000000 00000000 00000000 00000000 00000000 00000000 00000000 00000000 00000000 00000000 00000000 00000000 00000000 00000000 00000000 00000000 00000000 00000000 00000000 00000000 00000000 00000000 00000000 00000000 00000000 00000000 00000000 00000000 
core   0: 0x800005d0 (0x4005050b) vadd12.vi v10, v10, 1024
core   0: 3 0x800005d0 (0x4005050b) c8_vstart 0x00000000 e32 m1 l32 v10 ffffffff 0x9000ffe0 9000ffc0 9000ffa0 9000ff80 9000ff60 9000ff40 9000ff20 9000ff00 9000fee0 9000fec0 9000fea0 9000fe80 9000fe60 9000fe40 9000fe20 9000fe00 9000fde0 9000fdc0 9000fda0 9000fd80 9000fd60 9000fd40 9000fd20 9000fd00 9000fce0 9000fcc0 9000fca0 9000fc80 9000fc60 9000fc40 9000fc20 9000fc00 
core   0: 0x800005d4 (0x00000317) auipc   x6, 0x0
core   0: 3 0x800005d4 (0x00000317) x6  0x800005d4
core   0: 0x800005d8 (0xf7c3305b) setrpc  x0, x6, -132
core   0: 3 0x800005d8 (0xf7c3305b) c2060_rpc 0x80000550 current mask:	ffffffff current npc:	800004d4 stack size: 0
core   0: 0x800005dc (0xf6ba0adb) vbeq    v11, v20, pc - 140
core   0: 3 0x800005dc (0xf6ba0adb) c8_vstart 0x00000000 e32 m1 l32 current mask:	ffffffff current npc:	80000550 stack size: 0
core   0: 0x80000550 (0x0000205b) join    v0, v0, pc + 0
core   0: 3 0x80000550 (0x0000205b) current mask:	ffffffff current npc:	80000550 stack size: 0
core   0: 0x80000554 (0x9692b4d7) vsll.vi v9, v9, 5
core   0: 3 0x80000554 (0x9692b4d7) c8_vstart 0x00000000 e32 m1 l32 v9  ffffffff 0x000000c0 000000c0 000000c0 000000c0 000000c0 000000c0 000000c0 000000c0 000000c0 000000c0 000000c0 000000c0 000000c0 000000c0 000000c0 000000c0 000000c0 000000c0 000000c0 000000c0 000000c0 000000c0 000000c0 000000c0 000000c0 000000c0 000000c0 000000c0 000000c0 000000c0 000000c0 000000c0 
core   0: 0x80000558 (0x02900057) vadd.vv v0, v9, v0
core   0: 3 0x80000558 (0x02900057) c8_vstart 0x00000000 e32 m1 l32 v0  ffffffff 0x000000df 000000de 000000dd 000000dc 000000db 000000da 000000d9 000000d8 000000d7 000000d6 000000d5 000000d4 000000d3 000000d2 000000d1 000000d0 000000cf 000000ce 000000cd 000000cc 000000cb 000000ca 000000c9 000000c8 000000c7 000000c6 000000c5 000000c4 000000c3 000000c2 000000c1 000000c0 
core   0: 0x8000055c (0x9602b057) vsll.vi v0, v0, 5
core   0: 3 0x8000055c (0x9602b057) c8_vstart 0x00000000 e32 m1 l32 v0  ffffffff 0x00001be0 00001bc0 00001ba0 00001b80 00001b60 00001b40 00001b20 00001b00 00001ae0 00001ac0 00001aa0 00001a80 00001a60 00001a40 00001a20 00001a00 000019e0 000019c0 000019a0 00001980 00001960 00001940 00001920 00001900 000018e0 000018c0 000018a0 00001880 00001860 00001840 00001820 00001800 
core   0: 0x80000560 (0xff812283) lw      x5, -8(x2)
core   0: 3 0x80000560 (0xff812283) x5  0x90011000 mem 0x70000010
core   0: 0x80000564 (0x0202c057) vadd.vx v0, v0, x5
core   0: 3 0x80000564 (0x0202c057) c8_vstart 0x00000000 e32 m1 l32 v0  ffffffff 0x90012be0 90012bc0 90012ba0 90012b80 90012b60 90012b40 90012b20 90012b00 90012ae0 90012ac0 90012aa0 90012a80 90012a60 90012a40 90012a20 90012a00 900129e0 900129c0 900129a0 90012980 90012960 90012940 90012920 90012900 900128e0 900128c0 900128a0 90012880 90012860 90012840 90012820 90012800 
core   0: 0x80000568 (0x00806e7b) vsw12.v v8, v0, 28
core   0: 3 0x80000568 (0x00806e7b) c8_vstart 0x00000000 e32 m1 l32 mem 0x9001281c 0x00000000 mem 0x9001283c 0x00000000 mem 0x9001285c 0x00000000 mem 0x9001287c 0x00000000 mem 0x9001289c 0x00000000 mem 0x900128bc 0x00000000 mem 0x900128dc 0x00000000 mem 0x900128fc 0x00000000 mem 0x9001291c 0x00000000 mem 0x9001293c 0x00000000 mem 0x9001295c 0x00000000 mem 0x9001297c 0x00000000 mem 0x9001299c 0x00000000 mem 0x900129bc 0x00000000 mem 0x900129dc 0x00000000 mem 0x900129fc 0x00000000 mem 0x90012a1c 0x00000000 mem 0x90012a3c 0x00000000 mem 0x90012a5c 0x00000000 mem 0x90012a7c 0x00000000 mem 0x90012a9c 0x00000000 mem 0x90012abc 0x00000000 mem 0x90012adc 0x00000000 mem 0x90012afc 0x00000000 mem 0x90012b1c 0x00000000 mem 0x90012b3c 0x00000000 mem 0x90012b5c 0x00000000 mem 0x90012b7c 0x00000000 mem 0x90012b9c 0x00000000 mem 0x90012bbc 0x00000000 mem 0x90012bdc 0x00000000 mem 0x90012bfc 0x00000000
core   0: 0x8000056c (0x00706c7b) vsw12.v v7, v0, 24
core   0: 3 0x8000056c (0x00706c7b) c8_vstart 0x00000000 e32 m1 l32 mem 0x90012818 0x00000000 mem 0x90012838 0x00000000 mem 0x90012858 0x00000000 mem 0x90012878 0x00000000 mem 0x90012898 0x00000000 mem 0x900128b8 0x00000000 mem 0x900128d8 0x00000000 mem 0x900128f8 0x00000000 mem 0x90012918 0x00000000 mem 0x90012938 0x00000000 mem 0x90012958 0x00000000 mem 0x90012978 0x00000000 mem 0x90012998 0x00000000 mem 0x900129b8 0x00000000 mem 0x900129d8 0x00000000 mem 0x900129f8 0x00000000 mem 0x90012a18 0x00000000 mem 0x90012a38 0x00000000 mem 0x90012a58 0x00000000 mem 0x90012a78 0x00000000 mem 0x90012a98 0x00000000 mem 0x90012ab8 0x00000000 mem 0x90012ad8 0x00000000 mem 0x90012af8 0x00000000 mem 0x90012b18 0x00000000 mem 0x90012b38 0x00000000 mem 0x90012b58 0x00000000 mem 0x90012b78 0x00000000 mem 0x90012b98 0x00000000 mem 0x90012bb8 0x00000000 mem 0x90012bd8 0x00000000 mem 0x90012bf8 0x00000000
core   0: 0x80000570 (0x00606a7b) vsw12.v v6, v0, 20
core   0: 3 0x80000570 (0x00606a7b) c8_vstart 0x00000000 e32 m1 l32 mem 0x90012814 0x00000000 mem 0x90012834 0x00000000 mem 0x90012854 0x00000000 mem 0x90012874 0x00000000 mem 0x90012894 0x00000000 mem 0x900128b4 0x00000000 mem 0x900128d4 0x00000000 mem 0x900128f4 0x00000000 mem 0x90012914 0x00000000 mem 0x90012934 0x00000000 mem 0x90012954 0x00000000 mem 0x90012974 0x00000000 mem 0x90012994 0x00000000 mem 0x900129b4 0x00000000 mem 0x900129d4 0x00000000 mem 0x900129f4 0x00000000 mem 0x90012a14 0x00000000 mem 0x90012a34 0x00000000 mem 0x90012a54 0x00000000 mem 0x90012a74 0x00000000 mem 0x90012a94 0x00000000 mem 0x90012ab4 0x00000000 mem 0x90012ad4 0x00000000 mem 0x90012af4 0x00000000 mem 0x90012b14 0x00000000 mem 0x90012b34 0x00000000 mem 0x90012b54 0x00000000 mem 0x90012b74 0x00000000 mem 0x90012b94 0x00000000 mem 0x90012bb4 0x00000000 mem 0x90012bd4 0x00000000 mem 0x90012bf4 0x00000000
core   0: 0x80000574 (0x0050687b) vsw12.v v5, v0, 16
core   0: 3 0x80000574 (0x0050687b) c8_vstart 0x00000000 e32 m1 l32 mem 0x90012810 0x00000000 mem 0x90012830 0x00000000 mem 0x90012850 0x00000000 mem 0x90012870 0x00000000 mem 0x90012890 0x00000000 mem 0x900128b0 0x00000000 mem 0x900128d0 0x00000000 mem 0x900128f0 0x00000000 mem 0x90012910 0x00000000 mem 0x90012930 0x00000000 mem 0x90012950 0x00000000 mem 0x90012970 0x00000000 mem 0x90012990 0x00000000 mem 0x900129b0 0x00000000 mem 0x900129d0 0x00000000 mem 0x900129f0 0x00000000 mem 0x90012a10 0x00000000 mem 0x90012a30 0x00000000 mem 0x90012a50 0x00000000 mem 0x90012a70 0x00000000 mem 0x90012a90 0x00000000 mem 0x90012ab0 0x00000000 mem 0x90012ad0 0x00000000 mem 0x90012af0 0x00000000 mem 0x90012b10 0x00000000 mem 0x90012b30 0x00000000 mem 0x90012b50 0x00000000 mem 0x90012b70 0x00000000 mem 0x90012b90 0x00000000 mem 0x90012bb0 0x00000000 mem 0x90012bd0 0x00000000 mem 0x90012bf0 0x00000000
core   0: 0x80000578 (0x0040667b) vsw12.v v4, v0, 12
core   0: 3 0x80000578 (0x0040667b) c8_vstart 0x00000000 e32 m1 l32 mem 0x9001280c 0xbddce230 mem 0x9001282c 0x3d6936c4 mem 0x9001284c 0xbd5e869e mem 0x9001286c 0x3b9d9000 mem 0x9001288c 0xbd66d4f0 mem 0x900128ac 0x3c79b2b0 mem 0x900128cc 0x3ccd0eb9 mem 0x900128ec 0x3c585906 mem 0x9001290c 0xbdbf0b26 mem 0x9001292c 0x3e0b6074 mem 0x9001294c 0xbd19435d mem 0x9001296c 0x3e09be2d mem 0x9001298c 0xbe0ed611 mem 0x900129ac 0x3d9d44bc mem 0x900129cc 0xbc7481e6 mem 0x900129ec 0xbd25e283 mem 0x90012a0c 0xbddcbe6b mem 0x90012a2c 0x3d131f08 mem 0x90012a4c 0xbe27f1a6 mem 0x90012a6c 0x3e0491eb mem 0x90012a8c 0x3d8bd3aa mem 0x90012aac 0x3c80cd14 mem 0x90012acc 0x3d8486af mem 0x90012aec 0xbd869a94 mem 0x90012b0c 0x3d4964cc mem 0x90012b2c 0xbe043633 mem 0x90012b4c 0x3d86ec40 mem 0x90012b6c 0xbdbeae37 mem 0x90012b8c 0xbc80548e mem 0x90012bac 0xbd81e3cb mem 0x90012bcc 0x3d74774d mem 0x90012bec 0x3ce46b19
core   0: 0x8000057c (0x0030647b) vsw12.v v3, v0, 8
core   0: 3 0x8000057c (0x0030647b) c8_vstart 0x00000000 e32 m1 l32 mem 0x90012808 0x3dbdaff3 mem 0x90012828 0x3d328352 mem 0x90012848 0xbe40975e mem 0x90012868 0x3e2b7905 mem 0x90012888 0x3e0501b1 mem 0x900128a8 0x3dc60856 mem 0x900128c8 0xbd8c5d13 mem 0x900128e8 0x3d4c4a91 mem 0x90012908 0xbe0b4cef mem 0x90012928 0x3ddf1dfc mem 0x90012948 0x3d849e11 mem 0x90012968 0x3e2fcb86 mem 0x90012988 0xbeb1e24c mem 0x900129a8 0xbe0ae284 mem 0x900129c8 0xbe4762d6 mem 0x900129e8 0xbc732bb9 mem 0x90012a08 0x3e7fd4a0 mem 0x90012a28 0xbc79d5b1 mem 0x90012a48 0xbc0fd706 mem 0x90012a68 0xbd4f128f mem 0x90012a88 0xbdcafd13 mem 0x90012aa8 0xbe09f147 mem 0x90012ac8 0xbe30b920 mem 0x90012ae8 0x3d4efe71 mem 0x90012b08 0x3e4d2456 mem 0x90012b28 0xbce84219 mem 0x90012b48 0xbe75f860 mem 0x90012b68 0xbe1cbfe0 mem 0x90012b88 0xbd92cbf5 mem 0x90012ba8 0xbd84729f mem 0x90012bc8 0x3e1083a8 mem 0x90012be8 0x3e1593fa
core   0: 0x80000580 (0x0020627b) vsw12.v v2, v0, 4
core   0: 3 0x80000580 (0x0020627b) c8_vstart 0x00000000 e32 m1 l32 mem 0x90012804 0xbdcbb2ad mem 0x90012824 0x3d4b8c4a mem 0x90012844 0x3c51b6c0 mem 0x90012864 0xbddebebe mem 0x90012884 0xbdd16303 mem 0x900128a4 0xbdd663c2 mem 0x900128c4 0xbbc2059e mem 0x900128e4 0x3e0979cd mem 0x90012904 0x3dbaf319 mem 0x90012924 0xbca3c03f mem 0x90012944 0xbcc866b4 mem 0x90012964 0x3d14e4d8 mem 0x90012984 0xbd93c0a8 mem 0x900129a4 0x3e0a8c26 mem 0x900129c4 0xbce3ba38 mem 0x900129e4 0xbe264441 mem 0x90012a04 0xbc1f7d10 mem 0x90012a24 0x3c34cfc9 mem 0x90012a44 0xbd67a7d1 mem 0x90012a64 0x3d74b85c mem 0x90012a84 0xbe1ab14a mem 0x90012aa4 0x3d91c5cc mem 0x90012ac4 0xbe809094 mem 0x90012ae4 0x3e68bdd5 mem 0x90012b04 0xbd8d991e mem 0x90012b24 0xbd08959b mem 0x90012b44 0x3d4cffc3 mem 0x90012b64 0x3d1791df mem 0x90012b84 0xbe7adf3b mem 0x90012ba4 0xb925fa80 mem 0x90012bc4 0x3cf1d5b2 mem 0x90012be4 0x3c854626
core   0: 0x80000584 (0x0010607b) vsw12.v v1, v0, 0
core   0: 3 0x80000584 (0x0010607b) c8_vstart 0x00000000 e32 m1 l32 mem 0x90012800 0x3d99092b mem 0x90012820 0xbe3f2974 mem 0x90012840 0x3e4b9ff8 mem 0x90012860 0xbb5f01d8 mem 0x90012880 0xbd75cf6d mem 0x900128a0 0x3d2b9680 mem 0x900128c0 0xbd0bc302 mem 0x900128e0 0xbd5b7e85 mem 0x90012900 0x3d2892d8 mem 0x90012920 0xbea122d5 mem 0x90012940 0xbdd44278 mem 0x90012960 0xbe25f96a mem 0x90012980 0xbd6f1c90 mem 0x900129a0 0xbd064de8 mem 0x900129c0 0x3d458768 mem 0x900129e0 0x3e4d7b3d mem 0x90012a00 0x3dc3668f mem 0x90012a20 0xbd891a92 mem 0x90012a40 0x3e48f0a5 mem 0x90012a60 0x3e9e32d9 mem 0x90012a80 0xbda80bd9 mem 0x90012aa0 0xbe15c15b mem 0x90012ac0 0xbd5b11d5 mem 0x90012ae0 0x3e23072e mem 0x90012b00 0xbe3d8f6c mem 0x90012b20 0xbe2fafd6 mem 0x90012b40 0x3d55614e mem 0x90012b60 0x3e01f4e1 mem 0x90012b80 0xbdf64c07 mem 0x90012ba0 0x3d36a991 mem 0x90012bc0 0xbe493fa1 mem 0x90012be0 0xbd845717
core   0: 0x80000588 (0x05c0006f) j       pc + 0x5c
core   0: 3 0x80000588 (0x05c0006f)
core   0: 0x800005e4 (0x0000205b) join    v0, v0, pc + 0
core   0: 3 0x800005e4 (0x0000205b) current mask:	ffffffff current npc:	80000550 stack size: 0
core   0: 0x800005e8 (0xfe812083) lw      x1, -24(x2)
core   0: 3 0x800005e8 (0xfe812083) x1  0x800000a0 mem 0x70000000
core   0: 0x800005ec (0xfe810113) addi    x2, x2, -24
core   0: 3 0x800005ec (0xfe810113) x2  0x70000000
core   0: 0x800005f0 (0xffc20213) addi    x4, x4, -4
core   0: 3 0x800005f0 (0xffc20213) x4  0x00000000
core   0: 0x800005f4 (0x0010200b) regext  x0, x0,  0 0 0 1 
core   0: 3 0x800005f4 (0x0010200b)
core   0: 0x800005f8 (0x5e024057) vmv.v.x v0, x4
core   0: 3 0x800005f8 (0x5e024057) c8_vstart 0x00000core   0: 0x00001000 (0x00000297) auipc   x5, 0x0
core   0: 3 0x00001000 (0x00000297) x5  0x00001000
core   0: 0x00001004 (0x02028593) addi    x11, x5, 32
core   0: 3 0x00001004 (0x02028593) x11 0x00001020
core   0: 0x00001008 (0xf1402573) csrr    x10, mhartid
core   0: 3 0x00001008 (0xf1402573) x10 0x00000000
core   0: 0x0000100c (0x0182a283) lw      x5, 24(x5)
core   0: 3 0x0000100c (0x0182a283) x5  0x80000000 mem 0x00001018
core   0: 0x00001010 (0x00028067) jr      x5
core   0: 3 0x00001010 (0x00028067)
core   0: 0x80000000 (0x00004197) auipc   x3, 0x4
core   0: 3 0x80000000 (0x00004197) x3  0x80004000
core   0: 0x80000004 (0x80818193) addi    x3, x3, -2040
core   0: 3 0x80000004 (0x80818193) x3  0x80003808
core   0: 0x80000008 (0x02000e93) li      x29, 32
core   0: 3 0x80000008 (0x02000e93) x29 0x00000020
core   0: 0x8000000c (0x0d0efed7) vsetvli x29, x29, e32, m1, ta, ma
core   0: 3 0x8000000c (0x0d0efed7) x29 0x00000020 c8_vstart 0x00000000 c3104_vl 0x00000020 c3105_vtype 0x000000d0 c768_mstatus 0x80000600
core   0: 0x80000010 (0x00002eb7) lui     x29, 0x2
core   0: 3 0x80000010 (0x00002eb7) x29 0x00002000
core   0: 0x80000014 (0x300eaef3) csrrs   x29, mstatus, x29
core   0: 3 0x80000014 (0x300eaef3) x29 0x80000600 c768_mstatus 0x80006600
core   0: 0x80000018 (0x00000e93) li      x29, 0
core   0: 3 0x80000018 (0x00000e93) x29 0x00000000
core   0: 0x8000001c (0x80502373) csrr    x6, wid
core   0: 3 0x8000001c (0x80502373) x6  0x00000000
core   0: 0x80000020 (0x806023f3) csrr    x7, lds
core   0: 3 0x80000020 (0x806023f3) x7  0x70000000
core   0: 0x80000024 (0x40000e13) li      x28, 1024
core   0: 3 0x80000024 (0x40000e13) x28 0x00000400
core   0: 0x80000028 (0x03c30333) mul     x6, x6, x28
core   0: 3 0x80000028 (0x03c30333) x6  0x00000000
core   0: 0x8000002c (0x00730133) add     x2, x6, x7
core   0: 3 0x8000002c (0x00730133) x2  0x70000000
core   0: 0x80000030 (0x00000213) li      x4, 0
core   0: 3 0x80000030 (0x00000213) x4  0x00000000
core   0: 0x80000034 (0x80102f73) csrr    x30, numw
core   0: 3 0x80000034 (0x80102f73) x30 0x00000001
core   0: 0x80000038 (0x40000e13) li      x28, 1024
core   0: 3 0x80000038 (0x40000e13) x28 0x00000400
core   0: 0x8000003c (0x03cf0f33) mul     x30, x30, x28
core   0: 3 0x8000003c (0x03cf0f33) x30 0x00000400
core   0: 0x80000040 (0x01e38433) add     x8, x7, x30
core   0: 3 0x80000040 (0x01e38433) x8  0x70000400
core   0: 0x80000044 (0x00003517) auipc   x10, 0x3
core   0: 3 0x80000044 (0x00003517) x10 0x80003044
core   0: 0x80000048 (0xfc450513) addi    x10, x10, -60
core   0: 3 0x80000048 (0xfc450513) x10 0x80003008
core   0: 0x8000004c (0x00003617) auipc   x12, 0x3
core   0: 3 0x8000004c (0x00003617) x12 0x8000304c
core   0: 0x80000050 (0xfbc60613) addi    x12, x12, -68
core   0: 3 0x80000050 (0xfbc60613) x12 0x80003008
core   0: 0x80000054 (0x00c50863) beq     x10, x12, pc + 16
core   0: 3 0x80000054 (0x00c50863)
core   0: 0x80000064 (0x803022f3) csrr    x5, knl
core   0: 3 0x80000064 (0x803022f3) x5  0x90195000
core   0: 0x80000068 (0x0002a303) lw      x6, 0(x5)
core   0: 3 0x80000068 (0x0002a303) x6  0x80000464 mem 0x90195000
core   0: 0x8000006c (0x0042a503) lw      x10, 4(x5)
core   0: 3 0x8000006c (0x0042a503) x10 0x90014000 mem 0x90195004
core   0: 0x80000070 (0x0302a383) lw      x7, 48(x5)
core   0: 3 0x80000070 (0x0302a383) x7  0x00000000 mem 0x90195030
core   0: 0x80000074 (0x0342ae03) lw      x28, 52(x5)
core   0: 3 0x80000074 (0x0342ae03) x28 0x00000000 mem 0x90195034
core   0: 0x80000078 (0x00003e97) auipc   x29, 0x3
core   0: 3 0x80000078 (0x00003e97) x29 0x80003078
core   0: 0x8000007c (0xf88e8e93) addi    x29, x29, -120
core   0: 3 0x8000007c (0xf88e8e93) x29 0x80003000
core   0: 0x80000080 (0x00003f17) auipc   x30, 0x3
core   0: 3 0x80000080 (0x00003f17) x30 0x80003080
core   0: 0x80000084 (0xf84f0f13) addi    x30, x30, -124
core   0: 3 0x80000084 (0xf84f0f13) x30 0x80003004
core   0: 0x80000088 (0x007ea023) sw      x7, 0(x29)
core   0: 3 0x80000088 (0x007ea023) mem 0x80003000 0x00000000
core   0: 0x8000008c (0x01cf2023) sw      x28, 0(x30)
core   0: 3 0x8000008c (0x01cf2023) mem 0x80003004 0x00000000
core   0: 0x80000090 (0x00000f97) auipc   x31, 0x0
core   0: 3 0x80000090 (0x00000f97) x31 0x80000090
core   0: 0x80000094 (0x018f8f93) addi    x31, x31, 24
core   0: 3 0x80000094 (0x018f8f93) x31 0x800000a8
core   0: 0x80000098 (0x305f9073) csrw    mtvec, x31
core   0: 3 0x80000098 (0x305f9073) c773_mtvec 0x800000a8
core   0: 0x8000009c (0x000300e7) jalr    x6
core   0: 3 0x8000009c (0x000300e7) x1  0x800000a0
core   0: 0x80000464 (0x01810113) addi    x2, x2, 24
core   0: 3 0x80000464 (0x01810113) x2  0x70000018
core   0: 0x80000468 (0x00420213) addi    x4, x4, 4
core   0: 3 0x80000468 (0x00420213) x4  0x00000004
core   0: 0x8000046c (0x0010200b) regext  x0, x0,  0 0 0 1 
core   0: 3 0x8000046c (0x0010200b)
core   0: 0x80000470 (0x5e024057) vmv.v.x v0, x4
core   0: 3 0x80000470 (0x5e024057) c8_vstart 0x00000000 e32 m1 l32 v32 ffffffff 0x00000004 00000004 00000004 00000004 00000004 00000004 00000004 00000004 00000004 00000004 00000004 00000004 00000004 00000004 00000004 00000004 00000004 00000004 00000004 00000004 00000004 00000004 00000004 00000004 00000004 00000004 00000004 00000004 00000004 00000004 00000004 00000004 
core   0: 0x80000474 (0xfe112423) sw      x1, -24(x2)
core   0: 3 0x80000474 (0xfe112423) mem 0x70000000 0x800000a0
core   0: 0x80000478 (0x01052283) lw      x5, 16(x10)
core   0: 3 0x80000478 (0x01052283) x5  0x90011000 mem 0x90014010
core   0: 0x8000047c (0xfe512c23) sw      x5, -8(x2)
core   0: 3 0x8000047c (0xfe512c23) mem 0x70000010 0x90011000
core   0: 0x80000480 (0x00c52283) lw      x5, 12(x10)
core   0: 3 0x80000480 (0x00c52283) x5  0x00000001 mem 0x9001400c
core   0: 0x80000484 (0xfe512a23) sw      x5, -12(x2)
core   0: 3 0x80000484 (0xfe512a23) mem 0x7000000c 0x00000001
core   0: 0x80000488 (0x00452283) lw      x5, 4(x10)
core   0: 3 0x80000488 (0x00452283) x5  0x00000000 mem 0x90014004
core   0: 0x8000048c (0xfe512823) sw      x5, -16(x2)
core   0: 3 0x8000048c (0xfe512823) mem 0x70000008 0x00000000
core   0: 0x80000490 (0x00052283) lw      x5, 0(x10)
core   0: 3 0x80000490 (0x00052283) x5  0x9000e000 mem 0x90014000
core   0: 0x80000494 (0xfe512623) sw      x5, -20(x2)
core   0: 3 0x80000494 (0xfe512623) mem 0x70000004 0x9000e000
core   0: 0x80000498 (0x00852283) lw      x5, 8(x10)
core   0: 3 0x80000498 (0x00852283) x5  0x0000000c mem 0x90014008
core   0: 0x8000049c (0xfe512e23) sw      x5, -4(x2)
core   0: 3 0x8000049c (0xfe512e23) mem 0x70000014 0x0000000c
core   0: 0x800004a0 (0x5e004057) vmv.v.x v0, x0
core   0: 3 0x800004a0 (0x5e004057) c8_vstart 0x00000000 e32 m1 l32 v0  ffffffff 0x00000000 00000000 00000000 00000000 00000000 00000000 00000000 00000000 00000000 00000000 00000000 00000000 00000000 00000000 00000000 00000000 00000000 00000000 00000000 00000000 00000000 00000000 00000000 00000000 00000000 00000000 00000000 00000000 00000000 00000000 00000000 00000000 
core   0: 0x800004a4 (0x1d4000ef) jal     pc + 0x1d4
core   0: 3 0x800004a4 (0x1d4000ef) x1  0x800004a8
core   0: 0x80000678 (0x00410113) addi    x2, x2, 4
core   0: 3 0x80000678 (0x00410113) x2  0x7000001c
core   0: 0x8000067c (0xfe112e23) sw      x1, -4(x2)
core   0: 3 0x8000067c (0xfe112e23) mem 0x70000018 0x800004a8
core   0: 0x80000680 (0x020040d7) vadd.vx v1, v0, x0
core   0: 3 0x80000680 (0x020040d7) c8_vstart 0x00000000 e32 m1 l32 v1  ffffffff 0x00000000 00000000 00000000 00000000 00000000 00000000 00000000 00000000 00000000 00000000 00000000 00000000 00000000 00000000 00000000 00000000 00000000 00000000 00000000 00000000 00000000 00000000 00000000 00000000 00000000 00000000 00000000 00000000 00000000 00000000 00000000 00000000 
core   0: 0x80000684 (0x00200293) li      x5, 2
core   0: 3 0x80000684 (0x00200293) x5  0x00000002
core   0: 0x80000688 (0x5e02c057) vmv.v.x v0, x5
core   0: 3 0x80000688 (0x5e02c057) c8_vstart 0x00000000 e32 m1 l32 v0  ffffffff 0x00000002 00000002 00000002 00000002 00000002 00000002 00000002 00000002 00000002 00000002 00000002 00000002 00000002 00000002 00000002 00000002 00000002 00000002 00000002 00000002 00000002 00000002 00000002 00000002 00000002 00000002 00000002 00000002 00000002 00000002 00000002 00000002 
core   0: 0x8000068c (0x00000317) auipc   x6, 0x0
core   0: 3 0x8000068c (0x00000317) x6  0x8000068c
core   0: 0x80000690 (0x0543305b) setrpc  x0, x6, 84
core   0: 3 0x80000690 (0x0543305b) c2060_rpc 0x800006e0 current mask:	ffffffff current npc:	00000000 stack size: 0
core   0: 0x80000694 (0x0410045b) vbeq    v1, v0, pc + 72
core   0: 3 0x80000694 (0x0410045b) c8_vstart 0x00000000 e32 m1 l32 current mask:	ffffffff current npc:	80000698 stack size: 0
core   0: 0x80000698 (0x0040006f) j       pc + 0x4
core   0: 3 0x80000698 (0x0040006f)
core   0: 0x8000069c (0x00100293) li      x5, 1
core   0: 3 0x8000069c (0x00100293) x5  0x00000001
core   0: 0x800006a0 (0x5e02c057) vmv.v.x v0, x5
core   0: 3 0x800006a0 (0x5e02c057) c8_vstart 0x00000000 e32 m1 l32 v0  ffffffff 0x00000001 00000001 00000001 00000001 00000001 00000001 00000001 00000001 00000001 00000001 00000001 00000001 00000001 00000001 00000001 00000001 00000001 00000001 00000001 00000001 00000001 00000001 00000001 00000001 00000001 00000001 00000001 00000001 00000001 00000001 00000001 00000001 
core   0: 0x800006a4 (0x00000317) auipc   x6, 0x0
core   0: 3 0x800006a4 (0x00000317) x6  0x800006a4
core   0: 0x800006a8 (0x03c3305b) setrpc  x0, x6, 60
core   0: 3 0x800006a8 (0x03c3305b) c2060_rpc 0x800006e0 current mask:	ffffffff current npc:	80000698 stack size: 0
core   0: 0x800006ac (0x0210045b) vbeq    v1, v0, pc + 40
core   0: 3 0x800006ac (0x0210045b) c8_vstart 0x00000000 e32 m1 l32 current mask:	ffffffff current npc:	800006b0 stack size: 0
core   0: 0x800006b0 (0x0040006f) j       pc + 0x4
core   0: 3 0x800006b0 (0x0040006f)
core   0: 0x800006b4 (0x5e004157) vmv.v.x v2, x0
core   0: 3 0x800006b4 (0x5e004157) c8_vstart 0x00000000 e32 m1 l32 v2  ffffffff 0x00000000 00000000 00000000 00000000 00000000 00000000 00000000 00000000 00000000 00000000 00000000 00000000 00000000 00000000 00000000 00000000 00000000 00000000 00000000 00000000 00000000 00000000 00000000 00000000 00000000 00000000 00000000 00000000 00000000 00000000 00000000 00000000 
core   0: 0x800006b8 (0x5e004057) vmv.v.x v0, x0
core   0: 3 0x800006b8 (0x5e004057) c8_vstart 0x00000000 e32 m1 l32 v0  ffffffff 0x00000000 00000000 00000000 00000000 00000000 00000000 00000000 00000000 00000000 00000000 00000000 00000000 00000000 00000000 00000000 00000000 00000000 00000000 00000000 00000000 00000000 00000000 00000000 00000000 00000000 00000000 00000000 00000000 00000000 00000000 00000000 00000000 
core   0: 0x800006bc (0x00000317) auipc   x6, 0x0
core   0: 3 0x800006bc (0x00000317) x6  0x800006bc
core   0: 0x800006c0 (0x0243305b) setrpc  x0, x6, 36
core   0: 3 0x800006c0 (0x0243305b) c2060_rpc 0x800006e0 current mask:	ffffffff current npc:	800006b0 stack size: 0
core   0: 0x800006c4 (0x00111e5b) vbne    v1, v2, pc + 28
core   0: 3 0x800006c4 (0x00111e5b) c8_vstart 0x00000000 e32 m1 l32 current mask:	ffffffff current npc:	800006c8 stack size: 0
core   0: 0x800006c8 (0x0040006f) j       pc + 0x4
core   0: 3 0x800006c8 (0x0040006f)
core   0: 0x800006cc (0x09c000ef) jal     pc + 0x9c
core   0: 3 0x800006cc (0x09c000ef) x1  0x800006d0
core   0: 0x80000768 (0x80802573) csrr    x10, gidx
core   0: 3 0x80000768 (0x80802573) x10 0x00000007
core   0: 0x8000076c (0x5e054057) vmv.v.x v0, x10
core   0: 3 0x8000076c (0x5e054057) c8_vstart 0x00000000 e32 m1 l32 v0  ffffffff 0x00000007 00000007 00000007 00000007 00000007 00000007 00000007 00000007 00000007 00000007 00000007 00000007 00000007 00000007 00000007 00000007 00000007 00000007 00000007 00000007 00000007 00000007 00000007 00000007 00000007 00000007 00000007 00000007 00000007 00000007 00000007 00000007 
core   0: 0x80000770 (0x00008067) ret
core   0: 3 0x80000770 (0x00008067)
core   0: 0x800006d0 (0x0100006f) j       pc + 0x10
core   0: 3 0x800006d0 (0x0100006f)
core   0: 0x800006e0 (0x0000205b) join    v0, v0, pc + 0
core   0: 3 0x800006e0 (0x0000205b) current mask:	ffffffff current npc:	800006c8 stack size: 0
core   0: 0x800006e4 (0xffc12083) lw      x1, -4(x2)
core   0: 3 0x800006e4 (0xffc12083) x1  0x800004a8 mem 0x70000018
core   0: 0x800006e8 (0xffc10113) addi    x2, x2, -4
core   0: 3 0x800006e8 (0xffc10113) x2  0x70000018
core   0: 0x800006ec (0x00008067) ret
core   0: 3 0x800006ec (0x00008067)
core   0: 0x800004a8 (0x0080200b) regext  x0, x0,  0 0 1 0 
core   0: 3 0x800004a8 (0x0080200b)
core   0: 0x800004ac (0xfe002e2b) vsw.v   v0, x0, -4
core   0: 3 0x800004ac (0xfe002e2b) c8_vstart 0x00000000 mem 0x90015000 0x00000007 mem 0x90015004 0x00000007 mem 0x90015008 0x00000007 mem 0x9001500c 0x00000007 mem 0x90015010 0x00000007 mem 0x90015014 0x00000007 mem 0x90015018 0x00000007 mem 0x9001501c 0x00000007 mem 0x90015020 0x00000007 mem 0x90015024 0x00000007 mem 0x90015028 0x00000007 mem 0x9001502c 0x00000007 mem 0x90015030 0x00000007 mem 0x90015034 0x00000007 mem 0x90015038 0x00000007 mem 0x9001503c 0x00000007 mem 0x90015040 0x00000007 mem 0x90015044 0x00000007 mem 0x90015048 0x00000007 mem 0x9001504c 0x00000007 mem 0x90015050 0x00000007 mem 0x90015054 0x00000007 mem 0x90015058 0x00000007 mem 0x9001505c 0x00000007 mem 0x90015060 0x00000007 mem 0x90015064 0x00000007 mem 0x90015068 0x00000007 mem 0x9001506c 0x00000007 mem 0x90015070 0x00000007 mem 0x90015074 0x00000007 mem 0x90015078 0x00000007 mem 0x9001507c 0x00000007
core   0: 0x800004b0 (0x5e004057) vmv.v.x v0, x0
core   0: 3 0x800004b0 (0x5e004057) c8_vstart 0x00000000 e32 m1 l32 v0  ffffffff 0x00000000 00000000 00000000 00000000 00000000 00000000 00000000 00000000 00000000 00000000 00000000 00000000 00000000 00000000 00000000 00000000 00000000 00000000 00000000 00000000 00000000 00000000 00000000 00000000 00000000 00000000 00000000 00000000 00000000 00000000 00000000 00000000 
core   0: 0x800004b4 (0x14c000ef) jal     pc + 0x14c
core   0: 3 0x800004b4 (0x14c000ef) x1  0x800004b8
core   0: 0x80000600 (0x00410113) addi    x2, x2, 4
core   0: 3 0x80000600 (0x00410113) x2  0x7000001c
core   0: 0x80000604 (0xfe112e23) sw      x1, -4(x2)
core   0: 3 0x80000604 (0xfe112e23) mem 0x70000018 0x800004b8
core   0: 0x80000608 (0x020040d7) vadd.vx v1, v0, x0
core   0: 3 0x80000608 (0x020040d7) c8_vstart 0x00000000 e32 m1 l32 v1  ffffffff 0x00000000 00000000 00000000 00000000 00000000 00000000 00000000 00000000 00000000 00000000 00000000 00000000 00000000 00000000 00000000 00000000 00000000 00000000 00000000 00000000 00000000 00000000 00000000 00000000 00000000 00000000 00000000 00000000 00000000 00000000 00000000 00000000 
core   0: 0x8000060c (0x00200293) li      x5, 2
core   0: 3 0x8000060c (0x00200293) x5  0x00000002
core   0: 0x80000610 (0x5e02c057) vmv.v.x v0, x5
core   0: 3 0x80000610 (0x5e02c057) c8_vstart 0x00000000 e32 m1 l32 v0  ffffffff 0x00000002 00000002 00000002 00000002 00000002 00000002 00000002 00000002 00000002 00000002 00000002 00000002 00000002 00000002 00000002 00000002 00000002 00000002 00000002 00000002 00000002 00000002 00000002 00000002 00000002 00000002 00000002 00000002 00000002 00000002 00000002 00000002 
core   0: 0x80000614 (0x00000317) auipc   x6, 0x0
core   0: 3 0x80000614 (0x00000317) x6  0x80000614
core   0: 0x80000618 (0x0543305b) setrpc  x0, x6, 84
core   0: 3 0x80000618 (0x0543305b) c2060_rpc 0x80000668 current mask:	ffffffff current npc:	800006c8 stack size: 0
core   0: 0x8000061c (0x0410045b) vbeq    v1, v0, pc + 72
core   0: 3 0x8000061c (0x0410045b) c8_vstart 0x00000000 e32 m1 l32 current mask:	ffffffff current npc:	80000620 stack size: 0
core   0: 0x80000620 (0x0040006f) j       pc + 0x4
core   0: 3 0x80000620 (0x0040006f)
core   0: 0x80000624 (0x00100293) li      x5, 1
core   0: 3 0x80000624 (0x00100293) x5  0x00000001
core   0: 0x80000628 (0x5e02c057) vmv.v.x v0, x5
core   0: 3 0x80000628 (0x5e02c057) c8_vstart 0x00000000 e32 m1 l32 v0  ffffffff 0x00000001 00000001 00000001 00000001 00000001 00000001 00000001 00000001 00000001 00000001 00000001 00000001 00000001 00000001 00000001 00000001 00000001 00000001 00000001 00000001 00000001 00000001 00000001 00000001 00000001 00000001 00000001 00000001 00000001 00000001 00000001 00000001 
core   0: 0x8000062c (0x00000317) auipc   x6, 0x0
core   0: 3 0x8000062c (0x00000317) x6  0x8000062c
core   0: 0x80000630 (0x03c3305b) setrpc  x0, x6, 60
core   0: 3 0x80000630 (0x03c3305b) c2060_rpc 0x80000668 current mask:	ffffffff current npc:	80000620 stack size: 0
core   0: 0x80000634 (0x0210045b) vbeq    v1, v0, pc + 40
core   0: 3 0x80000634 (0x0210045b) c8_vstart 0x00000000 e32 m1 l32 current mask:	ffffffff current npc:	80000638 stack size: 0
core   0: 0x80000638 (0x0040006f) j       pc + 0x4
core   0: 3 0x80000638 (0x0040006f)
core   0: 0x8000063c (0x5e004157) vmv.v.x v2, x0
core   0: 3 0x8000063c (0x5e004157) c8_vstart 0x00000000 e32 m1 l32 v2  ffffffff 0x00000000 00000000 00000000 00000000 00000000 00000000 00000000 00000000 00000000 00000000 00000000 00000000 00000000 00000000 00000000 00000000 00000000 00000000 00000000 00000000 00000000 00000000 00000000 00000000 00000000 00000000 00000000 00000000 00000000 00000000 00000000 00000000 
core   0: 0x80000640 (0x5e004057) vmv.v.x v0, x0
core   0: 3 0x80000640 (0x5e004057) c8_vstart 0x00000000 e32 m1 l32 v0  ffffffff 0x00000000 00000000 00000000 00000000 00000000 00000000 00000000 00000000 00000000 00000000 00000000 00000000 00000000 00000000 00000000 00000000 00000000 00000000 00000000 00000000 00000000 00000000 00000000 00000000 00000000 00000000 00000000 00000000 00000000 00000000 00000000 00000000 
core   0: 0x80000644 (0x00000317) auipc   x6, 0x0
core   0: 3 0x80000644 (0x00000317) x6  0x80000644
core   0: 0x80000648 (0x0243305b) setrpc  x0, x6, 36
core   0: 3 0x80000648 (0x0243305b) c2060_rpc 0x80000668 current mask:	ffffffff current npc:	80000638 stack size: 0
core   0: 0x8000064c (0x00111e5b) vbne    v1, v2, pc + 28
core   0: 3 0x8000064c (0x00111e5b) c8_vstart 0x00000000 e32 m1 l32 current mask:	ffffffff current npc:	80000650 stack size: 0
core   0: 0x80000650 (0x0040006f) j       pc + 0x4
core   0: 3 0x80000650 (0x0040006f)
core   0: 0x80000654 (0x138000ef) jal     pc + 0x138
core   0: 3 0x80000654 (0x138000ef) x1  0x80000658
core   0: 0x8000078c (0x00410113) addi    x2, x2, 4
core   0: 3 0x8000078c (0x00410113) x2  0x70000020
core   0: 0x80000790 (0xfe112e23) sw      x1, -4(x2)
core   0: 3 0x80000790 (0xfe112e23) mem 0x7000001c 0x80000658
core   0: 0x80000794 (0x80302573) csrr    x10, knl
core   0: 3 0x80000794 (0x80302573) x10 0x90195000
core   0: 0x80000798 (0x00852283) lw      x5, 8(x10)
core   0: 3 0x80000798 (0x00852283) x5  0x00000001 mem 0x90195008
core   0: 0x8000079c (0x80002373) csrr    x6, tid
core   0: 3 0x8000079c (0x80002373) x6  0x00000000
core   0: 0x800007a0 (0x5208a157) vid.v   v2
core   0: 3 0x800007a0 (0x5208a157) c8_vstart 0x00000000 e32 m1 l32 v2  ffffffff 0x0000001f 0000001e 0000001d 0000001c 0000001b 0000001a 00000019 00000018 00000017 00000016 00000015 00000014 00000013 00000012 00000011 00000010 0000000f 0000000e 0000000d 0000000c 0000000b 0000000a 00000009 00000008 00000007 00000006 00000005 00000004 00000003 00000002 00000001 00000000 
core   0: 0x800007a4 (0x02234057) vadd.vx v0, v2, x6
core   0: 3 0x800007a4 (0x02234057) c8_vstart 0x00000000 e32 m1 l32 v0  ffffffff 0x0000001f 0000001e 0000001d 0000001c 0000001b 0000001a 00000019 00000018 00000017 00000016 00000015 00000014 00000013 00000012 00000011 00000010 0000000f 0000000e 0000000d 0000000c 0000000b 0000000a 00000009 00000008 00000007 00000006 00000005 00000004 00000003 00000002 00000001 00000000 
core   0: 0x800007a8 (0x01852e03) lw      x28, 24(x10)
core   0: 3 0x800007a8 (0x01852e03) x28 0x00000020 mem 0x90195018
core   0: 0x800007ac (0x8a0e6057) vremu.vx v0, v0, x28
core   0: 3 0x800007ac (0x8a0e6057) c8_vstart 0x00000000 e32 m1 l32 v0  ffffffff 0x0000001f 0000001e 0000001d 0000001c 0000001b 0000001a 00000019 00000018 00000017 00000016 00000015 00000014 00000013 00000012 00000011 00000010 0000000f 0000000e 0000000d 0000000c 0000000b 0000000a 00000009 00000008 00000007 00000006 00000005 00000004 00000003 00000002 00000001 00000000 
core   0: 0x800007b0 (0xffc12083) lw      x1, -4(x2)
core   0: 3 0x800007b0 (0xffc12083) x1  0x80000658 mem 0x7000001c
core   0: 0x800007b4 (0xffc10113) addi    x2, x2, -4
core   0: 3 0x800007b4 (0xffc10113) x2  0x7000001c
core   0: 0x800007b8 (0x00008067) ret
core   0: 3 0x800007b8 (0x00008067)
core   0: 0x80000658 (0x0100006f) j       pc + 0x10
core   0: 3 0x80000658 (0x0100006f)
core   0: 0x80000668 (0x0000205b) join    v0, v0, pc + 0
core   0: 3 0x80000668 (0x0000205b) current mask:	ffffffff current npc:	80000650 stack size: 0
core   0: 0x8000066c (0xffc12083) lw      x1, -4(x2)
core   0: 3 0x8000066c (0xffc12083) x1  0x800004b8 mem 0x70000018
core   0: 0x80000670 (0xffc10113) addi    x2, x2, -4
core   0: 3 0x80000670 (0xffc10113) x2  0x70000018
core   0: 0x80000674 (0x00008067) ret
core   0: 3 0x80000674 (0x00008067)
core   0: 0x800004b8 (0x0080200b) regext  x0, x0,  0 0 1 0 
core   0: 3 0x800004b8 (0x0080200b)
core   0: 0x800004bc (0x7fc0212b) vlw.v   v2, x0, -4
core   0: 3 0x800004bc (0x7fc0212b) e32 m1 l32 v2  ffffffff 0x00000007 00000007 00000007 00000007 00000007 00000007 00000007 00000007 00000007 00000007 00000007 00000007 00000007 00000007 00000007 00000007 00000007 00000007 00000007 00000007 00000007 00000007 00000007 00000007 00000007 00000007 00000007 00000007 00000007 00000007 00000007 00000007  c8_vstart 0x00000000 mem 0x90015000 mem 0x90015004 mem 0x90015008 mem 0x9001500c mem 0x90015010 mem 0x90015014 mem 0x90015018 mem 0x9001501c mem 0x90015020 mem 0x90015024 mem 0x90015028 mem 0x9001502c mem 0x90015030 mem 0x90015034 mem 0x90015038 mem 0x9001503c mem 0x90015040 mem 0x90015044 mem 0x90015048 mem 0x9001504c mem 0x90015050 mem 0x90015054 mem 0x90015058 mem 0x9001505c mem 0x90015060 mem 0x90015064 mem 0x90015068 mem 0x9001506c mem 0x90015070 mem 0x90015074 mem 0x90015078 mem 0x9001507c
core   0: 0x800004c0 (0xffc12283) lw      x5, -4(x2)
core   0: 3 0x800004c0 (0xffc12283) x5  0x0000000c mem 0x70000014
core   0: 0x800004c4 (0x5e02c0d7) vmv.v.x v1, x5
core   0: 3 0x800004c4 (0x5e02c0d7) c8_vstart 0x00000000 e32 m1 l32 v1  ffffffff 0x0000000c 0000000c 0000000c 0000000c 0000000c 0000000c 0000000c 0000000c 0000000c 0000000c 0000000c 0000000c 0000000c 0000000c 0000000c 0000000c 0000000c 0000000c 0000000c 0000000c 0000000c 0000000c 0000000c 0000000c 0000000c 0000000c 0000000c 0000000c 0000000c 0000000c 0000000c 0000000c 
core   0: 0x800004c8 (0x00000317) auipc   x6, 0x0
core   0: 3 0x800004c8 (0x00000317) x6  0x800004c8
core   0: 0x800004cc (0x11c3305b) setrpc  x0, x6, 284
core   0: 3 0x800004cc (0x11c3305b) c2060_rpc 0x800005e4 current mask:	ffffffff current npc:	80000650 stack size: 0
core   0: 0x800004d0 (0x1020da5b) vbge    v2, v1, pc + 276
core   0: 3 0x800004d0 (0x1020da5b) c8_vstart 0x00000000 e32 m1 l32 current mask:	ffffffff current npc:	800004d4 stack size: 0
core   0: 0x800004d4 (0x0040006f) j       pc + 0x4
core   0: 3 0x800004d4 (0x0040006f)
core   0: 0x800004d8 (0xff012283) lw      x5, -16(x2)
core   0: 3 0x800004d8 (0xff012283) x5  0x00000000 mem 0x70000008
core   0: 0x800004dc (0x0222c4d7) vadd.vx v9, v2, x5
core   0: 3 0x800004dc (0x0222c4d7) c8_vstart 0x00000000 e32 m1 l32 v9  ffffffff 0x00000007 00000007 00000007 00000007 00000007 00000007 00000007 00000007 00000007 00000007 00000007 00000007 00000007 00000007 00000007 00000007 00000007 00000007 00000007 00000007 00000007 00000007 00000007 00000007 00000007 00000007 00000007 00000007 00000007 00000007 00000007 00000007 
core   0: 0x800004e0 (0x5e0040d7) vmv.v.x v1, x0
core   0: 3 0x800004e0 (0x5e0040d7) c8_vstart 0x00000000 e32 m1 l32 v1  ffffffff 0x00000000 00000000 00000000 00000000 00000000 00000000 00000000 00000000 00000000 00000000 00000000 00000000 00000000 00000000 00000000 00000000 00000000 00000000 00000000 00000000 00000000 00000000 00000000 00000000 00000000 00000000 00000000 00000000 00000000 00000000 00000000 00000000 
core   0: 0x800004e4 (0xff412283) lw      x5, -12(x2)
core   0: 3 0x800004e4 (0xff412283) x5  0x00000001 mem 0x7000000c
core   0: 0x800004e8 (0x02504263) blt     x0, x5, pc + 36
core   0: 3 0x800004e8 (0x02504263)
core   0: 0x8000050c (0x9692e0d7) vmul.vx v1, v9, x5
core   0: 3 0x8000050c (0x9692e0d7) c8_vstart 0x00000000 e32 m1 l32 v1  ffffffff 0x00000007 00000007 00000007 00000007 00000007 00000007 00000007 00000007 00000007 00000007 00000007 00000007 00000007 00000007 00000007 00000007 00000007 00000007 00000007 00000007 00000007 00000007 00000007 00000007 00000007 00000007 00000007 00000007 00000007 00000007 00000007 00000007 
core   0: 0x80000510 (0x961530d7) vsll.vi v1, v1, 10
core   0: 3 0x80000510 (0x961530d7) c8_vstart 0x00000000 e32 m1 l32 v1  ffffffff 0x00001c00 00001c00 00001c00 00001c00 00001c00 00001c00 00001c00 00001c00 00001c00 00001c00 00001c00 00001c00 00001c00 00001c00 00001c00 00001c00 00001c00 00001c00 00001c00 00001c00 00001c00 00001c00 00001c00 00001c00 00001c00 00001c00 00001c00 00001c00 00001c00 00001c00 00001c00 00001c00 
core   0: 0x80000514 (0x9602b157) vsll.vi v2, v0, 5
core   0: 3 0x80000514 (0x9602b157) c8_vstart 0x00000000 e32 m1 l32 v2  ffffffff 0x000003e0 000003c0 000003a0 00000380 00000360 00000340 00000320 00000300 000002e0 000002c0 000002a0 00000280 00000260 00000240 00000220 00000200 000001e0 000001c0 000001a0 00000180 00000160 00000140 00000120 00000100 000000e0 000000c0 000000a0 00000080 00000060 00000040 00000020 00000000 
core   0: 0x80000518 (0x021100d7) vadd.vv v1, v1, v2
core   0: 3 0x80000518 (0x021100d7) c8_vstart 0x00000000 e32 m1 l32 v1  ffffffff 0x00001fe0 00001fc0 00001fa0 00001f80 00001f60 00001f40 00001f20 00001f00 00001ee0 00001ec0 00001ea0 00001e80 00001e60 00001e40 00001e20 00001e00 00001de0 00001dc0 00001da0 00001d80 00001d60 00001d40 00001d20 00001d00 00001ce0 00001cc0 00001ca0 00001c80 00001c60 00001c40 00001c20 00001c00 
core   0: 0x8000051c (0xfec12303) lw      x6, -20(x2)
core   0: 3 0x8000051c (0xfec12303) x6  0x9000e000 mem 0x70000004
core   0: 0x80000520 (0x02134557) vadd.vx v10, v1, x6
core   0: 3 0x80000520 (0x02134557) c8_vstart 0x00000000 e32 m1 l32 v10 ffffffff 0x9000ffe0 9000ffc0 9000ffa0 9000ff80 9000ff60 9000ff40 9000ff20 9000ff00 9000fee0 9000fec0 9000fea0 9000fe80 9000fe60 9000fe40 9000fe20 9000fe00 9000fde0 9000fdc0 9000fda0 9000fd80 9000fd60 9000fd40 9000fd20 9000fd00 9000fce0 9000fcc0 9000fca0 9000fc80 9000fc60 9000fc40 9000fc20 9000fc00 
core   0: 0x80000524 (0x5e0040d7) vmv.v.x v1, x0
core   0: 3 0x80000524 (0x5e0040d7) c8_vstart 0x00000000 e32 m1 l32 v1  ffffffff 0x00000000 00000000 00000000 00000000 00000000 00000000 00000000 00000000 00000000 00000000 00000000 00000000 00000000 00000000 00000000 00000000 00000000 00000000 00000000 00000000 00000000 00000000 00000000 00000000 00000000 00000000 00000000 00000000 00000000 00000000 00000000 00000000 
core   0: 0x80000528 (0x02104157) vadd.vx v2, v1, x0
core   0: 3 0x80000528 (0x02104157) c8_vstart 0x00000000 e32 m1 l32 v2  ffffffff 0x00000000 00000000 00000000 00000000 00000000 00000000 00000000 00000000 00000000 00000000 00000000 00000000 00000000 00000000 00000000 00000000 00000000 00000000 00000000 00000000 00000000 00000000 00000000 00000000 00000000 00000000 00000000 00000000 00000000 00000000 00000000 00000000 
core   0: 0x8000052c (0x021041d7) vadd.vx v3, v1, x0
core   0: 3 0x8000052c (0x021041d7) c8_vstart 0x00000000 e32 m1 l32 v3  ffffffff 0x00000000 00000000 00000000 00000000 00000000 00000000 00000000 00000000 00000000 00000000 00000000 00000000 00000000 00000000 00000000 00000000 00000000 00000000 00000000 00000000 00000000 00000000 00000000 00000000 00000000 00000000 00000000 00000000 00000000 00000000 00000000 00000000 
core   0: 0x80000530 (0x02104257) vadd.vx v4, v1, x0
core   0: 3 0x80000530 (0x02104257) c8_vstart 0x00000000 e32 m1 l32 v4  ffffffff 0x00000000 00000000 00000000 00000000 00000000 00000000 00000000 00000000 00000000 00000000 00000000 00000000 00000000 00000000 00000000 00000000 00000000 00000000 00000000 00000000 00000000 00000000 00000000 00000000 00000000 00000000 00000000 00000000 00000000 00000000 00000000 00000000 
core   0: 0x80000534 (0x021042d7) vadd.vx v5, v1, x0
core   0: 3 0x80000534 (0x021042d7) c8_vstart 0x00000000 e32 m1 l32 v5  ffffffff 0x00000000 00000000 00000000 00000000 00000000 00000000 00000000 00000000 00000000 00000000 00000000 00000000 00000000 00000000 00000000 00000000 00000000 00000000 00000000 00000000 00000000 00000000 00000000 00000000 00000000 00000000 00000000 00000000 00000000 00000000 00000000 00000000 
core   0: 0x80000538 (0x02104357) vadd.vx v6, v1, x0
core   0: 3 0x80000538 (0x02104357) c8_vstart 0x00000000 e32 m1 l32 v6  ffffffff 0x00000000 00000000 00000000 00000000 00000000 00000000 00000000 00000000 00000000 00000000 00000000 00000000 00000000 00000000 00000000 00000000 00000000 00000000 00000000 00000000 00000000 00000000 00000000 00000000 00000000 00000000 00000000 00000000 00000000 00000000 00000000 00000000 
core   0: 0x8000053c (0x021043d7) vadd.vx v7, v1, x0
core   0: 3 0x8000053c (0x021043d7) c8_vstart 0x00000000 e32 m1 l32 v7  ffffffff 0x00000000 00000000 00000000 00000000 00000000 00000000 00000000 00000000 00000000 00000000 00000000 00000000 00000000 00000000 00000000 00000000 00000000 00000000 00000000 00000000 00000000 00000000 00000000 00000000 00000000 00000000 00000000 00000000 00000000 00000000 00000000 00000000 
core   0: 0x80000540 (0x02104457) vadd.vx v8, v1, x0
core   0: 3 0x80000540 (0x02104457) c8_vstart 0x00000000 e32 m1 l32 v8  ffffffff 0x00000000 00000000 00000000 00000000 00000000 00000000 00000000 00000000 00000000 00000000 00000000 00000000 00000000 00000000 00000000 00000000 00000000 00000000 00000000 00000000 00000000 00000000 00000000 00000000 00000000 00000000 00000000 00000000 00000000 00000000 00000000 00000000 
core   0: 0x80000544 (0x5e02c5d7) vmv.v.x v11, x5
core   0: 3 0x80000544 (0x5e02c5d7) c8_vstart 0x00000000 e32 m1 l32 v11 ffffffff 0x00000001 00000001 00000001 00000001 00000001 00000001 00000001 00000001 00000001 00000001 00000001 00000001 00000001 00000001 00000001 00000001 00000001 00000001 00000001 00000001 00000001 00000001 00000001 00000001 00000001 00000001 00000001 00000001 00000001 00000001 00000001 00000001 
core   0: 0x80000548 (0x5e004a57) vmv.v.x v20, x0
core   0: 3 0x80000548 (0x5e004a57) c8_vstart 0x00000000 e32 m1 l32 v20 ffffffff 0x00000000 00000000 00000000 00000000 00000000 00000000 00000000 00000000 00000000 00000000 00000000 00000000 00000000 00000000 00000000 00000000 00000000 00000000 00000000 00000000 00000000 00000000 00000000 00000000 00000000 00000000 00000000 00000000 00000000 00000000 00000000 00000000 
core   0: 0x8000054c (0x0400006f) j       pc + 0x40
core   0: 3 0x8000054c (0x0400006f)
core   0: 0x8000058c (0x01c529fb) vlw12.v v19, v10, 28
core   0: 3 0x8000058c (0x01c529fb) e32 m1 l32 v19 ffffffff 0x00000000 00000000 00000000 00000000 00000000 00000000 00000000 00000000 00000000 00000000 00000000 00000000 00000000 00000000 00000000 00000000 00000000 00000000 00000000 00000000 00000000 00000000 00000000 00000000 00000000 00000000 00000000 00000000 00000000 00000000 00000000 00000000  c8_vstart 0x00000000 mem 0x9000fc1c mem 0x9000fc3c mem 0x9000fc5c mem 0x9000fc7c mem 0x9000fc9c mem 0x9000fcbc mem 0x9000fcdc mem 0x9000fcfc mem 0x9000fd1c mem 0x9000fd3c mem 0x9000fd5c mem 0x9000fd7c mem 0x9000fd9c mem 0x9000fdbc mem 0x9000fddc mem 0x9000fdfc mem 0x9000fe1c mem 0x9000fe3c mem 0x9000fe5c mem 0x9000fe7c mem 0x9000fe9c mem 0x9000febc mem 0x9000fedc mem 0x9000fefc mem 0x9000ff1c mem 0x9000ff3c mem 0x9000ff5c mem 0x9000ff7c mem 0x9000ff9c mem 0x9000ffbc mem 0x9000ffdc mem 0x9000fffc
core   0: 0x80000590 (0x0185297b) vlw12.v v18, v10, 24
core   0: 3 0x80000590 (0x0185297b) e32 m1 l32 v18 ffffffff 0x00000000 00000000 00000000 00000000 00000000 00000000 00000000 00000000 00000000 00000000 00000000 00000000 00000000 00000000 00000000 00000000 00000000 00000000 00000000 00000000 00000000 00000000 00000000 00000000 00000000 00000000 00000000 00000000 00000000 00000000 00000000 00000000  c8_vstart 0x00000000 mem 0x9000fc18 mem 0x9000fc38 mem 0x9000fc58 mem 0x9000fc78 mem 0x9000fc98 mem 0x9000fcb8 mem 0x9000fcd8 mem 0x9000fcf8 mem 0x9000fd18 mem 0x9000fd38 mem 0x9000fd58 mem 0x9000fd78 mem 0x9000fd98 mem 0x9000fdb8 mem 0x9000fdd8 mem 0x9000fdf8 mem 0x9000fe18 mem 0x9000fe38 mem 0x9000fe58 mem 0x9000fe78 mem 0x9000fe98 mem 0x9000feb8 mem 0x9000fed8 mem 0x9000fef8 mem 0x9000ff18 mem 0x9000ff38 mem 0x9000ff58 mem 0x9000ff78 mem 0x9000ff98 mem 0x9000ffb8 mem 0x9000ffd8 mem 0x9000fff8
core   0: 0x80000594 (0x014528fb) vlw12.v v17, v10, 20
core   0: 3 0x80000594 (0x014528fb) e32 m1 l32 v17 ffffffff 0x00000000 00000000 00000000 00000000 00000000 00000000 00000000 00000000 00000000 00000000 00000000 00000000 00000000 00000000 00000000 00000000 00000000 00000000 00000000 00000000 00000000 00000000 00000000 00000000 00000000 00000000 00000000 00000000 00000000 00000000 00000000 00000000  c8_vstart 0x00000000 mem 0x9000fc14 mem 0x9000fc34 mem 0x9000fc54 mem 0x9000fc74 mem 0x9000fc94 mem 0x9000fcb4 mem 0x9000fcd4 mem 0x9000fcf4 mem 0x9000fd14 mem 0x9000fd34 mem 0x9000fd54 mem 0x9000fd74 mem 0x9000fd94 mem 0x9000fdb4 mem 0x9000fdd4 mem 0x9000fdf4 mem 0x9000fe14 mem 0x9000fe34 mem 0x9000fe54 mem 0x9000fe74 mem 0x9000fe94 mem 0x9000feb4 mem 0x9000fed4 mem 0x9000fef4 mem 0x9000ff14 mem 0x9000ff34 mem 0x9000ff54 mem 0x9000ff74 mem 0x9000ff94 mem 0x9000ffb4 mem 0x9000ffd4 mem 0x9000fff4
core   0: 0x80000598 (0x0105287b) vlw12.v v16, v10, 16
core   0: 3 0x80000598 (0x0105287b) e32 m1 l32 v16 ffffffff 0x00000000 00000000 00000000 00000000 00000000 00000000 00000000 00000000 00000000 00000000 00000000 00000000 00000000 00000000 00000000 00000000 00000000 00000000 00000000 00000000 00000000 00000000 00000000 00000000 00000000 00000000 00000000 00000000 00000000 00000000 00000000 00000000  c8_vstart 0x00000000 mem 0x9000fc10 mem 0x9000fc30 mem 0x9000fc50 mem 0x9000fc70 mem 0x9000fc90 mem 0x9000fcb0 mem 0x9000fcd0 mem 0x9000fcf0 mem 0x9000fd10 mem 0x9000fd30 mem 0x9000fd50 mem 0x9000fd70 mem 0x9000fd90 mem 0x9000fdb0 mem 0x9000fdd0 mem 0x9000fdf0 mem 0x9000fe10 mem 0x9000fe30 mem 0x9000fe50 mem 0x9000fe70 mem 0x9000fe90 mem 0x9000feb0 mem 0x9000fed0 mem 0x9000fef0 mem 0x9000ff10 mem 0x9000ff30 mem 0x9000ff50 mem 0x9000ff70 mem 0x9000ff90 mem 0x9000ffb0 mem 0x9000ffd0 mem 0x9000fff0
core   0: 0x8000059c (0x00c527fb) vlw12.v v15, v10, 12
core   0: 3 0x8000059c (0x00c527fb) e32 m1 l32 v15 ffffffff 0xbd078a51 bd95698a bdbdc226 bd507b1c 3c8ea16b be1340bf bc9d6674 3e796d1b 3d25443a 3e0a4cf3 3e02280a 3b6cde98 3d6163ca 3c5c1dcf bd4c16df bdc1fe48 be2f57cb 3aad9d18 3e673436 bddd147c 3d867742 3c3b8e34 bc19981d 3cc3b4dc be0a9189 3ddb9e53 be51adbe bd4dc525 3d39c1f9 3e1d56c4 bd6dbeae 3c154b6c  c8_vstart 0x00000000 mem 0x9000fc0c mem 0x9000fc2c mem 0x9000fc4c mem 0x9000fc6c mem 0x9000fc8c mem 0x9000fcac mem 0x9000fccc mem 0x9000fcec mem 0x9000fd0c mem 0x9000fd2c mem 0x9000fd4c mem 0x9000fd6c mem 0x9000fd8c mem 0x9000fdac mem 0x9000fdcc mem 0x9000fdec mem 0x9000fe0c mem 0x9000fe2c mem 0x9000fe4c mem 0x9000fe6c mem 0x9000fe8c mem 0x9000feac mem 0x9000fecc mem 0x9000feec mem 0x9000ff0c mem 0x9000ff2c mem 0x9000ff4c mem 0x9000ff6c mem 0x9000ff8c mem 0x9000ffac mem 0x9000ffcc mem 0x9000ffec
core   0: 0x800005a0 (0x0085277b) vlw12.v v14, v10, 8
core   0: 3 0x800005a0 (0x0085277b) e32 m1 l32 v14 ffffffff 0xbc9ddb21 3bb71ff0 bdf44af2 bd72b0c9 3e20a901 3dbaeebd bd1e66fb 3e44f501 3da26862 3ce3843d bd03ceff 3c5f2772 bd648255 bdf8c6b5 be1977a2 be7acd24 3d4e639f 3e0ac48d bd9e96b8 bd282436 3e017f08 bdf01f4d be39ca37 3de7d6a3 3df9558a be113356 bc19b2a2 3de5e35c 3ddb0735 be5744c9 bd36eb18 bdfc358a  c8_vstart 0x00000000 mem 0x9000fc08 mem 0x9000fc28 mem 0x9000fc48 mem 0x9000fc68 mem 0x9000fc88 mem 0x9000fca8 mem 0x9000fcc8 mem 0x9000fce8 mem 0x9000fd08 mem 0x9000fd28 mem 0x9000fd48 mem 0x9000fd68 mem 0x9000fd88 mem 0x9000fda8 mem 0x9000fdc8 mem 0x9000fde8 mem 0x9000fe08 mem 0x9000fe28 mem 0x9000fe48 mem 0x9000fe68 mem 0x9000fe88 mem 0x9000fea8 mem 0x9000fec8 mem 0x9000fee8 mem 0x9000ff08 mem 0x9000ff28 mem 0x9000ff48 mem 0x9000ff68 mem 0x9000ff88 mem 0x9000ffa8 mem 0x9000ffc8 mem 0x9000ffe8
core   0: 0x800005a4 (0x004526fb) vlw12.v v13, v10, 4
core   0: 3 0x800005a4 (0x004526fb) e32 m1 l32 v13 ffffffff 0x3e8cb966 3e33d0fa bdc19940 bc528db1 bdbc1563 3dcea2ab be177a8b bd1289fb 3d90cf2e bd90dffc bd64a55f 3dcecc13 bd587d65 be0250f7 3d4fa378 3e1ca586 3dab104a 3cac427a 3e12fefa be2c3078 be2b4b27 3cee613a 3b253860 3c909bb1 be4163b1 bd5d8338 3d60a628 3db05edf bdc5a4cf bd9ef01c bdec64e4 3e3a6fbc  c8_vstart 0x00000000 mem 0x9000fc04 mem 0x9000fc24 mem 0x9000fc44 mem 0x9000fc64 mem 0x9000fc84 mem 0x9000fca4 mem 0x9000fcc4 mem 0x9000fce4 mem 0x9000fd04 mem 0x9000fd24 mem 0x9000fd44 mem 0x9000fd64 mem 0x9000fd84 mem 0x9000fda4 mem 0x9000fdc4 mem 0x9000fde4 mem 0x9000fe04 mem 0x9000fe24 mem 0x9000fe44 mem 0x9000fe64 mem 0x9000fe84 mem 0x9000fea4 mem 0x9000fec4 mem 0x9000fee4 mem 0x9000ff04 mem 0x9000ff24 mem 0x9000ff44 mem 0x9000ff64 mem 0x9000ff84 mem 0x9000ffa4 mem 0x9000ffc4 mem 0x9000ffe4
core   0: 0x800005a8 (0x0005267b) vlw12.v v12, v10, 0
core   0: 3 0x800005a8 (0x0005267b) e32 m1 l32 v12 ffffffff 0x3e0f5fde bdf773f8 3d7a4597 3e7caf77 be52a0b8 bd362a7e 3e09d112 3be66a68 3e78e58e be188e5e bce11f18 be04c3b5 3c18f81e 3cc9e530 3e866e48 3de1ca9c 3e1adc61 bdc057d6 be18d5ea bd67645e 3dcc57c3 3d7cc4b6 3e0bbe69 3e15849c 3e1d9d6f be162abd 3d4c1ab2 3d1fe4e3 bda3e283 3daa8386 bd48fa7c bdbdaac6  c8_vstart 0x00000000 mem 0x9000fc00 mem 0x9000fc20 mem 0x9000fc40 mem 0x9000fc60 mem 0x9000fc80 mem 0x9000fca0 mem 0x9000fcc0 mem 0x9000fce0 mem 0x9000fd00 mem 0x9000fd20 mem 0x9000fd40 mem 0x9000fd60 mem 0x9000fd80 mem 0x9000fda0 mem 0x9000fdc0 mem 0x9000fde0 mem 0x9000fe00 mem 0x9000fe20 mem 0x9000fe40 mem 0x9000fe60 mem 0x9000fe80 mem 0x9000fea0 mem 0x9000fec0 mem 0x9000fee0 mem 0x9000ff00 mem 0x9000ff20 mem 0x9000ff40 mem 0x9000ff60 mem 0x9000ff80 mem 0x9000ffa0 mem 0x9000ffc0 mem 0x9000ffe0
core   0: 0x800005ac (0x02899457) vfadd.vv v8, v8, v19
core   0: 3 0x800005ac (0x02899457) c8_vstart 0x00000000 e32 m1 l32 v8  ffffffff 0x00000000 00000000 00000000 00000000 00000000 00000000 00000000 00000000 00000000 00000000 00000000 00000000 00000000 00000000 00000000 00000000 00000000 00000000 00000000 00000000 00000000 00000000 00000000 00000000 00000000 00000000 00000000 00000000 00000000 00000000 00000000 00000000 
core   0: 0x800005b0 (0x027913d7) vfadd.vv v7, v7, v18
core   0: 3 0x800005b0 (0x027913d7) c8_vstart 0x00000000 e32 m1 l32 v7  ffffffff 0x00000000 00000000 00000000 00000000 00000000 00000000 00000000 00000000 00000000 00000000 00000000 00000000 00000000 00000000 00000000 00000000 00000000 00000000 00000000 00000000 00000000 00000000 00000000 00000000 00000000 00000000 00000000 00000000 00000000 00000000 00000000 00000000 
core   0: 0x800005b4 (0x02689357) vfadd.vv v6, v6, v17
core   0: 3 0x800005b4 (0x02689357) c8_vstart 0x00000000 e32 m1 l32 v6  ffffffff 0x00000000 00000000 00000000 00000000 00000000 00000000 00000000 00000000 00000000 00000000 00000000 00000000 00000000 00000000 00000000 00000000 00000000 00000000 00000000 00000000 00000000 00000000 00000000 00000000 00000000 00000000 00000000 00000000 00000000 00000000 00000000 00000000 
core   0: 0x800005b8 (0x025812d7) vfadd.vv v5, v5, v16
core   0: 3 0x800005b8 (0x025812d7) c8_vstart 0x00000000 e32 m1 l32 v5  ffffffff 0x00000000 00000000 00000000 00000000 00000000 00000000 00000000 00000000 00000000 00000000 00000000 00000000 00000000 00000000 00000000 00000000 00000000 00000000 00000000 00000000 00000000 00000000 00000000 00000000 00000000 00000000 00000000 00000000 00000000 00000000 00000000 00000000 
core   0: 0x800005bc (0x02479257) vfadd.vv v4, v4, v15
core   0: 3 0x800005bc (0x02479257) c8_vstart 0x00000000 e32 m1 l32 v4  ffffffff 0xbd078a51 bd95698a bdbdc226 bd507b1c 3c8ea16b be1340bf bc9d6674 3e796d1b 3d25443a 3e0a4cf3 3e02280a 3b6cde98 3d6163ca 3c5c1dcf bd4c16df bdc1fe48 be2f57cb 3aad9d18 3e673436 bddd147c 3d867742 3c3b8e34 bc19981d 3cc3b4dc be0a9189 3ddb9e53 be51adbe bd4dc525 3d39c1f9 3e1d56c4 bd6dbeae 3c154b6c 
core   0: 0x800005c0 (0x023711d7) vfadd.vv v3, v3, v14
core   0: 3 0x800005c0 (0x023711d7) c8_vstart 0x00000000 e32 m1 l32 v3  ffffffff 0xbc9ddb21 3bb71ff0 bdf44af2 bd72b0c9 3e20a901 3dbaeebd bd1e66fb 3e44f501 3da26862 3ce3843d bd03ceff 3c5f2772 bd648255 bdf8c6b5 be1977a2 be7acd24 3d4e639f 3e0ac48d bd9e96b8 bd282436 3e017f08 bdf01f4d be39ca37 3de7d6a3 3df9558a be113356 bc19b2a2 3de5e35c 3ddb0735 be5744c9 bd36eb18 bdfc358a 
core   0: 0x800005c4 (0x02269157) vfadd.vv v2, v2, v13
core   0: 3 0x800005c4 (0x02269157) c8_vstart 0x00000000 e32 m1 l32 v2  ffffffff 0x3e8cb966 3e33d0fa bdc19940 bc528db1 bdbc1563 3dcea2ab be177a8b bd1289fb 3d90cf2e bd90dffc bd64a55f 3dcecc13 bd587d65 be0250f7 3d4fa378 3e1ca586 3dab104a 3cac427a 3e12fefa be2c3078 be2b4b27 3cee613a 3b253860 3c909bb1 be4163b1 bd5d8338 3d60a628 3db05edf bdc5a4cf bd9ef01c bdec64e4 3e3a6fbc 
core   0: 0x800005c8 (0x021610d7) vfadd.vv v1, v1, v12
core   0: 3 0x800005c8 (0x021610d7) c8_vstart 0x00000000 e32 m1 l32 v1  ffffffff 0x3e0f5fde bdf773f8 3d7a4597 3e7caf77 be52a0b8 bd362a7e 3e09d112 3be66a68 3e78e58e be188e5e bce11f18 be04c3b5 3c18f81e 3cc9e530 3e866e48 3de1ca9c 3e1adc61 bdc057d6 be18d5ea bd67645e 3dcc57c3 3d7cc4b6 3e0bbe69 3e15849c 3e1d9d6f be162abd 3d4c1ab2 3d1fe4e3 bda3e283 3daa8386 bd48fa7c bdbdaac6 
core   0: 0x800005cc (0x0015958b) vsub12.vi v11, v11, 1
core   0: 3 0x800005cc (0x0015958b) c8_vstart 0x00000000 e32 m1 l32 v11 ffffffff 0x00000000 00000000 00000000 00000000 00000000 00000000 00000000 00000000 00000000 00000000 00000000 00000000 00000000 00000000 00000000 00000000 00000000 00000000 00000000 00000000 00000000 00000000 00000000 00000000 00000000 00000000 00000000 00000000 00000000 00000000 00000000 00000000 
core   0: 0x800005d0 (0x4005050b) vadd12.vi v10, v10, 1024
core   0: 3 0x800005d0 (0x4005050b) c8_vstart 0x00000000 e32 m1 l32 v10 ffffffff 0x900103e0 900103c0 900103a0 90010380 90010360 90010340 90010320 90010300 900102e0 900102c0 900102a0 90010280 90010260 90010240 90010220 90010200 900101e0 900101c0 900101a0 90010180 90010160 90010140 90010120 90010100 900100e0 900100c0 900100a0 90010080 90010060 90010040 90010020 90010000 
core   0: 0x800005d4 (0x00000317) auipc   x6, 0x0
core   0: 3 0x800005d4 (0x00000317) x6  0x800005d4
core   0: 0x800005d8 (0xf7c3305b) setrpc  x0, x6, -132
core   0: 3 0x800005d8 (0xf7c3305b) c2060_rpc 0x80000550 current mask:	ffffffff current npc:	800004d4 stack size: 0
core   0: 0x800005dc (0xf6ba0adb) vbeq    v11, v20, pc - 140
core   0: 3 0x800005dc (0xf6ba0adb) c8_vstart 0x00000000 e32 m1 l32 current mask:	ffffffff current npc:	80000550 stack size: 0
core   0: 0x80000550 (0x0000205b) join    v0, v0, pc + 0
core   0: 3 0x80000550 (0x0000205b) current mask:	ffffffff current npc:	80000550 stack size: 0
core   0: 0x80000554 (0x9692b4d7) vsll.vi v9, v9, 5
core   0: 3 0x80000554 (0x9692b4d7) c8_vstart 0x00000000 e32 m1 l32 v9  ffffffff 0x000000e0 000000e0 000000e0 000000e0 000000e0 000000e0 000000e0 000000e0 000000e0 000000e0 000000e0 000000e0 000000e0 000000e0 000000e0 000000e0 000000e0 000000e0 000000e0 000000e0 000000e0 000000e0 000000e0 000000e0 000000e0 000000e0 000000e0 000000e0 000000e0 000000e0 000000e0 000000e0 
core   0: 0x80000558 (0x02900057) vadd.vv v0, v9, v0
core   0: 3 0x80000558 (0x02900057) c8_vstart 0x00000000 e32 m1 l32 v0  ffffffff 0x000000ff 000000fe 000000fd 000000fc 000000fb 000000fa 000000f9 000000f8 000000f7 000000f6 000000f5 000000f4 000000f3 000000f2 000000f1 000000f0 000000ef 000000ee 000000ed 000000ec 000000eb 000000ea 000000e9 000000e8 000000e7 000000e6 000000e5 000000e4 000000e3 000000e2 000000e1 000000e0 
core   0: 0x8000055c (0x9602b057) vsll.vi v0, v0, 5
core   0: 3 0x8000055c (0x9602b057) c8_vstart 0x00000000 e32 m1 l32 v0  ffffffff 0x00001fe0 00001fc0 00001fa0 00001f80 00001f60 00001f40 00001f20 00001f00 00001ee0 00001ec0 00001ea0 00001e80 00001e60 00001e40 00001e20 00001e00 00001de0 00001dc0 00001da0 00001d80 00001d60 00001d40 00001d20 00001d00 00001ce0 00001cc0 00001ca0 00001c80 00001c60 00001c40 00001c20 00001c00 
core   0: 0x80000560 (0xff812283) lw      x5, -8(x2)
core   0: 3 0x80000560 (0xff812283) x5  0x90011000 mem 0x70000010
core   0: 0x80000564 (0x0202c057) vadd.vx v0, v0, x5
core   0: 3 0x80000564 (0x0202c057) c8_vstart 0x00000000 e32 m1 l32 v0  ffffffff 0x90012fe0 90012fc0 90012fa0 90012f80 90012f60 90012f40 90012f20 90012f00 90012ee0 90012ec0 90012ea0 90012e80 90012e60 90012e40 90012e20 90012e00 90012de0 90012dc0 90012da0 90012d80 90012d60 90012d40 90012d20 90012d00 90012ce0 90012cc0 90012ca0 90012c80 90012c60 90012c40 90012c20 90012c00 
core   0: 0x80000568 (0x00806e7b) vsw12.v v8, v0, 28
core   0: 3 0x80000568 (0x00806e7b) c8_vstart 0x00000000 e32 m1 l32 mem 0x90012c1c 0x00000000 mem 0x90012c3c 0x00000000 mem 0x90012c5c 0x00000000 mem 0x90012c7c 0x00000000 mem 0x90012c9c 0x00000000 mem 0x90012cbc 0x00000000 mem 0x90012cdc 0x00000000 mem 0x90012cfc 0x00000000 mem 0x90012d1c 0x00000000 mem 0x90012d3c 0x00000000 mem 0x90012d5c 0x00000000 mem 0x90012d7c 0x00000000 mem 0x90012d9c 0x00000000 mem 0x90012dbc 0x00000000 mem 0x90012ddc 0x00000000 mem 0x90012dfc 0x00000000 mem 0x90012e1c 0x00000000 mem 0x90012e3c 0x00000000 mem 0x90012e5c 0x00000000 mem 0x90012e7c 0x00000000 mem 0x90012e9c 0x00000000 mem 0x90012ebc 0x00000000 mem 0x90012edc 0x00000000 mem 0x90012efc 0x00000000 mem 0x90012f1c 0x00000000 mem 0x90012f3c 0x00000000 mem 0x90012f5c 0x00000000 mem 0x90012f7c 0x00000000 mem 0x90012f9c 0x00000000 mem 0x90012fbc 0x00000000 mem 0x90012fdc 0x00000000 mem 0x90012ffc 0x00000000
core   0: 0x8000056c (0x00706c7b) vsw12.v v7, v0, 24
core   0: 3 0x8000056c (0x00706c7b) c8_vstart 0x00000000 e32 m1 l32 mem 0x90012c18 0x00000000 mem 0x90012c38 0x00000000 mem 0x90012c58 0x00000000 mem 0x90012c78 0x00000000 mem 0x90012c98 0x00000000 mem 0x90012cb8 0x00000000 mem 0x90012cd8 0x00000000 mem 0x90012cf8 0x00000000 mem 0x90012d18 0x00000000 mem 0x90012d38 0x00000000 mem 0x90012d58 0x00000000 mem 0x90012d78 0x00000000 mem 0x90012d98 0x00000000 mem 0x90012db8 0x00000000 mem 0x90012dd8 0x00000000 mem 0x90012df8 0x00000000 mem 0x90012e18 0x00000000 mem 0x90012e38 0x00000000 mem 0x90012e58 0x00000000 mem 0x90012e78 0x00000000 mem 0x90012e98 0x00000000 mem 0x90012eb8 0x00000000 mem 0x90012ed8 0x00000000 mem 0x90012ef8 0x00000000 mem 0x90012f18 0x00000000 mem 0x90012f38 0x00000000 mem 0x90012f58 0x00000000 mem 0x90012f78 0x00000000 mem 0x90012f98 0x00000000 mem 0x90012fb8 0x00000000 mem 0x90012fd8 0x00000000 mem 0x90012ff8 0x00000000
core   0: 0x80000570 (0x00606a7b) vsw12.v v6, v0, 20
core   0: 3 0x80000570 (0x00606a7b) c8_vstart 0x00000000 e32 m1 l32 mem 0x90012c14 0x00000000 mem 0x90012c34 0x00000000 mem 0x90012c54 0x00000000 mem 0x90012c74 0x00000000 mem 0x90012c94 0x00000000 mem 0x90012cb4 0x00000000 mem 0x90012cd4 0x00000000 mem 0x90012cf4 0x00000000 mem 0x90012d14 0x00000000 mem 0x90012d34 0x00000000 mem 0x90012d54 0x00000000 mem 0x90012d74 0x00000000 mem 0x90012d94 0x00000000 mem 0x90012db4 0x00000000 mem 0x90012dd4 0x00000000 mem 0x90012df4 0x00000000 mem 0x90012e14 0x00000000 mem 0x90012e34 0x00000000 mem 0x90012e54 0x00000000 mem 0x90012e74 0x00000000 mem 0x90012e94 0x00000000 mem 0x90012eb4 0x00000000 mem 0x90012ed4 0x00000000 mem 0x90012ef4 0x00000000 mem 0x90012f14 0x00000000 mem 0x90012f34 0x00000000 mem 0x90012f54 0x00000000 mem 0x90012f74 0x00000000 mem 0x90012f94 0x00000000 mem 0x90012fb4 0x00000000 mem 0x90012fd4 0x00000000 mem 0x90012ff4 0x00000000
core   0: 0x80000574 (0x0050687b) vsw12.v v5, v0, 16
core   0: 3 0x80000574 (0x0050687b) c8_vstart 0x00000000 e32 m1 l32 mem 0x90012c10 0x00000000 mem 0x90012c30 0x00000000 mem 0x90012c50 0x00000000 mem 0x90012c70 0x00000000 mem 0x90012c90 0x00000000 mem 0x90012cb0 0x00000000 mem 0x90012cd0 0x00000000 mem 0x90012cf0 0x00000000 mem 0x90012d10 0x00000000 mem 0x90012d30 0x00000000 mem 0x90012d50 0x00000000 mem 0x90012d70 0x00000000 mem 0x90012d90 0x00000000 mem 0x90012db0 0x00000000 mem 0x90012dd0 0x00000000 mem 0x90012df0 0x00000000 mem 0x90012e10 0x00000000 mem 0x90012e30 0x00000000 mem 0x90012e50 0x00000000 mem 0x90012e70 0x00000000 mem 0x90012e90 0x00000000 mem 0x90012eb0 0x00000000 mem 0x90012ed0 0x00000000 mem 0x90012ef0 0x00000000 mem 0x90012f10 0x00000000 mem 0x90012f30 0x00000000 mem 0x90012f50 0x00000000 mem 0x90012f70 0x00000000 mem 0x90012f90 0x00000000 mem 0x90012fb0 0x00000000 mem 0x90012fd0 0x00000000 mem 0x90012ff0 0x00000000
core   0: 0x80000578 (0x0040667b) vsw12.v v4, v0, 12
core   0: 3 0x80000578 (0x0040667b) c8_vstart 0x00000000 e32 m1 l32 mem 0x90012c0c 0x3c154b6c mem 0x90012c2c 0xbd6dbeae mem 0x90012c4c 0x3e1d56c4 mem 0x90012c6c 0x3d39c1f9 mem 0x90012c8c 0xbd4dc525 mem 0x90012cac 0xbe51adbe mem 0x90012ccc 0x3ddb9e53 mem 0x90012cec 0xbe0a9189 mem 0x90012d0c 0x3cc3b4dc mem 0x90012d2c 0xbc19981d mem 0x90012d4c 0x3c3b8e34 mem 0x90012d6c 0x3d867742 mem 0x90012d8c 0xbddd147c mem 0x90012dac 0x3e673436 mem 0x90012dcc 0x3aad9d18 mem 0x90012dec 0xbe2f57cb mem 0x90012e0c 0xbdc1fe48 mem 0x90012e2c 0xbd4c16df mem 0x90012e4c 0x3c5c1dcf mem 0x90012e6c 0x3d6163ca mem 0x90012e8c 0x3b6cde98 mem 0x90012eac 0x3e02280a mem 0x90012ecc 0x3e0a4cf3 mem 0x90012eec 0x3d25443a mem 0x90012f0c 0x3e796d1b mem 0x90012f2c 0xbc9d6674 mem 0x90012f4c 0xbe1340bf mem 0x90012f6c 0x3c8ea16b mem 0x90012f8c 0xbd507b1c mem 0x90012fac 0xbdbdc226 mem 0x90012fcc 0xbd95698a mem 0x90012fec 0xbd078a51
core   0: 0x8000057c (0x0030647b) vsw12.v v3, v0, 8
core   0: 3 0x8000057c (0x0030647b) c8_vstart 0x00000000 e32 m1 l32 mem 0x90012c08 0xbdfc358a mem 0x90012c28 0xbd36eb18 mem 0x90012c48 0xbe5744c9 mem 0x90012c68 0x3ddb0735 mem 0x90012c88 0x3de5e35c mem 0x90012ca8 0xbc19b2a2 mem 0x90012cc8 0xbe113356 mem 0x90012ce8 0x3df9558a mem 0x90012d08 0x3de7d6a3 mem 0x90012d28 0xbe39ca37 mem 0x90012d48 0xbdf01f4d mem 0x90012d68 0x3e017f08 mem 0x90012d88 0xbd282436 mem 0x90012da8 0xbd9e96b8 mem 0x90012dc8 0x3e0ac48d mem 0x90012de8 0x3d4e639f mem 0x90012e08 0xbe7acd24 mem 0x90012e28 0xbe1977a2 mem 0x90012e48 0xbdf8c6b5 mem 0x90012e68 0xbd648255 mem 0x90012e88 0x3c5f2772 mem 0x90012ea8 0xbd03ceff mem 0x90012ec8 0x3ce3843d mem 0x90012ee8 0x3da26862 mem 0x90012f08 0x3e44f501 mem 0x90012f28 0xbd1e66fb mem 0x90012f48 0x3dbaeebd mem 0x90012f68 0x3e20a901 mem 0x90012f88 0xbd72b0c9 mem 0x90012fa8 0xbdf44af2 mem 0x90012fc8 0x3bb71ff0 mem 0x90012fe8 0xbc9ddb21
core   0: 0x80000580 (0x0020627b) vsw12.v v2, v0, 4
core   0: 3 0x80000580 (0x0020627b) c8_vstart 0x00000000 e32 m1 l32 mem 0x90012c04 0x3e3a6fbc mem 0x90012c24 0xbdec64e4 mem 0x90012c44 0xbd9ef01c mem 0x90012c64 0xbdc5a4cf mem 0x90012c84 0x3db05edf mem 0x90012ca4 0x3d60a628 mem 0x90012cc4 0xbd5d8338 mem 0x90012ce4 0xbe4163b1 mem 0x90012d04 0x3c909bb1 mem 0x90012d24 0x3b253860 mem 0x90012d44 0x3cee613a mem 0x90012d64 0xbe2b4b27 mem 0x90012d84 0xbe2c3078 mem 0x90012da4 0x3e12fefa mem 0x90012dc4 0x3cac427a mem 0x90012de4 0x3dab104a mem 0x90012e04 0x3e1ca586 mem 0x90012e24 0x3d4fa378 mem 0x90012e44 0xbe0250f7 mem 0x90012e64 0xbd587d65 mem 0x90012e84 0x3dcecc13 mem 0x90012ea4 0xbd64a55f mem 0x90012ec4 0xbd90dffc mem 0x90012ee4 0x3d90cf2e mem 0x90012f04 0xbd1289fb mem 0x90012f24 0xbe177a8b mem 0x90012f44 0x3dcea2ab mem 0x90012f64 0xbdbc1563 mem 0x90012f84 0xbc528db1 mem 0x90012fa4 0xbdc19940 mem 0x90012fc4 0x3e33d0fa mem 0x90012fe4 0x3e8cb966
core   0: 0x80000584 (0x0010607b) vsw12.v v1, v0, 0
core   0: 3 0x80000584 (0x0010607b) c8_vstart 0x00000000 e32 m1 l32 mem 0x90012c00 0xbdbdaac6 mem 0x90012c20 0xbd48fa7c mem 0x90012c40 0x3daa8386 mem 0x90012c60 0xbda3e283 mem 0x90012c80 0x3d1fe4e3 mem 0x90012ca0 0x3d4c1ab2 mem 0x90012cc0 0xbe162abd mem 0x90012ce0 0x3e1d9d6f mem 0x90012d00 0x3e15849c mem 0x90012d20 0x3e0bbe69 mem 0x90012d40 0x3d7cc4b6 mem 0x90012d60 0x3dcc57c3 mem 0x90012d80 0xbd67645e mem 0x90012da0 0xbe18d5ea mem 0x90012dc0 0xbdc057d6 mem 0x90012de0 0x3e1adc61 mem 0x90012e00 0x3de1ca9c mem 0x90012e20 0x3e866e48 mem 0x90012e40 0x3cc9e530 mem 0x90012e60 0x3c18f81e mem 0x90012e80 0xbe04c3b5 mem 0x90012ea0 0xbce11f18 mem 0x90012ec0 0xbe188e5e mem 0x90012ee0 0x3e78e58e mem 0x90012f00 0x3be66a68 mem 0x90012f20 0x3e09d112 mem 0x90012f40 0xbd362a7e mem 0x90012f60 0xbe52a0b8 mem 0x90012f80 0x3e7caf77 mem 0x90012fa0 0x3d7a4597 mem 0x90012fc0 0xbdf773f8 mem 0x90012fe0 0x3e0f5fde
core   0: 0x80000588 (0x05c0006f) j       pc + 0x5c
core   0: 3 0x80000588 (0x05c0006f)
core   0: 0x800005e4 (0x0000205b) join    v0, v0, pc + 0
core   0: 3 0x800005e4 (0x0000205b) current mask:	ffffffff current npc:	80000550 stack size: 0
core   0: 0x800005e8 (0xfe812083) lw      x1, -24(x2)
core   0: 3 0x800005e8 (0xfe812083) x1  0x800000a0 mem 0x70000000
core   0: 0x800005ec (0xfe810113) addi    x2, x2, -24
core   0: 3 0x800005ec (0xfe810113) x2  0x70000000
core   0: 0x800005f0 (0xffc20213) addi    x4, x4, -4
core   0: 3 0x800005f0 (0xffc20213) x4  0x00000000
core   0: 0x800005f4 (0x0010200b) regext  x0, x0,  0 0 0 1 
core   0: 3 0x800005f4 (0x0010200b)
core   0: 0x800005f8 (0x5e024057) vmv.v.x v0, x4
core   0: 3 0x800005f8 (0x5e024057) c8_vstart 0x00000core   0: 0x00001000 (0x00000297) auipc   x5, 0x0
core   0: 3 0x00001000 (0x00000297) x5  0x00001000
core   0: 0x00001004 (0x02028593) addi    x11, x5, 32
core   0: 3 0x00001004 (0x02028593) x11 0x00001020
core   0: 0x00001008 (0xf1402573) csrr    x10, mhartid
core   0: 3 0x00001008 (0xf1402573) x10 0x00000000
core   0: 0x0000100c (0x0182a283) lw      x5, 24(x5)
core   0: 3 0x0000100c (0x0182a283) x5  0x80000000 mem 0x00001018
core   0: 0x00001010 (0x00028067) jr      x5
core   0: 3 0x00001010 (0x00028067)
core   0: 0x80000000 (0x00004197) auipc   x3, 0x4
core   0: 3 0x80000000 (0x00004197) x3  0x80004000
core   0: 0x80000004 (0x80818193) addi    x3, x3, -2040
core   0: 3 0x80000004 (0x80818193) x3  0x80003808
core   0: 0x80000008 (0x02000e93) li      x29, 32
core   0: 3 0x80000008 (0x02000e93) x29 0x00000020
core   0: 0x8000000c (0x0d0efed7) vsetvli x29, x29, e32, m1, ta, ma
core   0: 3 0x8000000c (0x0d0efed7) x29 0x00000020 c8_vstart 0x00000000 c3104_vl 0x00000020 c3105_vtype 0x000000d0 c768_mstatus 0x80000600
core   0: 0x80000010 (0x00002eb7) lui     x29, 0x2
core   0: 3 0x80000010 (0x00002eb7) x29 0x00002000
core   0: 0x80000014 (0x300eaef3) csrrs   x29, mstatus, x29
core   0: 3 0x80000014 (0x300eaef3) x29 0x80000600 c768_mstatus 0x80006600
core   0: 0x80000018 (0x00000e93) li      x29, 0
core   0: 3 0x80000018 (0x00000e93) x29 0x00000000
core   0: 0x8000001c (0x80502373) csrr    x6, wid
core   0: 3 0x8000001c (0x80502373) x6  0x00000000
core   0: 0x80000020 (0x806023f3) csrr    x7, lds
core   0: 3 0x80000020 (0x806023f3) x7  0x70000000
core   0: 0x80000024 (0x40000e13) li      x28, 1024
core   0: 3 0x80000024 (0x40000e13) x28 0x00000400
core   0: 0x80000028 (0x03c30333) mul     x6, x6, x28
core   0: 3 0x80000028 (0x03c30333) x6  0x00000000
core   0: 0x8000002c (0x00730133) add     x2, x6, x7
core   0: 3 0x8000002c (0x00730133) x2  0x70000000
core   0: 0x80000030 (0x00000213) li      x4, 0
core   0: 3 0x80000030 (0x00000213) x4  0x00000000
core   0: 0x80000034 (0x80102f73) csrr    x30, numw
core   0: 3 0x80000034 (0x80102f73) x30 0x00000001
core   0: 0x80000038 (0x40000e13) li      x28, 1024
core   0: 3 0x80000038 (0x40000e13) x28 0x00000400
core   0: 0x8000003c (0x03cf0f33) mul     x30, x30, x28
core   0: 3 0x8000003c (0x03cf0f33) x30 0x00000400
core   0: 0x80000040 (0x01e38433) add     x8, x7, x30
core   0: 3 0x80000040 (0x01e38433) x8  0x70000400
core   0: 0x80000044 (0x00003517) auipc   x10, 0x3
core   0: 3 0x80000044 (0x00003517) x10 0x80003044
core   0: 0x80000048 (0xfc450513) addi    x10, x10, -60
core   0: 3 0x80000048 (0xfc450513) x10 0x80003008
core   0: 0x8000004c (0x00003617) auipc   x12, 0x3
core   0: 3 0x8000004c (0x00003617) x12 0x8000304c
core   0: 0x80000050 (0xfbc60613) addi    x12, x12, -68
core   0: 3 0x80000050 (0xfbc60613) x12 0x80003008
core   0: 0x80000054 (0x00c50863) beq     x10, x12, pc + 16
core   0: 3 0x80000054 (0x00c50863)
core   0: 0x80000064 (0x803022f3) csrr    x5, knl
core   0: 3 0x80000064 (0x803022f3) x5  0x90195000
core   0: 0x80000068 (0x0002a303) lw      x6, 0(x5)
core   0: 3 0x80000068 (0x0002a303) x6  0x80000464 mem 0x90195000
core   0: 0x8000006c (0x0042a503) lw      x10, 4(x5)
core   0: 3 0x8000006c (0x0042a503) x10 0x90014000 mem 0x90195004
core   0: 0x80000070 (0x0302a383) lw      x7, 48(x5)
core   0: 3 0x80000070 (0x0302a383) x7  0x00000000 mem 0x90195030
core   0: 0x80000074 (0x0342ae03) lw      x28, 52(x5)
core   0: 3 0x80000074 (0x0342ae03) x28 0x00000000 mem 0x90195034
core   0: 0x80000078 (0x00003e97) auipc   x29, 0x3
core   0: 3 0x80000078 (0x00003e97) x29 0x80003078
core   0: 0x8000007c (0xf88e8e93) addi    x29, x29, -120
core   0: 3 0x8000007c (0xf88e8e93) x29 0x80003000
core   0: 0x80000080 (0x00003f17) auipc   x30, 0x3
core   0: 3 0x80000080 (0x00003f17) x30 0x80003080
core   0: 0x80000084 (0xf84f0f13) addi    x30, x30, -124
core   0: 3 0x80000084 (0xf84f0f13) x30 0x80003004
core   0: 0x80000088 (0x007ea023) sw      x7, 0(x29)
core   0: 3 0x80000088 (0x007ea023) mem 0x80003000 0x00000000
core   0: 0x8000008c (0x01cf2023) sw      x28, 0(x30)
core   0: 3 0x8000008c (0x01cf2023) mem 0x80003004 0x00000000
core   0: 0x80000090 (0x00000f97) auipc   x31, 0x0
core   0: 3 0x80000090 (0x00000f97) x31 0x80000090
core   0: 0x80000094 (0x018f8f93) addi    x31, x31, 24
core   0: 3 0x80000094 (0x018f8f93) x31 0x800000a8
core   0: 0x80000098 (0x305f9073) csrw    mtvec, x31
core   0: 3 0x80000098 (0x305f9073) c773_mtvec 0x800000a8
core   0: 0x8000009c (0x000300e7) jalr    x6
core   0: 3 0x8000009c (0x000300e7) x1  0x800000a0
core   0: 0x80000464 (0x01810113) addi    x2, x2, 24
core   0: 3 0x80000464 (0x01810113) x2  0x70000018
core   0: 0x80000468 (0x00420213) addi    x4, x4, 4
core   0: 3 0x80000468 (0x00420213) x4  0x00000004
core   0: 0x8000046c (0x0010200b) regext  x0, x0,  0 0 0 1 
core   0: 3 0x8000046c (0x0010200b)
core   0: 0x80000470 (0x5e024057) vmv.v.x v0, x4
core   0: 3 0x80000470 (0x5e024057) c8_vstart 0x00000000 e32 m1 l32 v32 ffffffff 0x00000004 00000004 00000004 00000004 00000004 00000004 00000004 00000004 00000004 00000004 00000004 00000004 00000004 00000004 00000004 00000004 00000004 00000004 00000004 00000004 00000004 00000004 00000004 00000004 00000004 00000004 00000004 00000004 00000004 00000004 00000004 00000004 
core   0: 0x80000474 (0xfe112423) sw      x1, -24(x2)
core   0: 3 0x80000474 (0xfe112423) mem 0x70000000 0x800000a0
core   0: 0x80000478 (0x01052283) lw      x5, 16(x10)
core   0: 3 0x80000478 (0x01052283) x5  0x90011000 mem 0x90014010
core   0: 0x8000047c (0xfe512c23) sw      x5, -8(x2)
core   0: 3 0x8000047c (0xfe512c23) mem 0x70000010 0x90011000
core   0: 0x80000480 (0x00c52283) lw      x5, 12(x10)
core   0: 3 0x80000480 (0x00c52283) x5  0x00000001 mem 0x9001400c
core   0: 0x80000484 (0xfe512a23) sw      x5, -12(x2)
core   0: 3 0x80000484 (0xfe512a23) mem 0x7000000c 0x00000001
core   0: 0x80000488 (0x00452283) lw      x5, 4(x10)
core   0: 3 0x80000488 (0x00452283) x5  0x00000000 mem 0x90014004
core   0: 0x8000048c (0xfe512823) sw      x5, -16(x2)
core   0: 3 0x8000048c (0xfe512823) mem 0x70000008 0x00000000
core   0: 0x80000490 (0x00052283) lw      x5, 0(x10)
core   0: 3 0x80000490 (0x00052283) x5  0x9000e000 mem 0x90014000
core   0: 0x80000494 (0xfe512623) sw      x5, -20(x2)
core   0: 3 0x80000494 (0xfe512623) mem 0x70000004 0x9000e000
core   0: 0x80000498 (0x00852283) lw      x5, 8(x10)
core   0: 3 0x80000498 (0x00852283) x5  0x0000000c mem 0x90014008
core   0: 0x8000049c (0xfe512e23) sw      x5, -4(x2)
core   0: 3 0x8000049c (0xfe512e23) mem 0x70000014 0x0000000c
core   0: 0x800004a0 (0x5e004057) vmv.v.x v0, x0
core   0: 3 0x800004a0 (0x5e004057) c8_vstart 0x00000000 e32 m1 l32 v0  ffffffff 0x00000000 00000000 00000000 00000000 00000000 00000000 00000000 00000000 00000000 00000000 00000000 00000000 00000000 00000000 00000000 00000000 00000000 00000000 00000000 00000000 00000000 00000000 00000000 00000000 00000000 00000000 00000000 00000000 00000000 00000000 00000000 00000000 
core   0: 0x800004a4 (0x1d4000ef) jal     pc + 0x1d4
core   0: 3 0x800004a4 (0x1d4000ef) x1  0x800004a8
core   0: 0x80000678 (0x00410113) addi    x2, x2, 4
core   0: 3 0x80000678 (0x00410113) x2  0x7000001c
core   0: 0x8000067c (0xfe112e23) sw      x1, -4(x2)
core   0: 3 0x8000067c (0xfe112e23) mem 0x70000018 0x800004a8
core   0: 0x80000680 (0x020040d7) vadd.vx v1, v0, x0
core   0: 3 0x80000680 (0x020040d7) c8_vstart 0x00000000 e32 m1 l32 v1  ffffffff 0x00000000 00000000 00000000 00000000 00000000 00000000 00000000 00000000 00000000 00000000 00000000 00000000 00000000 00000000 00000000 00000000 00000000 00000000 00000000 00000000 00000000 00000000 00000000 00000000 00000000 00000000 00000000 00000000 00000000 00000000 00000000 00000000 
core   0: 0x80000684 (0x00200293) li      x5, 2
core   0: 3 0x80000684 (0x00200293) x5  0x00000002
core   0: 0x80000688 (0x5e02c057) vmv.v.x v0, x5
core   0: 3 0x80000688 (0x5e02c057) c8_vstart 0x00000000 e32 m1 l32 v0  ffffffff 0x00000002 00000002 00000002 00000002 00000002 00000002 00000002 00000002 00000002 00000002 00000002 00000002 00000002 00000002 00000002 00000002 00000002 00000002 00000002 00000002 00000002 00000002 00000002 00000002 00000002 00000002 00000002 00000002 00000002 00000002 00000002 00000002 
core   0: 0x8000068c (0x00000317) auipc   x6, 0x0
core   0: 3 0x8000068c (0x00000317) x6  0x8000068c
core   0: 0x80000690 (0x0543305b) setrpc  x0, x6, 84
core   0: 3 0x80000690 (0x0543305b) c2060_rpc 0x800006e0 current mask:	ffffffff current npc:	00000000 stack size: 0
core   0: 0x80000694 (0x0410045b) vbeq    v1, v0, pc + 72
core   0: 3 0x80000694 (0x0410045b) c8_vstart 0x00000000 e32 m1 l32 current mask:	ffffffff current npc:	80000698 stack size: 0
core   0: 0x80000698 (0x0040006f) j       pc + 0x4
core   0: 3 0x80000698 (0x0040006f)
core   0: 0x8000069c (0x00100293) li      x5, 1
core   0: 3 0x8000069c (0x00100293) x5  0x00000001
core   0: 0x800006a0 (0x5e02c057) vmv.v.x v0, x5
core   0: 3 0x800006a0 (0x5e02c057) c8_vstart 0x00000000 e32 m1 l32 v0  ffffffff 0x00000001 00000001 00000001 00000001 00000001 00000001 00000001 00000001 00000001 00000001 00000001 00000001 00000001 00000001 00000001 00000001 00000001 00000001 00000001 00000001 00000001 00000001 00000001 00000001 00000001 00000001 00000001 00000001 00000001 00000001 00000001 00000001 
core   0: 0x800006a4 (0x00000317) auipc   x6, 0x0
core   0: 3 0x800006a4 (0x00000317) x6  0x800006a4
core   0: 0x800006a8 (0x03c3305b) setrpc  x0, x6, 60
core   0: 3 0x800006a8 (0x03c3305b) c2060_rpc 0x800006e0 current mask:	ffffffff current npc:	80000698 stack size: 0
core   0: 0x800006ac (0x0210045b) vbeq    v1, v0, pc + 40
core   0: 3 0x800006ac (0x0210045b) c8_vstart 0x00000000 e32 m1 l32 current mask:	ffffffff current npc:	800006b0 stack size: 0
core   0: 0x800006b0 (0x0040006f) j       pc + 0x4
core   0: 3 0x800006b0 (0x0040006f)
core   0: 0x800006b4 (0x5e004157) vmv.v.x v2, x0
core   0: 3 0x800006b4 (0x5e004157) c8_vstart 0x00000000 e32 m1 l32 v2  ffffffff 0x00000000 00000000 00000000 00000000 00000000 00000000 00000000 00000000 00000000 00000000 00000000 00000000 00000000 00000000 00000000 00000000 00000000 00000000 00000000 00000000 00000000 00000000 00000000 00000000 00000000 00000000 00000000 00000000 00000000 00000000 00000000 00000000 
core   0: 0x800006b8 (0x5e004057) vmv.v.x v0, x0
core   0: 3 0x800006b8 (0x5e004057) c8_vstart 0x00000000 e32 m1 l32 v0  ffffffff 0x00000000 00000000 00000000 00000000 00000000 00000000 00000000 00000000 00000000 00000000 00000000 00000000 00000000 00000000 00000000 00000000 00000000 00000000 00000000 00000000 00000000 00000000 00000000 00000000 00000000 00000000 00000000 00000000 00000000 00000000 00000000 00000000 
core   0: 0x800006bc (0x00000317) auipc   x6, 0x0
core   0: 3 0x800006bc (0x00000317) x6  0x800006bc
core   0: 0x800006c0 (0x0243305b) setrpc  x0, x6, 36
core   0: 3 0x800006c0 (0x0243305b) c2060_rpc 0x800006e0 current mask:	ffffffff current npc:	800006b0 stack size: 0
core   0: 0x800006c4 (0x00111e5b) vbne    v1, v2, pc + 28
core   0: 3 0x800006c4 (0x00111e5b) c8_vstart 0x00000000 e32 m1 l32 current mask:	ffffffff current npc:	800006c8 stack size: 0
core   0: 0x800006c8 (0x0040006f) j       pc + 0x4
core   0: 3 0x800006c8 (0x0040006f)
core   0: 0x800006cc (0x09c000ef) jal     pc + 0x9c
core   0: 3 0x800006cc (0x09c000ef) x1  0x800006d0
core   0: 0x80000768 (0x80802573) csrr    x10, gidx
core   0: 3 0x80000768 (0x80802573) x10 0x00000008
core   0: 0x8000076c (0x5e054057) vmv.v.x v0, x10
core   0: 3 0x8000076c (0x5e054057) c8_vstart 0x00000000 e32 m1 l32 v0  ffffffff 0x00000008 00000008 00000008 00000008 00000008 00000008 00000008 00000008 00000008 00000008 00000008 00000008 00000008 00000008 00000008 00000008 00000008 00000008 00000008 00000008 00000008 00000008 00000008 00000008 00000008 00000008 00000008 00000008 00000008 00000008 00000008 00000008 
core   0: 0x80000770 (0x00008067) ret
core   0: 3 0x80000770 (0x00008067)
core   0: 0x800006d0 (0x0100006f) j       pc + 0x10
core   0: 3 0x800006d0 (0x0100006f)
core   0: 0x800006e0 (0x0000205b) join    v0, v0, pc + 0
core   0: 3 0x800006e0 (0x0000205b) current mask:	ffffffff current npc:	800006c8 stack size: 0
core   0: 0x800006e4 (0xffc12083) lw      x1, -4(x2)
core   0: 3 0x800006e4 (0xffc12083) x1  0x800004a8 mem 0x70000018
core   0: 0x800006e8 (0xffc10113) addi    x2, x2, -4
core   0: 3 0x800006e8 (0xffc10113) x2  0x70000018
core   0: 0x800006ec (0x00008067) ret
core   0: 3 0x800006ec (0x00008067)
core   0: 0x800004a8 (0x0080200b) regext  x0, x0,  0 0 1 0 
core   0: 3 0x800004a8 (0x0080200b)
core   0: 0x800004ac (0xfe002e2b) vsw.v   v0, x0, -4
core   0: 3 0x800004ac (0xfe002e2b) c8_vstart 0x00000000 mem 0x90015000 0x00000008 mem 0x90015004 0x00000008 mem 0x90015008 0x00000008 mem 0x9001500c 0x00000008 mem 0x90015010 0x00000008 mem 0x90015014 0x00000008 mem 0x90015018 0x00000008 mem 0x9001501c 0x00000008 mem 0x90015020 0x00000008 mem 0x90015024 0x00000008 mem 0x90015028 0x00000008 mem 0x9001502c 0x00000008 mem 0x90015030 0x00000008 mem 0x90015034 0x00000008 mem 0x90015038 0x00000008 mem 0x9001503c 0x00000008 mem 0x90015040 0x00000008 mem 0x90015044 0x00000008 mem 0x90015048 0x00000008 mem 0x9001504c 0x00000008 mem 0x90015050 0x00000008 mem 0x90015054 0x00000008 mem 0x90015058 0x00000008 mem 0x9001505c 0x00000008 mem 0x90015060 0x00000008 mem 0x90015064 0x00000008 mem 0x90015068 0x00000008 mem 0x9001506c 0x00000008 mem 0x90015070 0x00000008 mem 0x90015074 0x00000008 mem 0x90015078 0x00000008 mem 0x9001507c 0x00000008
core   0: 0x800004b0 (0x5e004057) vmv.v.x v0, x0
core   0: 3 0x800004b0 (0x5e004057) c8_vstart 0x00000000 e32 m1 l32 v0  ffffffff 0x00000000 00000000 00000000 00000000 00000000 00000000 00000000 00000000 00000000 00000000 00000000 00000000 00000000 00000000 00000000 00000000 00000000 00000000 00000000 00000000 00000000 00000000 00000000 00000000 00000000 00000000 00000000 00000000 00000000 00000000 00000000 00000000 
core   0: 0x800004b4 (0x14c000ef) jal     pc + 0x14c
core   0: 3 0x800004b4 (0x14c000ef) x1  0x800004b8
core   0: 0x80000600 (0x00410113) addi    x2, x2, 4
core   0: 3 0x80000600 (0x00410113) x2  0x7000001c
core   0: 0x80000604 (0xfe112e23) sw      x1, -4(x2)
core   0: 3 0x80000604 (0xfe112e23) mem 0x70000018 0x800004b8
core   0: 0x80000608 (0x020040d7) vadd.vx v1, v0, x0
core   0: 3 0x80000608 (0x020040d7) c8_vstart 0x00000000 e32 m1 l32 v1  ffffffff 0x00000000 00000000 00000000 00000000 00000000 00000000 00000000 00000000 00000000 00000000 00000000 00000000 00000000 00000000 00000000 00000000 00000000 00000000 00000000 00000000 00000000 00000000 00000000 00000000 00000000 00000000 00000000 00000000 00000000 00000000 00000000 00000000 
core   0: 0x8000060c (0x00200293) li      x5, 2
core   0: 3 0x8000060c (0x00200293) x5  0x00000002
core   0: 0x80000610 (0x5e02c057) vmv.v.x v0, x5
core   0: 3 0x80000610 (0x5e02c057) c8_vstart 0x00000000 e32 m1 l32 v0  ffffffff 0x00000002 00000002 00000002 00000002 00000002 00000002 00000002 00000002 00000002 00000002 00000002 00000002 00000002 00000002 00000002 00000002 00000002 00000002 00000002 00000002 00000002 00000002 00000002 00000002 00000002 00000002 00000002 00000002 00000002 00000002 00000002 00000002 
core   0: 0x80000614 (0x00000317) auipc   x6, 0x0
core   0: 3 0x80000614 (0x00000317) x6  0x80000614
core   0: 0x80000618 (0x0543305b) setrpc  x0, x6, 84
core   0: 3 0x80000618 (0x0543305b) c2060_rpc 0x80000668 current mask:	ffffffff current npc:	800006c8 stack size: 0
core   0: 0x8000061c (0x0410045b) vbeq    v1, v0, pc + 72
core   0: 3 0x8000061c (0x0410045b) c8_vstart 0x00000000 e32 m1 l32 current mask:	ffffffff current npc:	80000620 stack size: 0
core   0: 0x80000620 (0x0040006f) j       pc + 0x4
core   0: 3 0x80000620 (0x0040006f)
core   0: 0x80000624 (0x00100293) li      x5, 1
core   0: 3 0x80000624 (0x00100293) x5  0x00000001
core   0: 0x80000628 (0x5e02c057) vmv.v.x v0, x5
core   0: 3 0x80000628 (0x5e02c057) c8_vstart 0x00000000 e32 m1 l32 v0  ffffffff 0x00000001 00000001 00000001 00000001 00000001 00000001 00000001 00000001 00000001 00000001 00000001 00000001 00000001 00000001 00000001 00000001 00000001 00000001 00000001 00000001 00000001 00000001 00000001 00000001 00000001 00000001 00000001 00000001 00000001 00000001 00000001 00000001 
core   0: 0x8000062c (0x00000317) auipc   x6, 0x0
core   0: 3 0x8000062c (0x00000317) x6  0x8000062c
core   0: 0x80000630 (0x03c3305b) setrpc  x0, x6, 60
core   0: 3 0x80000630 (0x03c3305b) c2060_rpc 0x80000668 current mask:	ffffffff current npc:	80000620 stack size: 0
core   0: 0x80000634 (0x0210045b) vbeq    v1, v0, pc + 40
core   0: 3 0x80000634 (0x0210045b) c8_vstart 0x00000000 e32 m1 l32 current mask:	ffffffff current npc:	80000638 stack size: 0
core   0: 0x80000638 (0x0040006f) j       pc + 0x4
core   0: 3 0x80000638 (0x0040006f)
core   0: 0x8000063c (0x5e004157) vmv.v.x v2, x0
core   0: 3 0x8000063c (0x5e004157) c8_vstart 0x00000000 e32 m1 l32 v2  ffffffff 0x00000000 00000000 00000000 00000000 00000000 00000000 00000000 00000000 00000000 00000000 00000000 00000000 00000000 00000000 00000000 00000000 00000000 00000000 00000000 00000000 00000000 00000000 00000000 00000000 00000000 00000000 00000000 00000000 00000000 00000000 00000000 00000000 
core   0: 0x80000640 (0x5e004057) vmv.v.x v0, x0
core   0: 3 0x80000640 (0x5e004057) c8_vstart 0x00000000 e32 m1 l32 v0  ffffffff 0x00000000 00000000 00000000 00000000 00000000 00000000 00000000 00000000 00000000 00000000 00000000 00000000 00000000 00000000 00000000 00000000 00000000 00000000 00000000 00000000 00000000 00000000 00000000 00000000 00000000 00000000 00000000 00000000 00000000 00000000 00000000 00000000 
core   0: 0x80000644 (0x00000317) auipc   x6, 0x0
core   0: 3 0x80000644 (0x00000317) x6  0x80000644
core   0: 0x80000648 (0x0243305b) setrpc  x0, x6, 36
core   0: 3 0x80000648 (0x0243305b) c2060_rpc 0x80000668 current mask:	ffffffff current npc:	80000638 stack size: 0
core   0: 0x8000064c (0x00111e5b) vbne    v1, v2, pc + 28
core   0: 3 0x8000064c (0x00111e5b) c8_vstart 0x00000000 e32 m1 l32 current mask:	ffffffff current npc:	80000650 stack size: 0
core   0: 0x80000650 (0x0040006f) j       pc + 0x4
core   0: 3 0x80000650 (0x0040006f)
core   0: 0x80000654 (0x138000ef) jal     pc + 0x138
core   0: 3 0x80000654 (0x138000ef) x1  0x80000658
core   0: 0x8000078c (0x00410113) addi    x2, x2, 4
core   0: 3 0x8000078c (0x00410113) x2  0x70000020
core   0: 0x80000790 (0xfe112e23) sw      x1, -4(x2)
core   0: 3 0x80000790 (0xfe112e23) mem 0x7000001c 0x80000658
core   0: 0x80000794 (0x80302573) csrr    x10, knl
core   0: 3 0x80000794 (0x80302573) x10 0x90195000
core   0: 0x80000798 (0x00852283) lw      x5, 8(x10)
core   0: 3 0x80000798 (0x00852283) x5  0x00000001 mem 0x90195008
core   0: 0x8000079c (0x80002373) csrr    x6, tid
core   0: 3 0x8000079c (0x80002373) x6  0x00000000
core   0: 0x800007a0 (0x5208a157) vid.v   v2
core   0: 3 0x800007a0 (0x5208a157) c8_vstart 0x00000000 e32 m1 l32 v2  ffffffff 0x0000001f 0000001e 0000001d 0000001c 0000001b 0000001a 00000019 00000018 00000017 00000016 00000015 00000014 00000013 00000012 00000011 00000010 0000000f 0000000e 0000000d 0000000c 0000000b 0000000a 00000009 00000008 00000007 00000006 00000005 00000004 00000003 00000002 00000001 00000000 
core   0: 0x800007a4 (0x02234057) vadd.vx v0, v2, x6
core   0: 3 0x800007a4 (0x02234057) c8_vstart 0x00000000 e32 m1 l32 v0  ffffffff 0x0000001f 0000001e 0000001d 0000001c 0000001b 0000001a 00000019 00000018 00000017 00000016 00000015 00000014 00000013 00000012 00000011 00000010 0000000f 0000000e 0000000d 0000000c 0000000b 0000000a 00000009 00000008 00000007 00000006 00000005 00000004 00000003 00000002 00000001 00000000 
core   0: 0x800007a8 (0x01852e03) lw      x28, 24(x10)
core   0: 3 0x800007a8 (0x01852e03) x28 0x00000020 mem 0x90195018
core   0: 0x800007ac (0x8a0e6057) vremu.vx v0, v0, x28
core   0: 3 0x800007ac (0x8a0e6057) c8_vstart 0x00000000 e32 m1 l32 v0  ffffffff 0x0000001f 0000001e 0000001d 0000001c 0000001b 0000001a 00000019 00000018 00000017 00000016 00000015 00000014 00000013 00000012 00000011 00000010 0000000f 0000000e 0000000d 0000000c 0000000b 0000000a 00000009 00000008 00000007 00000006 00000005 00000004 00000003 00000002 00000001 00000000 
core   0: 0x800007b0 (0xffc12083) lw      x1, -4(x2)
core   0: 3 0x800007b0 (0xffc12083) x1  0x80000658 mem 0x7000001c
core   0: 0x800007b4 (0xffc10113) addi    x2, x2, -4
core   0: 3 0x800007b4 (0xffc10113) x2  0x7000001c
core   0: 0x800007b8 (0x00008067) ret
core   0: 3 0x800007b8 (0x00008067)
core   0: 0x80000658 (0x0100006f) j       pc + 0x10
core   0: 3 0x80000658 (0x0100006f)
core   0: 0x80000668 (0x0000205b) join    v0, v0, pc + 0
core   0: 3 0x80000668 (0x0000205b) current mask:	ffffffff current npc:	80000650 stack size: 0
core   0: 0x8000066c (0xffc12083) lw      x1, -4(x2)
core   0: 3 0x8000066c (0xffc12083) x1  0x800004b8 mem 0x70000018
core   0: 0x80000670 (0xffc10113) addi    x2, x2, -4
core   0: 3 0x80000670 (0xffc10113) x2  0x70000018
core   0: 0x80000674 (0x00008067) ret
core   0: 3 0x80000674 (0x00008067)
core   0: 0x800004b8 (0x0080200b) regext  x0, x0,  0 0 1 0 
core   0: 3 0x800004b8 (0x0080200b)
core   0: 0x800004bc (0x7fc0212b) vlw.v   v2, x0, -4
core   0: 3 0x800004bc (0x7fc0212b) e32 m1 l32 v2  ffffffff 0x00000008 00000008 00000008 00000008 00000008 00000008 00000008 00000008 00000008 00000008 00000008 00000008 00000008 00000008 00000008 00000008 00000008 00000008 00000008 00000008 00000008 00000008 00000008 00000008 00000008 00000008 00000008 00000008 00000008 00000008 00000008 00000008  c8_vstart 0x00000000 mem 0x90015000 mem 0x90015004 mem 0x90015008 mem 0x9001500c mem 0x90015010 mem 0x90015014 mem 0x90015018 mem 0x9001501c mem 0x90015020 mem 0x90015024 mem 0x90015028 mem 0x9001502c mem 0x90015030 mem 0x90015034 mem 0x90015038 mem 0x9001503c mem 0x90015040 mem 0x90015044 mem 0x90015048 mem 0x9001504c mem 0x90015050 mem 0x90015054 mem 0x90015058 mem 0x9001505c mem 0x90015060 mem 0x90015064 mem 0x90015068 mem 0x9001506c mem 0x90015070 mem 0x90015074 mem 0x90015078 mem 0x9001507c
core   0: 0x800004c0 (0xffc12283) lw      x5, -4(x2)
core   0: 3 0x800004c0 (0xffc12283) x5  0x0000000c mem 0x70000014
core   0: 0x800004c4 (0x5e02c0d7) vmv.v.x v1, x5
core   0: 3 0x800004c4 (0x5e02c0d7) c8_vstart 0x00000000 e32 m1 l32 v1  ffffffff 0x0000000c 0000000c 0000000c 0000000c 0000000c 0000000c 0000000c 0000000c 0000000c 0000000c 0000000c 0000000c 0000000c 0000000c 0000000c 0000000c 0000000c 0000000c 0000000c 0000000c 0000000c 0000000c 0000000c 0000000c 0000000c 0000000c 0000000c 0000000c 0000000c 0000000c 0000000c 0000000c 
core   0: 0x800004c8 (0x00000317) auipc   x6, 0x0
core   0: 3 0x800004c8 (0x00000317) x6  0x800004c8
core   0: 0x800004cc (0x11c3305b) setrpc  x0, x6, 284
core   0: 3 0x800004cc (0x11c3305b) c2060_rpc 0x800005e4 current mask:	ffffffff current npc:	80000650 stack size: 0
core   0: 0x800004d0 (0x1020da5b) vbge    v2, v1, pc + 276
core   0: 3 0x800004d0 (0x1020da5b) c8_vstart 0x00000000 e32 m1 l32 current mask:	ffffffff current npc:	800004d4 stack size: 0
core   0: 0x800004d4 (0x0040006f) j       pc + 0x4
core   0: 3 0x800004d4 (0x0040006f)
core   0: 0x800004d8 (0xff012283) lw      x5, -16(x2)
core   0: 3 0x800004d8 (0xff012283) x5  0x00000000 mem 0x70000008
core   0: 0x800004dc (0x0222c4d7) vadd.vx v9, v2, x5
core   0: 3 0x800004dc (0x0222c4d7) c8_vstart 0x00000000 e32 m1 l32 v9  ffffffff 0x00000008 00000008 00000008 00000008 00000008 00000008 00000008 00000008 00000008 00000008 00000008 00000008 00000008 00000008 00000008 00000008 00000008 00000008 00000008 00000008 00000008 00000008 00000008 00000008 00000008 00000008 00000008 00000008 00000008 00000008 00000008 00000008 
core   0: 0x800004e0 (0x5e0040d7) vmv.v.x v1, x0
core   0: 3 0x800004e0 (0x5e0040d7) c8_vstart 0x00000000 e32 m1 l32 v1  ffffffff 0x00000000 00000000 00000000 00000000 00000000 00000000 00000000 00000000 00000000 00000000 00000000 00000000 00000000 00000000 00000000 00000000 00000000 00000000 00000000 00000000 00000000 00000000 00000000 00000000 00000000 00000000 00000000 00000000 00000000 00000000 00000000 00000000 
core   0: 0x800004e4 (0xff412283) lw      x5, -12(x2)
core   0: 3 0x800004e4 (0xff412283) x5  0x00000001 mem 0x7000000c
core   0: 0x800004e8 (0x02504263) blt     x0, x5, pc + 36
core   0: 3 0x800004e8 (0x02504263)
core   0: 0x8000050c (0x9692e0d7) vmul.vx v1, v9, x5
core   0: 3 0x8000050c (0x9692e0d7) c8_vstart 0x00000000 e32 m1 l32 v1  ffffffff 0x00000008 00000008 00000008 00000008 00000008 00000008 00000008 00000008 00000008 00000008 00000008 00000008 00000008 00000008 00000008 00000008 00000008 00000008 00000008 00000008 00000008 00000008 00000008 00000008 00000008 00000008 00000008 00000008 00000008 00000008 00000008 00000008 
core   0: 0x80000510 (0x961530d7) vsll.vi v1, v1, 10
core   0: 3 0x80000510 (0x961530d7) c8_vstart 0x00000000 e32 m1 l32 v1  ffffffff 0x00002000 00002000 00002000 00002000 00002000 00002000 00002000 00002000 00002000 00002000 00002000 00002000 00002000 00002000 00002000 00002000 00002000 00002000 00002000 00002000 00002000 00002000 00002000 00002000 00002000 00002000 00002000 00002000 00002000 00002000 00002000 00002000 
core   0: 0x80000514 (0x9602b157) vsll.vi v2, v0, 5
core   0: 3 0x80000514 (0x9602b157) c8_vstart 0x00000000 e32 m1 l32 v2  ffffffff 0x000003e0 000003c0 000003a0 00000380 00000360 00000340 00000320 00000300 000002e0 000002c0 000002a0 00000280 00000260 00000240 00000220 00000200 000001e0 000001c0 000001a0 00000180 00000160 00000140 00000120 00000100 000000e0 000000c0 000000a0 00000080 00000060 00000040 00000020 00000000 
core   0: 0x80000518 (0x021100d7) vadd.vv v1, v1, v2
core   0: 3 0x80000518 (0x021100d7) c8_vstart 0x00000000 e32 m1 l32 v1  ffffffff 0x000023e0 000023c0 000023a0 00002380 00002360 00002340 00002320 00002300 000022e0 000022c0 000022a0 00002280 00002260 00002240 00002220 00002200 000021e0 000021c0 000021a0 00002180 00002160 00002140 00002120 00002100 000020e0 000020c0 000020a0 00002080 00002060 00002040 00002020 00002000 
core   0: 0x8000051c (0xfec12303) lw      x6, -20(x2)
core   0: 3 0x8000051c (0xfec12303) x6  0x9000e000 mem 0x70000004
core   0: 0x80000520 (0x02134557) vadd.vx v10, v1, x6
core   0: 3 0x80000520 (0x02134557) c8_vstart 0x00000000 e32 m1 l32 v10 ffffffff 0x900103e0 900103c0 900103a0 90010380 90010360 90010340 90010320 90010300 900102e0 900102c0 900102a0 90010280 90010260 90010240 90010220 90010200 900101e0 900101c0 900101a0 90010180 90010160 90010140 90010120 90010100 900100e0 900100c0 900100a0 90010080 90010060 90010040 90010020 90010000 
core   0: 0x80000524 (0x5e0040d7) vmv.v.x v1, x0
core   0: 3 0x80000524 (0x5e0040d7) c8_vstart 0x00000000 e32 m1 l32 v1  ffffffff 0x00000000 00000000 00000000 00000000 00000000 00000000 00000000 00000000 00000000 00000000 00000000 00000000 00000000 00000000 00000000 00000000 00000000 00000000 00000000 00000000 00000000 00000000 00000000 00000000 00000000 00000000 00000000 00000000 00000000 00000000 00000000 00000000 
core   0: 0x80000528 (0x02104157) vadd.vx v2, v1, x0
core   0: 3 0x80000528 (0x02104157) c8_vstart 0x00000000 e32 m1 l32 v2  ffffffff 0x00000000 00000000 00000000 00000000 00000000 00000000 00000000 00000000 00000000 00000000 00000000 00000000 00000000 00000000 00000000 00000000 00000000 00000000 00000000 00000000 00000000 00000000 00000000 00000000 00000000 00000000 00000000 00000000 00000000 00000000 00000000 00000000 
core   0: 0x8000052c (0x021041d7) vadd.vx v3, v1, x0
core   0: 3 0x8000052c (0x021041d7) c8_vstart 0x00000000 e32 m1 l32 v3  ffffffff 0x00000000 00000000 00000000 00000000 00000000 00000000 00000000 00000000 00000000 00000000 00000000 00000000 00000000 00000000 00000000 00000000 00000000 00000000 00000000 00000000 00000000 00000000 00000000 00000000 00000000 00000000 00000000 00000000 00000000 00000000 00000000 00000000 
core   0: 0x80000530 (0x02104257) vadd.vx v4, v1, x0
core   0: 3 0x80000530 (0x02104257) c8_vstart 0x00000000 e32 m1 l32 v4  ffffffff 0x00000000 00000000 00000000 00000000 00000000 00000000 00000000 00000000 00000000 00000000 00000000 00000000 00000000 00000000 00000000 00000000 00000000 00000000 00000000 00000000 00000000 00000000 00000000 00000000 00000000 00000000 00000000 00000000 00000000 00000000 00000000 00000000 
core   0: 0x80000534 (0x021042d7) vadd.vx v5, v1, x0
core   0: 3 0x80000534 (0x021042d7) c8_vstart 0x00000000 e32 m1 l32 v5  ffffffff 0x00000000 00000000 00000000 00000000 00000000 00000000 00000000 00000000 00000000 00000000 00000000 00000000 00000000 00000000 00000000 00000000 00000000 00000000 00000000 00000000 00000000 00000000 00000000 00000000 00000000 00000000 00000000 00000000 00000000 00000000 00000000 00000000 
core   0: 0x80000538 (0x02104357) vadd.vx v6, v1, x0
core   0: 3 0x80000538 (0x02104357) c8_vstart 0x00000000 e32 m1 l32 v6  ffffffff 0x00000000 00000000 00000000 00000000 00000000 00000000 00000000 00000000 00000000 00000000 00000000 00000000 00000000 00000000 00000000 00000000 00000000 00000000 00000000 00000000 00000000 00000000 00000000 00000000 00000000 00000000 00000000 00000000 00000000 00000000 00000000 00000000 
core   0: 0x8000053c (0x021043d7) vadd.vx v7, v1, x0
core   0: 3 0x8000053c (0x021043d7) c8_vstart 0x00000000 e32 m1 l32 v7  ffffffff 0x00000000 00000000 00000000 00000000 00000000 00000000 00000000 00000000 00000000 00000000 00000000 00000000 00000000 00000000 00000000 00000000 00000000 00000000 00000000 00000000 00000000 00000000 00000000 00000000 00000000 00000000 00000000 00000000 00000000 00000000 00000000 00000000 
core   0: 0x80000540 (0x02104457) vadd.vx v8, v1, x0
core   0: 3 0x80000540 (0x02104457) c8_vstart 0x00000000 e32 m1 l32 v8  ffffffff 0x00000000 00000000 00000000 00000000 00000000 00000000 00000000 00000000 00000000 00000000 00000000 00000000 00000000 00000000 00000000 00000000 00000000 00000000 00000000 00000000 00000000 00000000 00000000 00000000 00000000 00000000 00000000 00000000 00000000 00000000 00000000 00000000 
core   0: 0x80000544 (0x5e02c5d7) vmv.v.x v11, x5
core   0: 3 0x80000544 (0x5e02c5d7) c8_vstart 0x00000000 e32 m1 l32 v11 ffffffff 0x00000001 00000001 00000001 00000001 00000001 00000001 00000001 00000001 00000001 00000001 00000001 00000001 00000001 00000001 00000001 00000001 00000001 00000001 00000001 00000001 00000001 00000001 00000001 00000001 00000001 00000001 00000001 00000001 00000001 00000001 00000001 00000001 
core   0: 0x80000548 (0x5e004a57) vmv.v.x v20, x0
core   0: 3 0x80000548 (0x5e004a57) c8_vstart 0x00000000 e32 m1 l32 v20 ffffffff 0x00000000 00000000 00000000 00000000 00000000 00000000 00000000 00000000 00000000 00000000 00000000 00000000 00000000 00000000 00000000 00000000 00000000 00000000 00000000 00000000 00000000 00000000 00000000 00000000 00000000 00000000 00000000 00000000 00000000 00000000 00000000 00000000 
core   0: 0x8000054c (0x0400006f) j       pc + 0x40
core   0: 3 0x8000054c (0x0400006f)
core   0: 0x8000058c (0x01c529fb) vlw12.v v19, v10, 28
core   0: 3 0x8000058c (0x01c529fb) e32 m1 l32 v19 ffffffff 0x00000000 00000000 00000000 00000000 00000000 00000000 00000000 00000000 00000000 00000000 00000000 00000000 00000000 00000000 00000000 00000000 00000000 00000000 00000000 00000000 00000000 00000000 00000000 00000000 00000000 00000000 00000000 00000000 00000000 00000000 00000000 00000000  c8_vstart 0x00000000 mem 0x9001001c mem 0x9001003c mem 0x9001005c mem 0x9001007c mem 0x9001009c mem 0x900100bc mem 0x900100dc mem 0x900100fc mem 0x9001011c mem 0x9001013c mem 0x9001015c mem 0x9001017c mem 0x9001019c mem 0x900101bc mem 0x900101dc mem 0x900101fc mem 0x9001021c mem 0x9001023c mem 0x9001025c mem 0x9001027c mem 0x9001029c mem 0x900102bc mem 0x900102dc mem 0x900102fc mem 0x9001031c mem 0x9001033c mem 0x9001035c mem 0x9001037c mem 0x9001039c mem 0x900103bc mem 0x900103dc mem 0x900103fc
core   0: 0x80000590 (0x0185297b) vlw12.v v18, v10, 24
core   0: 3 0x80000590 (0x0185297b) e32 m1 l32 v18 ffffffff 0x00000000 00000000 00000000 00000000 00000000 00000000 00000000 00000000 00000000 00000000 00000000 00000000 00000000 00000000 00000000 00000000 00000000 00000000 00000000 00000000 00000000 00000000 00000000 00000000 00000000 00000000 00000000 00000000 00000000 00000000 00000000 00000000  c8_vstart 0x00000000 mem 0x90010018 mem 0x90010038 mem 0x90010058 mem 0x90010078 mem 0x90010098 mem 0x900100b8 mem 0x900100d8 mem 0x900100f8 mem 0x90010118 mem 0x90010138 mem 0x90010158 mem 0x90010178 mem 0x90010198 mem 0x900101b8 mem 0x900101d8 mem 0x900101f8 mem 0x90010218 mem 0x90010238 mem 0x90010258 mem 0x90010278 mem 0x90010298 mem 0x900102b8 mem 0x900102d8 mem 0x900102f8 mem 0x90010318 mem 0x90010338 mem 0x90010358 mem 0x90010378 mem 0x90010398 mem 0x900103b8 mem 0x900103d8 mem 0x900103f8
core   0: 0x80000594 (0x014528fb) vlw12.v v17, v10, 20
core   0: 3 0x80000594 (0x014528fb) e32 m1 l32 v17 ffffffff 0x00000000 00000000 00000000 00000000 00000000 00000000 00000000 00000000 00000000 00000000 00000000 00000000 00000000 00000000 00000000 00000000 00000000 00000000 00000000 00000000 00000000 00000000 00000000 00000000 00000000 00000000 00000000 00000000 00000000 00000000 00000000 00000000  c8_vstart 0x00000000 mem 0x90010014 mem 0x90010034 mem 0x90010054 mem 0x90010074 mem 0x90010094 mem 0x900100b4 mem 0x900100d4 mem 0x900100f4 mem 0x90010114 mem 0x90010134 mem 0x90010154 mem 0x90010174 mem 0x90010194 mem 0x900101b4 mem 0x900101d4 mem 0x900101f4 mem 0x90010214 mem 0x90010234 mem 0x90010254 mem 0x90010274 mem 0x90010294 mem 0x900102b4 mem 0x900102d4 mem 0x900102f4 mem 0x90010314 mem 0x90010334 mem 0x90010354 mem 0x90010374 mem 0x90010394 mem 0x900103b4 mem 0x900103d4 mem 0x900103f4
core   0: 0x80000598 (0x0105287b) vlw12.v v16, v10, 16
core   0: 3 0x80000598 (0x0105287b) e32 m1 l32 v16 ffffffff 0x00000000 00000000 00000000 00000000 00000000 00000000 00000000 00000000 00000000 00000000 00000000 00000000 00000000 00000000 00000000 00000000 00000000 00000000 00000000 00000000 00000000 00000000 00000000 00000000 00000000 00000000 00000000 00000000 00000000 00000000 00000000 00000000  c8_vstart 0x00000000 mem 0x90010010 mem 0x90010030 mem 0x90010050 mem 0x90010070 mem 0x90010090 mem 0x900100b0 mem 0x900100d0 mem 0x900100f0 mem 0x90010110 mem 0x90010130 mem 0x90010150 mem 0x90010170 mem 0x90010190 mem 0x900101b0 mem 0x900101d0 mem 0x900101f0 mem 0x90010210 mem 0x90010230 mem 0x90010250 mem 0x90010270 mem 0x90010290 mem 0x900102b0 mem 0x900102d0 mem 0x900102f0 mem 0x90010310 mem 0x90010330 mem 0x90010350 mem 0x90010370 mem 0x90010390 mem 0x900103b0 mem 0x900103d0 mem 0x900103f0
core   0: 0x8000059c (0x00c527fb) vlw12.v v15, v10, 12
core   0: 3 0x8000059c (0x00c527fb) e32 m1 l32 v15 ffffffff 0x3d9bd360 3e03ba41 be487071 3e43dc45 be18f40a 3e6547a3 bbffb4d3 3e05cdd7 be3c609d 3ddd237e bdbb1479 bce45043 3e655be6 3d0a2d10 be1a0c4a 3dfa6711 bdb212bd bd715f49 3e0663a6 be384856 3e40f6be bc700ef5 3dba555e 3e8b9a65 bc0af362 bda946cb bd83d1c6 bdac8a04 bd1189d7 3d9c77c6 bdf4898a 3d00a39f  c8_vstart 0x00000000 mem 0x9001000c mem 0x9001002c mem 0x9001004c mem 0x9001006c mem 0x9001008c mem 0x900100ac mem 0x900100cc mem 0x900100ec mem 0x9001010c mem 0x9001012c mem 0x9001014c mem 0x9001016c mem 0x9001018c mem 0x900101ac mem 0x900101cc mem 0x900101ec mem 0x9001020c mem 0x9001022c mem 0x9001024c mem 0x9001026c mem 0x9001028c mem 0x900102ac mem 0x900102cc mem 0x900102ec mem 0x9001030c mem 0x9001032c mem 0x9001034c mem 0x9001036c mem 0x9001038c mem 0x900103ac mem 0x900103cc mem 0x900103ec
core   0: 0x800005a0 (0x0085277b) vlw12.v v14, v10, 8
core   0: 3 0x800005a0 (0x0085277b) e32 m1 l32 v14 ffffffff 0xbd39eab5 3cecd088 be037b2b bda82422 3dfe1d77 bdebf8d0 3e231723 3deb723f bc2a0b9a bb661540 be2a9e10 be920544 3e028348 bca540ca bde278d3 bda2c156 3d5cb8ee bdcf6f32 bd09dc02 bc8cdc2f 3e1971d2 bde8aca5 3e2d60b4 bb230040 bdec5c36 3dd4b7ff bdefadc6 be15d48c 3e091552 bd3c1505 bd8aa885 bd175e99  c8_vstart 0x00000000 mem 0x90010008 mem 0x90010028 mem 0x90010048 mem 0x90010068 mem 0x90010088 mem 0x900100a8 mem 0x900100c8 mem 0x900100e8 mem 0x90010108 mem 0x90010128 mem 0x90010148 mem 0x90010168 mem 0x90010188 mem 0x900101a8 mem 0x900101c8 mem 0x900101e8 mem 0x90010208 mem 0x90010228 mem 0x90010248 mem 0x90010268 mem 0x90010288 mem 0x900102a8 mem 0x900102c8 mem 0x900102e8 mem 0x90010308 mem 0x90010328 mem 0x90010348 mem 0x90010368 mem 0x90010388 mem 0x900103a8 mem 0x900103c8 mem 0x900103e8
core   0: 0x800005a4 (0x004526fb) vlw12.v v13, v10, 4
core   0: 3 0x800005a4 (0x004526fb) e32 m1 l32 v13 ffffffff 0x3de7475e 3c5460d6 3e18ae60 3e02ea7c 3e2f7b78 bdb65dbe 3debbb6f bccba0e5 3dd6009f 3da834da bdf99b7f bdd4009c bdde0436 bd58fcac 3c9674d8 be14b710 bd91e3f2 3d2a23e9 3e83f9bb bdc5a822 bda2974a bc918ae0 3cc76b04 3be8fed4 3da39d07 bda2a94f 3ce6d05d bdce0e22 3ac67f90 bc8bc803 bd28709d 3e1b58cd  c8_vstart 0x00000000 mem 0x90010004 mem 0x90010024 mem 0x90010044 mem 0x90010064 mem 0x90010084 mem 0x900100a4 mem 0x900100c4 mem 0x900100e4 mem 0x90010104 mem 0x90010124 mem 0x90010144 mem 0x90010164 mem 0x90010184 mem 0x900101a4 mem 0x900101c4 mem 0x900101e4 mem 0x90010204 mem 0x90010224 mem 0x90010244 mem 0x90010264 mem 0x90010284 mem 0x900102a4 mem 0x900102c4 mem 0x900102e4 mem 0x90010304 mem 0x90010324 mem 0x90010344 mem 0x90010364 mem 0x90010384 mem 0x900103a4 mem 0x900103c4 mem 0x900103e4
core   0: 0x800005a8 (0x0005267b) vlw12.v v12, v10, 0
core   0: 3 0x800005a8 (0x0005267b) e32 m1 l32 v12 ffffffff 0x3db3cbca bbc2d4e0 3de43244 bde9fe34 bdbb9b3a 3ce36b6a be1a0c6b be285273 bd812153 3d9ac6e1 3e556919 be34d1d1 bdd0f630 3df3bb24 3df7b726 3d8505f7 3ddaedc3 bc004810 be24da18 bcd7f29e bd4eee3a 3c94de43 3d793507 bd230c3e 3defb6c1 3ba27b1c be10ba3c be27b855 3ca6d5f9 3e49609a bd8c39d5 bdfbca90  c8_vstart 0x00000000 mem 0x90010000 mem 0x90010020 mem 0x90010040 mem 0x90010060 mem 0x90010080 mem 0x900100a0 mem 0x900100c0 mem 0x900100e0 mem 0x90010100 mem 0x90010120 mem 0x90010140 mem 0x90010160 mem 0x90010180 mem 0x900101a0 mem 0x900101c0 mem 0x900101e0 mem 0x90010200 mem 0x90010220 mem 0x90010240 mem 0x90010260 mem 0x90010280 mem 0x900102a0 mem 0x900102c0 mem 0x900102e0 mem 0x90010300 mem 0x90010320 mem 0x90010340 mem 0x90010360 mem 0x90010380 mem 0x900103a0 mem 0x900103c0 mem 0x900103e0
core   0: 0x800005ac (0x02899457) vfadd.vv v8, v8, v19
core   0: 3 0x800005ac (0x02899457) c8_vstart 0x00000000 e32 m1 l32 v8  ffffffff 0x00000000 00000000 00000000 00000000 00000000 00000000 00000000 00000000 00000000 00000000 00000000 00000000 00000000 00000000 00000000 00000000 00000000 00000000 00000000 00000000 00000000 00000000 00000000 00000000 00000000 00000000 00000000 00000000 00000000 00000000 00000000 00000000 
core   0: 0x800005b0 (0x027913d7) vfadd.vv v7, v7, v18
core   0: 3 0x800005b0 (0x027913d7) c8_vstart 0x00000000 e32 m1 l32 v7  ffffffff 0x00000000 00000000 00000000 00000000 00000000 00000000 00000000 00000000 00000000 00000000 00000000 00000000 00000000 00000000 00000000 00000000 00000000 00000000 00000000 00000000 00000000 00000000 00000000 00000000 00000000 00000000 00000000 00000000 00000000 00000000 00000000 00000000 
core   0: 0x800005b4 (0x02689357) vfadd.vv v6, v6, v17
core   0: 3 0x800005b4 (0x02689357) c8_vstart 0x00000000 e32 m1 l32 v6  ffffffff 0x00000000 00000000 00000000 00000000 00000000 00000000 00000000 00000000 00000000 00000000 00000000 00000000 00000000 00000000 00000000 00000000 00000000 00000000 00000000 00000000 00000000 00000000 00000000 00000000 00000000 00000000 00000000 00000000 00000000 00000000 00000000 00000000 
core   0: 0x800005b8 (0x025812d7) vfadd.vv v5, v5, v16
core   0: 3 0x800005b8 (0x025812d7) c8_vstart 0x00000000 e32 m1 l32 v5  ffffffff 0x00000000 00000000 00000000 00000000 00000000 00000000 00000000 00000000 00000000 00000000 00000000 00000000 00000000 00000000 00000000 00000000 00000000 00000000 00000000 00000000 00000000 00000000 00000000 00000000 00000000 00000000 00000000 00000000 00000000 00000000 00000000 00000000 
core   0: 0x800005bc (0x02479257) vfadd.vv v4, v4, v15
core   0: 3 0x800005bc (0x02479257) c8_vstart 0x00000000 e32 m1 l32 v4  ffffffff 0x3d9bd360 3e03ba41 be487071 3e43dc45 be18f40a 3e6547a3 bbffb4d3 3e05cdd7 be3c609d 3ddd237e bdbb1479 bce45043 3e655be6 3d0a2d10 be1a0c4a 3dfa6711 bdb212bd bd715f49 3e0663a6 be384856 3e40f6be bc700ef5 3dba555e 3e8b9a65 bc0af362 bda946cb bd83d1c6 bdac8a04 bd1189d7 3d9c77c6 bdf4898a 3d00a39f 
core   0: 0x800005c0 (0x023711d7) vfadd.vv v3, v3, v14
core   0: 3 0x800005c0 (0x023711d7) c8_vstart 0x00000000 e32 m1 l32 v3  ffffffff 0xbd39eab5 3cecd088 be037b2b bda82422 3dfe1d77 bdebf8d0 3e231723 3deb723f bc2a0b9a bb661540 be2a9e10 be920544 3e028348 bca540ca bde278d3 bda2c156 3d5cb8ee bdcf6f32 bd09dc02 bc8cdc2f 3e1971d2 bde8aca5 3e2d60b4 bb230040 bdec5c36 3dd4b7ff bdefadc6 be15d48c 3e091552 bd3c1505 bd8aa885 bd175e99 
core   0: 0x800005c4 (0x02269157) vfadd.vv v2, v2, v13
core   0: 3 0x800005c4 (0x02269157) c8_vstart 0x00000000 e32 m1 l32 v2  ffffffff 0x3de7475e 3c5460d6 3e18ae60 3e02ea7c 3e2f7b78 bdb65dbe 3debbb6f bccba0e5 3dd6009f 3da834da bdf99b7f bdd4009c bdde0436 bd58fcac 3c9674d8 be14b710 bd91e3f2 3d2a23e9 3e83f9bb bdc5a822 bda2974a bc918ae0 3cc76b04 3be8fed4 3da39d07 bda2a94f 3ce6d05d bdce0e22 3ac67f90 bc8bc803 bd28709d 3e1b58cd 
core   0: 0x800005c8 (0x021610d7) vfadd.vv v1, v1, v12
core   0: 3 0x800005c8 (0x021610d7) c8_vstart 0x00000000 e32 m1 l32 v1  ffffffff 0x3db3cbca bbc2d4e0 3de43244 bde9fe34 bdbb9b3a 3ce36b6a be1a0c6b be285273 bd812153 3d9ac6e1 3e556919 be34d1d1 bdd0f630 3df3bb24 3df7b726 3d8505f7 3ddaedc3 bc004810 be24da18 bcd7f29e bd4eee3a 3c94de43 3d793507 bd230c3e 3defb6c1 3ba27b1c be10ba3c be27b855 3ca6d5f9 3e49609a bd8c39d5 bdfbca90 
core   0: 0x800005cc (0x0015958b) vsub12.vi v11, v11, 1
core   0: 3 0x800005cc (0x0015958b) c8_vstart 0x00000000 e32 m1 l32 v11 ffffffff 0x00000000 00000000 00000000 00000000 00000000 00000000 00000000 00000000 00000000 00000000 00000000 00000000 00000000 00000000 00000000 00000000 00000000 00000000 00000000 00000000 00000000 00000000 00000000 00000000 00000000 00000000 00000000 00000000 00000000 00000000 00000000 00000000 
core   0: 0x800005d0 (0x4005050b) vadd12.vi v10, v10, 1024
core   0: 3 0x800005d0 (0x4005050b) c8_vstart 0x00000000 e32 m1 l32 v10 ffffffff 0x900107e0 900107c0 900107a0 90010780 90010760 90010740 90010720 90010700 900106e0 900106c0 900106a0 90010680 90010660 90010640 90010620 90010600 900105e0 900105c0 900105a0 90010580 90010560 90010540 90010520 90010500 900104e0 900104c0 900104a0 90010480 90010460 90010440 90010420 90010400 
core   0: 0x800005d4 (0x00000317) auipc   x6, 0x0
core   0: 3 0x800005d4 (0x00000317) x6  0x800005d4
core   0: 0x800005d8 (0xf7c3305b) setrpc  x0, x6, -132
core   0: 3 0x800005d8 (0xf7c3305b) c2060_rpc 0x80000550 current mask:	ffffffff current npc:	800004d4 stack size: 0
core   0: 0x800005dc (0xf6ba0adb) vbeq    v11, v20, pc - 140
core   0: 3 0x800005dc (0xf6ba0adb) c8_vstart 0x00000000 e32 m1 l32 current mask:	ffffffff current npc:	80000550 stack size: 0
core   0: 0x80000550 (0x0000205b) join    v0, v0, pc + 0
core   0: 3 0x80000550 (0x0000205b) current mask:	ffffffff current npc:	80000550 stack size: 0
core   0: 0x80000554 (0x9692b4d7) vsll.vi v9, v9, 5
core   0: 3 0x80000554 (0x9692b4d7) c8_vstart 0x00000000 e32 m1 l32 v9  ffffffff 0x00000100 00000100 00000100 00000100 00000100 00000100 00000100 00000100 00000100 00000100 00000100 00000100 00000100 00000100 00000100 00000100 00000100 00000100 00000100 00000100 00000100 00000100 00000100 00000100 00000100 00000100 00000100 00000100 00000100 00000100 00000100 00000100 
core   0: 0x80000558 (0x02900057) vadd.vv v0, v9, v0
core   0: 3 0x80000558 (0x02900057) c8_vstart 0x00000000 e32 m1 l32 v0  ffffffff 0x0000011f 0000011e 0000011d 0000011c 0000011b 0000011a 00000119 00000118 00000117 00000116 00000115 00000114 00000113 00000112 00000111 00000110 0000010f 0000010e 0000010d 0000010c 0000010b 0000010a 00000109 00000108 00000107 00000106 00000105 00000104 00000103 00000102 00000101 00000100 
core   0: 0x8000055c (0x9602b057) vsll.vi v0, v0, 5
core   0: 3 0x8000055c (0x9602b057) c8_vstart 0x00000000 e32 m1 l32 v0  ffffffff 0x000023e0 000023c0 000023a0 00002380 00002360 00002340 00002320 00002300 000022e0 000022c0 000022a0 00002280 00002260 00002240 00002220 00002200 000021e0 000021c0 000021a0 00002180 00002160 00002140 00002120 00002100 000020e0 000020c0 000020a0 00002080 00002060 00002040 00002020 00002000 
core   0: 0x80000560 (0xff812283) lw      x5, -8(x2)
core   0: 3 0x80000560 (0xff812283) x5  0x90011000 mem 0x70000010
core   0: 0x80000564 (0x0202c057) vadd.vx v0, v0, x5
core   0: 3 0x80000564 (0x0202c057) c8_vstart 0x00000000 e32 m1 l32 v0  ffffffff 0x900133e0 900133c0 900133a0 90013380 90013360 90013340 90013320 90013300 900132e0 900132c0 900132a0 90013280 90013260 90013240 90013220 90013200 900131e0 900131c0 900131a0 90013180 90013160 90013140 90013120 90013100 900130e0 900130c0 900130a0 90013080 90013060 90013040 90013020 90013000 
core   0: 0x80000568 (0x00806e7b) vsw12.v v8, v0, 28
core   0: 3 0x80000568 (0x00806e7b) c8_vstart 0x00000000 e32 m1 l32 mem 0x9001301c 0x00000000 mem 0x9001303c 0x00000000 mem 0x9001305c 0x00000000 mem 0x9001307c 0x00000000 mem 0x9001309c 0x00000000 mem 0x900130bc 0x00000000 mem 0x900130dc 0x00000000 mem 0x900130fc 0x00000000 mem 0x9001311c 0x00000000 mem 0x9001313c 0x00000000 mem 0x9001315c 0x00000000 mem 0x9001317c 0x00000000 mem 0x9001319c 0x00000000 mem 0x900131bc 0x00000000 mem 0x900131dc 0x00000000 mem 0x900131fc 0x00000000 mem 0x9001321c 0x00000000 mem 0x9001323c 0x00000000 mem 0x9001325c 0x00000000 mem 0x9001327c 0x00000000 mem 0x9001329c 0x00000000 mem 0x900132bc 0x00000000 mem 0x900132dc 0x00000000 mem 0x900132fc 0x00000000 mem 0x9001331c 0x00000000 mem 0x9001333c 0x00000000 mem 0x9001335c 0x00000000 mem 0x9001337c 0x00000000 mem 0x9001339c 0x00000000 mem 0x900133bc 0x00000000 mem 0x900133dc 0x00000000 mem 0x900133fc 0x00000000
core   0: 0x8000056c (0x00706c7b) vsw12.v v7, v0, 24
core   0: 3 0x8000056c (0x00706c7b) c8_vstart 0x00000000 e32 m1 l32 mem 0x90013018 0x00000000 mem 0x90013038 0x00000000 mem 0x90013058 0x00000000 mem 0x90013078 0x00000000 mem 0x90013098 0x00000000 mem 0x900130b8 0x00000000 mem 0x900130d8 0x00000000 mem 0x900130f8 0x00000000 mem 0x90013118 0x00000000 mem 0x90013138 0x00000000 mem 0x90013158 0x00000000 mem 0x90013178 0x00000000 mem 0x90013198 0x00000000 mem 0x900131b8 0x00000000 mem 0x900131d8 0x00000000 mem 0x900131f8 0x00000000 mem 0x90013218 0x00000000 mem 0x90013238 0x00000000 mem 0x90013258 0x00000000 mem 0x90013278 0x00000000 mem 0x90013298 0x00000000 mem 0x900132b8 0x00000000 mem 0x900132d8 0x00000000 mem 0x900132f8 0x00000000 mem 0x90013318 0x00000000 mem 0x90013338 0x00000000 mem 0x90013358 0x00000000 mem 0x90013378 0x00000000 mem 0x90013398 0x00000000 mem 0x900133b8 0x00000000 mem 0x900133d8 0x00000000 mem 0x900133f8 0x00000000
core   0: 0x80000570 (0x00606a7b) vsw12.v v6, v0, 20
core   0: 3 0x80000570 (0x00606a7b) c8_vstart 0x00000000 e32 m1 l32 mem 0x90013014 0x00000000 mem 0x90013034 0x00000000 mem 0x90013054 0x00000000 mem 0x90013074 0x00000000 mem 0x90013094 0x00000000 mem 0x900130b4 0x00000000 mem 0x900130d4 0x00000000 mem 0x900130f4 0x00000000 mem 0x90013114 0x00000000 mem 0x90013134 0x00000000 mem 0x90013154 0x00000000 mem 0x90013174 0x00000000 mem 0x90013194 0x00000000 mem 0x900131b4 0x00000000 mem 0x900131d4 0x00000000 mem 0x900131f4 0x00000000 mem 0x90013214 0x00000000 mem 0x90013234 0x00000000 mem 0x90013254 0x00000000 mem 0x90013274 0x00000000 mem 0x90013294 0x00000000 mem 0x900132b4 0x00000000 mem 0x900132d4 0x00000000 mem 0x900132f4 0x00000000 mem 0x90013314 0x00000000 mem 0x90013334 0x00000000 mem 0x90013354 0x00000000 mem 0x90013374 0x00000000 mem 0x90013394 0x00000000 mem 0x900133b4 0x00000000 mem 0x900133d4 0x00000000 mem 0x900133f4 0x00000000
core   0: 0x80000574 (0x0050687b) vsw12.v v5, v0, 16
core   0: 3 0x80000574 (0x0050687b) c8_vstart 0x00000000 e32 m1 l32 mem 0x90013010 0x00000000 mem 0x90013030 0x00000000 mem 0x90013050 0x00000000 mem 0x90013070 0x00000000 mem 0x90013090 0x00000000 mem 0x900130b0 0x00000000 mem 0x900130d0 0x00000000 mem 0x900130f0 0x00000000 mem 0x90013110 0x00000000 mem 0x90013130 0x00000000 mem 0x90013150 0x00000000 mem 0x90013170 0x00000000 mem 0x90013190 0x00000000 mem 0x900131b0 0x00000000 mem 0x900131d0 0x00000000 mem 0x900131f0 0x00000000 mem 0x90013210 0x00000000 mem 0x90013230 0x00000000 mem 0x90013250 0x00000000 mem 0x90013270 0x00000000 mem 0x90013290 0x00000000 mem 0x900132b0 0x00000000 mem 0x900132d0 0x00000000 mem 0x900132f0 0x00000000 mem 0x90013310 0x00000000 mem 0x90013330 0x00000000 mem 0x90013350 0x00000000 mem 0x90013370 0x00000000 mem 0x90013390 0x00000000 mem 0x900133b0 0x00000000 mem 0x900133d0 0x00000000 mem 0x900133f0 0x00000000
core   0: 0x80000578 (0x0040667b) vsw12.v v4, v0, 12
core   0: 3 0x80000578 (0x0040667b) c8_vstart 0x00000000 e32 m1 l32 mem 0x9001300c 0x3d00a39f mem 0x9001302c 0xbdf4898a mem 0x9001304c 0x3d9c77c6 mem 0x9001306c 0xbd1189d7 mem 0x9001308c 0xbdac8a04 mem 0x900130ac 0xbd83d1c6 mem 0x900130cc 0xbda946cb mem 0x900130ec 0xbc0af362 mem 0x9001310c 0x3e8b9a65 mem 0x9001312c 0x3dba555e mem 0x9001314c 0xbc700ef5 mem 0x9001316c 0x3e40f6be mem 0x9001318c 0xbe384856 mem 0x900131ac 0x3e0663a6 mem 0x900131cc 0xbd715f49 mem 0x900131ec 0xbdb212bd mem 0x9001320c 0x3dfa6711 mem 0x9001322c 0xbe1a0c4a mem 0x9001324c 0x3d0a2d10 mem 0x9001326c 0x3e655be6 mem 0x9001328c 0xbce45043 mem 0x900132ac 0xbdbb1479 mem 0x900132cc 0x3ddd237e mem 0x900132ec 0xbe3c609d mem 0x9001330c 0x3e05cdd7 mem 0x9001332c 0xbbffb4d3 mem 0x9001334c 0x3e6547a3 mem 0x9001336c 0xbe18f40a mem 0x9001338c 0x3e43dc45 mem 0x900133ac 0xbe487071 mem 0x900133cc 0x3e03ba41 mem 0x900133ec 0x3d9bd360
core   0: 0x8000057c (0x0030647b) vsw12.v v3, v0, 8
core   0: 3 0x8000057c (0x0030647b) c8_vstart 0x00000000 e32 m1 l32 mem 0x90013008 0xbd175e99 mem 0x90013028 0xbd8aa885 mem 0x90013048 0xbd3c1505 mem 0x90013068 0x3e091552 mem 0x90013088 0xbe15d48c mem 0x900130a8 0xbdefadc6 mem 0x900130c8 0x3dd4b7ff mem 0x900130e8 0xbdec5c36 mem 0x90013108 0xbb230040 mem 0x90013128 0x3e2d60b4 mem 0x90013148 0xbde8aca5 mem 0x90013168 0x3e1971d2 mem 0x90013188 0xbc8cdc2f mem 0x900131a8 0xbd09dc02 mem 0x900131c8 0xbdcf6f32 mem 0x900131e8 0x3d5cb8ee mem 0x90013208 0xbda2c156 mem 0x90013228 0xbde278d3 mem 0x90013248 0xbca540ca mem 0x90013268 0x3e028348 mem 0x90013288 0xbe920544 mem 0x900132a8 0xbe2a9e10 mem 0x900132c8 0xbb661540 mem 0x900132e8 0xbc2a0b9a mem 0x90013308 0x3deb723f mem 0x90013328 0x3e231723 mem 0x90013348 0xbdebf8d0 mem 0x90013368 0x3dfe1d77 mem 0x90013388 0xbda82422 mem 0x900133a8 0xbe037b2b mem 0x900133c8 0x3cecd088 mem 0x900133e8 0xbd39eab5
core   0: 0x80000580 (0x0020627b) vsw12.v v2, v0, 4
core   0: 3 0x80000580 (0x0020627b) c8_vstart 0x00000000 e32 m1 l32 mem 0x90013004 0x3e1b58cd mem 0x90013024 0xbd28709d mem 0x90013044 0xbc8bc803 mem 0x90013064 0x3ac67f90 mem 0x90013084 0xbdce0e22 mem 0x900130a4 0x3ce6d05d mem 0x900130c4 0xbda2a94f mem 0x900130e4 0x3da39d07 mem 0x90013104 0x3be8fed4 mem 0x90013124 0x3cc76b04 mem 0x90013144 0xbc918ae0 mem 0x90013164 0xbda2974a mem 0x90013184 0xbdc5a822 mem 0x900131a4 0x3e83f9bb mem 0x900131c4 0x3d2a23e9 mem 0x900131e4 0xbd91e3f2 mem 0x90013204 0xbe14b710 mem 0x90013224 0x3c9674d8 mem 0x90013244 0xbd58fcac mem 0x90013264 0xbdde0436 mem 0x90013284 0xbdd4009c mem 0x900132a4 0xbdf99b7f mem 0x900132c4 0x3da834da mem 0x900132e4 0x3dd6009f mem 0x90013304 0xbccba0e5 mem 0x90013324 0x3debbb6f mem 0x90013344 0xbdb65dbe mem 0x90013364 0x3e2f7b78 mem 0x90013384 0x3e02ea7c mem 0x900133a4 0x3e18ae60 mem 0x900133c4 0x3c5460d6 mem 0x900133e4 0x3de7475e
core   0: 0x80000584 (0x0010607b) vsw12.v v1, v0, 0
core   0: 3 0x80000584 (0x0010607b) c8_vstart 0x00000000 e32 m1 l32 mem 0x90013000 0xbdfbca90 mem 0x90013020 0xbd8c39d5 mem 0x90013040 0x3e49609a mem 0x90013060 0x3ca6d5f9 mem 0x90013080 0xbe27b855 mem 0x900130a0 0xbe10ba3c mem 0x900130c0 0x3ba27b1c mem 0x900130e0 0x3defb6c1 mem 0x90013100 0xbd230c3e mem 0x90013120 0x3d793507 mem 0x90013140 0x3c94de43 mem 0x90013160 0xbd4eee3a mem 0x90013180 0xbcd7f29e mem 0x900131a0 0xbe24da18 mem 0x900131c0 0xbc004810 mem 0x900131e0 0x3ddaedc3 mem 0x90013200 0x3d8505f7 mem 0x90013220 0x3df7b726 mem 0x90013240 0x3df3bb24 mem 0x90013260 0xbdd0f630 mem 0x90013280 0xbe34d1d1 mem 0x900132a0 0x3e556919 mem 0x900132c0 0x3d9ac6e1 mem 0x900132e0 0xbd812153 mem 0x90013300 0xbe285273 mem 0x90013320 0xbe1a0c6b mem 0x90013340 0x3ce36b6a mem 0x90013360 0xbdbb9b3a mem 0x90013380 0xbde9fe34 mem 0x900133a0 0x3de43244 mem 0x900133c0 0xbbc2d4e0 mem 0x900133e0 0x3db3cbca
core   0: 0x80000588 (0x05c0006f) j       pc + 0x5c
core   0: 3 0x80000588 (0x05c0006f)
core   0: 0x800005e4 (0x0000205b) join    v0, v0, pc + 0
core   0: 3 0x800005e4 (0x0000205b) current mask:	ffffffff current npc:	80000550 stack size: 0
core   0: 0x800005e8 (0xfe812083) lw      x1, -24(x2)
core   0: 3 0x800005e8 (0xfe812083) x1  0x800000a0 mem 0x70000000
core   0: 0x800005ec (0xfe810113) addi    x2, x2, -24
core   0: 3 0x800005ec (0xfe810113) x2  0x70000000
core   0: 0x800005f0 (0xffc20213) addi    x4, x4, -4
core   0: 3 0x800005f0 (0xffc20213) x4  0x00000000
core   0: 0x800005f4 (0x0010200b) regext  x0, x0,  0 0 0 1 
core   0: 3 0x800005f4 (0x0010200b)
core   0: 0x800005f8 (0x5e024057) vmv.v.x v0, x4
core   0: 3 0x800005f8 (0x5e024057) c8_vstart 0x00000core   0: 0x00001000 (0x00000297) auipc   x5, 0x0
core   0: 3 0x00001000 (0x00000297) x5  0x00001000
core   0: 0x00001004 (0x02028593) addi    x11, x5, 32
core   0: 3 0x00001004 (0x02028593) x11 0x00001020
core   0: 0x00001008 (0xf1402573) csrr    x10, mhartid
core   0: 3 0x00001008 (0xf1402573) x10 0x00000000
core   0: 0x0000100c (0x0182a283) lw      x5, 24(x5)
core   0: 3 0x0000100c (0x0182a283) x5  0x80000000 mem 0x00001018
core   0: 0x00001010 (0x00028067) jr      x5
core   0: 3 0x00001010 (0x00028067)
core   0: 0x80000000 (0x00004197) auipc   x3, 0x4
core   0: 3 0x80000000 (0x00004197) x3  0x80004000
core   0: 0x80000004 (0x80818193) addi    x3, x3, -2040
core   0: 3 0x80000004 (0x80818193) x3  0x80003808
core   0: 0x80000008 (0x02000e93) li      x29, 32
core   0: 3 0x80000008 (0x02000e93) x29 0x00000020
core   0: 0x8000000c (0x0d0efed7) vsetvli x29, x29, e32, m1, ta, ma
core   0: 3 0x8000000c (0x0d0efed7) x29 0x00000020 c8_vstart 0x00000000 c3104_vl 0x00000020 c3105_vtype 0x000000d0 c768_mstatus 0x80000600
core   0: 0x80000010 (0x00002eb7) lui     x29, 0x2
core   0: 3 0x80000010 (0x00002eb7) x29 0x00002000
core   0: 0x80000014 (0x300eaef3) csrrs   x29, mstatus, x29
core   0: 3 0x80000014 (0x300eaef3) x29 0x80000600 c768_mstatus 0x80006600
core   0: 0x80000018 (0x00000e93) li      x29, 0
core   0: 3 0x80000018 (0x00000e93) x29 0x00000000
core   0: 0x8000001c (0x80502373) csrr    x6, wid
core   0: 3 0x8000001c (0x80502373) x6  0x00000000
core   0: 0x80000020 (0x806023f3) csrr    x7, lds
core   0: 3 0x80000020 (0x806023f3) x7  0x70000000
core   0: 0x80000024 (0x40000e13) li      x28, 1024
core   0: 3 0x80000024 (0x40000e13) x28 0x00000400
core   0: 0x80000028 (0x03c30333) mul     x6, x6, x28
core   0: 3 0x80000028 (0x03c30333) x6  0x00000000
core   0: 0x8000002c (0x00730133) add     x2, x6, x7
core   0: 3 0x8000002c (0x00730133) x2  0x70000000
core   0: 0x80000030 (0x00000213) li      x4, 0
core   0: 3 0x80000030 (0x00000213) x4  0x00000000
core   0: 0x80000034 (0x80102f73) csrr    x30, numw
core   0: 3 0x80000034 (0x80102f73) x30 0x00000001
core   0: 0x80000038 (0x40000e13) li      x28, 1024
core   0: 3 0x80000038 (0x40000e13) x28 0x00000400
core   0: 0x8000003c (0x03cf0f33) mul     x30, x30, x28
core   0: 3 0x8000003c (0x03cf0f33) x30 0x00000400
core   0: 0x80000040 (0x01e38433) add     x8, x7, x30
core   0: 3 0x80000040 (0x01e38433) x8  0x70000400
core   0: 0x80000044 (0x00003517) auipc   x10, 0x3
core   0: 3 0x80000044 (0x00003517) x10 0x80003044
core   0: 0x80000048 (0xfc450513) addi    x10, x10, -60
core   0: 3 0x80000048 (0xfc450513) x10 0x80003008
core   0: 0x8000004c (0x00003617) auipc   x12, 0x3
core   0: 3 0x8000004c (0x00003617) x12 0x8000304c
core   0: 0x80000050 (0xfbc60613) addi    x12, x12, -68
core   0: 3 0x80000050 (0xfbc60613) x12 0x80003008
core   0: 0x80000054 (0x00c50863) beq     x10, x12, pc + 16
core   0: 3 0x80000054 (0x00c50863)
core   0: 0x80000064 (0x803022f3) csrr    x5, knl
core   0: 3 0x80000064 (0x803022f3) x5  0x90195000
core   0: 0x80000068 (0x0002a303) lw      x6, 0(x5)
core   0: 3 0x80000068 (0x0002a303) x6  0x80000464 mem 0x90195000
core   0: 0x8000006c (0x0042a503) lw      x10, 4(x5)
core   0: 3 0x8000006c (0x0042a503) x10 0x90014000 mem 0x90195004
core   0: 0x80000070 (0x0302a383) lw      x7, 48(x5)
core   0: 3 0x80000070 (0x0302a383) x7  0x00000000 mem 0x90195030
core   0: 0x80000074 (0x0342ae03) lw      x28, 52(x5)
core   0: 3 0x80000074 (0x0342ae03) x28 0x00000000 mem 0x90195034
core   0: 0x80000078 (0x00003e97) auipc   x29, 0x3
core   0: 3 0x80000078 (0x00003e97) x29 0x80003078
core   0: 0x8000007c (0xf88e8e93) addi    x29, x29, -120
core   0: 3 0x8000007c (0xf88e8e93) x29 0x80003000
core   0: 0x80000080 (0x00003f17) auipc   x30, 0x3
core   0: 3 0x80000080 (0x00003f17) x30 0x80003080
core   0: 0x80000084 (0xf84f0f13) addi    x30, x30, -124
core   0: 3 0x80000084 (0xf84f0f13) x30 0x80003004
core   0: 0x80000088 (0x007ea023) sw      x7, 0(x29)
core   0: 3 0x80000088 (0x007ea023) mem 0x80003000 0x00000000
core   0: 0x8000008c (0x01cf2023) sw      x28, 0(x30)
core   0: 3 0x8000008c (0x01cf2023) mem 0x80003004 0x00000000
core   0: 0x80000090 (0x00000f97) auipc   x31, 0x0
core   0: 3 0x80000090 (0x00000f97) x31 0x80000090
core   0: 0x80000094 (0x018f8f93) addi    x31, x31, 24
core   0: 3 0x80000094 (0x018f8f93) x31 0x800000a8
core   0: 0x80000098 (0x305f9073) csrw    mtvec, x31
core   0: 3 0x80000098 (0x305f9073) c773_mtvec 0x800000a8
core   0: 0x8000009c (0x000300e7) jalr    x6
core   0: 3 0x8000009c (0x000300e7) x1  0x800000a0
core   0: 0x80000464 (0x01810113) addi    x2, x2, 24
core   0: 3 0x80000464 (0x01810113) x2  0x70000018
core   0: 0x80000468 (0x00420213) addi    x4, x4, 4
core   0: 3 0x80000468 (0x00420213) x4  0x00000004
core   0: 0x8000046c (0x0010200b) regext  x0, x0,  0 0 0 1 
core   0: 3 0x8000046c (0x0010200b)
core   0: 0x80000470 (0x5e024057) vmv.v.x v0, x4
core   0: 3 0x80000470 (0x5e024057) c8_vstart 0x00000000 e32 m1 l32 v32 ffffffff 0x00000004 00000004 00000004 00000004 00000004 00000004 00000004 00000004 00000004 00000004 00000004 00000004 00000004 00000004 00000004 00000004 00000004 00000004 00000004 00000004 00000004 00000004 00000004 00000004 00000004 00000004 00000004 00000004 00000004 00000004 00000004 00000004 
core   0: 0x80000474 (0xfe112423) sw      x1, -24(x2)
core   0: 3 0x80000474 (0xfe112423) mem 0x70000000 0x800000a0
core   0: 0x80000478 (0x01052283) lw      x5, 16(x10)
core   0: 3 0x80000478 (0x01052283) x5  0x90011000 mem 0x90014010
core   0: 0x8000047c (0xfe512c23) sw      x5, -8(x2)
core   0: 3 0x8000047c (0xfe512c23) mem 0x70000010 0x90011000
core   0: 0x80000480 (0x00c52283) lw      x5, 12(x10)
core   0: 3 0x80000480 (0x00c52283) x5  0x00000001 mem 0x9001400c
core   0: 0x80000484 (0xfe512a23) sw      x5, -12(x2)
core   0: 3 0x80000484 (0xfe512a23) mem 0x7000000c 0x00000001
core   0: 0x80000488 (0x00452283) lw      x5, 4(x10)
core   0: 3 0x80000488 (0x00452283) x5  0x00000000 mem 0x90014004
core   0: 0x8000048c (0xfe512823) sw      x5, -16(x2)
core   0: 3 0x8000048c (0xfe512823) mem 0x70000008 0x00000000
core   0: 0x80000490 (0x00052283) lw      x5, 0(x10)
core   0: 3 0x80000490 (0x00052283) x5  0x9000e000 mem 0x90014000
core   0: 0x80000494 (0xfe512623) sw      x5, -20(x2)
core   0: 3 0x80000494 (0xfe512623) mem 0x70000004 0x9000e000
core   0: 0x80000498 (0x00852283) lw      x5, 8(x10)
core   0: 3 0x80000498 (0x00852283) x5  0x0000000c mem 0x90014008
core   0: 0x8000049c (0xfe512e23) sw      x5, -4(x2)
core   0: 3 0x8000049c (0xfe512e23) mem 0x70000014 0x0000000c
core   0: 0x800004a0 (0x5e004057) vmv.v.x v0, x0
core   0: 3 0x800004a0 (0x5e004057) c8_vstart 0x00000000 e32 m1 l32 v0  ffffffff 0x00000000 00000000 00000000 00000000 00000000 00000000 00000000 00000000 00000000 00000000 00000000 00000000 00000000 00000000 00000000 00000000 00000000 00000000 00000000 00000000 00000000 00000000 00000000 00000000 00000000 00000000 00000000 00000000 00000000 00000000 00000000 00000000 
core   0: 0x800004a4 (0x1d4000ef) jal     pc + 0x1d4
core   0: 3 0x800004a4 (0x1d4000ef) x1  0x800004a8
core   0: 0x80000678 (0x00410113) addi    x2, x2, 4
core   0: 3 0x80000678 (0x00410113) x2  0x7000001c
core   0: 0x8000067c (0xfe112e23) sw      x1, -4(x2)
core   0: 3 0x8000067c (0xfe112e23) mem 0x70000018 0x800004a8
core   0: 0x80000680 (0x020040d7) vadd.vx v1, v0, x0
core   0: 3 0x80000680 (0x020040d7) c8_vstart 0x00000000 e32 m1 l32 v1  ffffffff 0x00000000 00000000 00000000 00000000 00000000 00000000 00000000 00000000 00000000 00000000 00000000 00000000 00000000 00000000 00000000 00000000 00000000 00000000 00000000 00000000 00000000 00000000 00000000 00000000 00000000 00000000 00000000 00000000 00000000 00000000 00000000 00000000 
core   0: 0x80000684 (0x00200293) li      x5, 2
core   0: 3 0x80000684 (0x00200293) x5  0x00000002
core   0: 0x80000688 (0x5e02c057) vmv.v.x v0, x5
core   0: 3 0x80000688 (0x5e02c057) c8_vstart 0x00000000 e32 m1 l32 v0  ffffffff 0x00000002 00000002 00000002 00000002 00000002 00000002 00000002 00000002 00000002 00000002 00000002 00000002 00000002 00000002 00000002 00000002 00000002 00000002 00000002 00000002 00000002 00000002 00000002 00000002 00000002 00000002 00000002 00000002 00000002 00000002 00000002 00000002 
core   0: 0x8000068c (0x00000317) auipc   x6, 0x0
core   0: 3 0x8000068c (0x00000317) x6  0x8000068c
core   0: 0x80000690 (0x0543305b) setrpc  x0, x6, 84
core   0: 3 0x80000690 (0x0543305b) c2060_rpc 0x800006e0 current mask:	ffffffff current npc:	00000000 stack size: 0
core   0: 0x80000694 (0x0410045b) vbeq    v1, v0, pc + 72
core   0: 3 0x80000694 (0x0410045b) c8_vstart 0x00000000 e32 m1 l32 current mask:	ffffffff current npc:	80000698 stack size: 0
core   0: 0x80000698 (0x0040006f) j       pc + 0x4
core   0: 3 0x80000698 (0x0040006f)
core   0: 0x8000069c (0x00100293) li      x5, 1
core   0: 3 0x8000069c (0x00100293) x5  0x00000001
core   0: 0x800006a0 (0x5e02c057) vmv.v.x v0, x5
core   0: 3 0x800006a0 (0x5e02c057) c8_vstart 0x00000000 e32 m1 l32 v0  ffffffff 0x00000001 00000001 00000001 00000001 00000001 00000001 00000001 00000001 00000001 00000001 00000001 00000001 00000001 00000001 00000001 00000001 00000001 00000001 00000001 00000001 00000001 00000001 00000001 00000001 00000001 00000001 00000001 00000001 00000001 00000001 00000001 00000001 
core   0: 0x800006a4 (0x00000317) auipc   x6, 0x0
core   0: 3 0x800006a4 (0x00000317) x6  0x800006a4
core   0: 0x800006a8 (0x03c3305b) setrpc  x0, x6, 60
core   0: 3 0x800006a8 (0x03c3305b) c2060_rpc 0x800006e0 current mask:	ffffffff current npc:	80000698 stack size: 0
core   0: 0x800006ac (0x0210045b) vbeq    v1, v0, pc + 40
core   0: 3 0x800006ac (0x0210045b) c8_vstart 0x00000000 e32 m1 l32 current mask:	ffffffff current npc:	800006b0 stack size: 0
core   0: 0x800006b0 (0x0040006f) j       pc + 0x4
core   0: 3 0x800006b0 (0x0040006f)
core   0: 0x800006b4 (0x5e004157) vmv.v.x v2, x0
core   0: 3 0x800006b4 (0x5e004157) c8_vstart 0x00000000 e32 m1 l32 v2  ffffffff 0x00000000 00000000 00000000 00000000 00000000 00000000 00000000 00000000 00000000 00000000 00000000 00000000 00000000 00000000 00000000 00000000 00000000 00000000 00000000 00000000 00000000 00000000 00000000 00000000 00000000 00000000 00000000 00000000 00000000 00000000 00000000 00000000 
core   0: 0x800006b8 (0x5e004057) vmv.v.x v0, x0
core   0: 3 0x800006b8 (0x5e004057) c8_vstart 0x00000000 e32 m1 l32 v0  ffffffff 0x00000000 00000000 00000000 00000000 00000000 00000000 00000000 00000000 00000000 00000000 00000000 00000000 00000000 00000000 00000000 00000000 00000000 00000000 00000000 00000000 00000000 00000000 00000000 00000000 00000000 00000000 00000000 00000000 00000000 00000000 00000000 00000000 
core   0: 0x800006bc (0x00000317) auipc   x6, 0x0
core   0: 3 0x800006bc (0x00000317) x6  0x800006bc
core   0: 0x800006c0 (0x0243305b) setrpc  x0, x6, 36
core   0: 3 0x800006c0 (0x0243305b) c2060_rpc 0x800006e0 current mask:	ffffffff current npc:	800006b0 stack size: 0
core   0: 0x800006c4 (0x00111e5b) vbne    v1, v2, pc + 28
core   0: 3 0x800006c4 (0x00111e5b) c8_vstart 0x00000000 e32 m1 l32 current mask:	ffffffff current npc:	800006c8 stack size: 0
core   0: 0x800006c8 (0x0040006f) j       pc + 0x4
core   0: 3 0x800006c8 (0x0040006f)
core   0: 0x800006cc (0x09c000ef) jal     pc + 0x9c
core   0: 3 0x800006cc (0x09c000ef) x1  0x800006d0
core   0: 0x80000768 (0x80802573) csrr    x10, gidx
core   0: 3 0x80000768 (0x80802573) x10 0x00000009
core   0: 0x8000076c (0x5e054057) vmv.v.x v0, x10
core   0: 3 0x8000076c (0x5e054057) c8_vstart 0x00000000 e32 m1 l32 v0  ffffffff 0x00000009 00000009 00000009 00000009 00000009 00000009 00000009 00000009 00000009 00000009 00000009 00000009 00000009 00000009 00000009 00000009 00000009 00000009 00000009 00000009 00000009 00000009 00000009 00000009 00000009 00000009 00000009 00000009 00000009 00000009 00000009 00000009 
core   0: 0x80000770 (0x00008067) ret
core   0: 3 0x80000770 (0x00008067)
core   0: 0x800006d0 (0x0100006f) j       pc + 0x10
core   0: 3 0x800006d0 (0x0100006f)
core   0: 0x800006e0 (0x0000205b) join    v0, v0, pc + 0
core   0: 3 0x800006e0 (0x0000205b) current mask:	ffffffff current npc:	800006c8 stack size: 0
core   0: 0x800006e4 (0xffc12083) lw      x1, -4(x2)
core   0: 3 0x800006e4 (0xffc12083) x1  0x800004a8 mem 0x70000018
core   0: 0x800006e8 (0xffc10113) addi    x2, x2, -4
core   0: 3 0x800006e8 (0xffc10113) x2  0x70000018
core   0: 0x800006ec (0x00008067) ret
core   0: 3 0x800006ec (0x00008067)
core   0: 0x800004a8 (0x0080200b) regext  x0, x0,  0 0 1 0 
core   0: 3 0x800004a8 (0x0080200b)
core   0: 0x800004ac (0xfe002e2b) vsw.v   v0, x0, -4
core   0: 3 0x800004ac (0xfe002e2b) c8_vstart 0x00000000 mem 0x90015000 0x00000009 mem 0x90015004 0x00000009 mem 0x90015008 0x00000009 mem 0x9001500c 0x00000009 mem 0x90015010 0x00000009 mem 0x90015014 0x00000009 mem 0x90015018 0x00000009 mem 0x9001501c 0x00000009 mem 0x90015020 0x00000009 mem 0x90015024 0x00000009 mem 0x90015028 0x00000009 mem 0x9001502c 0x00000009 mem 0x90015030 0x00000009 mem 0x90015034 0x00000009 mem 0x90015038 0x00000009 mem 0x9001503c 0x00000009 mem 0x90015040 0x00000009 mem 0x90015044 0x00000009 mem 0x90015048 0x00000009 mem 0x9001504c 0x00000009 mem 0x90015050 0x00000009 mem 0x90015054 0x00000009 mem 0x90015058 0x00000009 mem 0x9001505c 0x00000009 mem 0x90015060 0x00000009 mem 0x90015064 0x00000009 mem 0x90015068 0x00000009 mem 0x9001506c 0x00000009 mem 0x90015070 0x00000009 mem 0x90015074 0x00000009 mem 0x90015078 0x00000009 mem 0x9001507c 0x00000009
core   0: 0x800004b0 (0x5e004057) vmv.v.x v0, x0
core   0: 3 0x800004b0 (0x5e004057) c8_vstart 0x00000000 e32 m1 l32 v0  ffffffff 0x00000000 00000000 00000000 00000000 00000000 00000000 00000000 00000000 00000000 00000000 00000000 00000000 00000000 00000000 00000000 00000000 00000000 00000000 00000000 00000000 00000000 00000000 00000000 00000000 00000000 00000000 00000000 00000000 00000000 00000000 00000000 00000000 
core   0: 0x800004b4 (0x14c000ef) jal     pc + 0x14c
core   0: 3 0x800004b4 (0x14c000ef) x1  0x800004b8
core   0: 0x80000600 (0x00410113) addi    x2, x2, 4
core   0: 3 0x80000600 (0x00410113) x2  0x7000001c
core   0: 0x80000604 (0xfe112e23) sw      x1, -4(x2)
core   0: 3 0x80000604 (0xfe112e23) mem 0x70000018 0x800004b8
core   0: 0x80000608 (0x020040d7) vadd.vx v1, v0, x0
core   0: 3 0x80000608 (0x020040d7) c8_vstart 0x00000000 e32 m1 l32 v1  ffffffff 0x00000000 00000000 00000000 00000000 00000000 00000000 00000000 00000000 00000000 00000000 00000000 00000000 00000000 00000000 00000000 00000000 00000000 00000000 00000000 00000000 00000000 00000000 00000000 00000000 00000000 00000000 00000000 00000000 00000000 00000000 00000000 00000000 
core   0: 0x8000060c (0x00200293) li      x5, 2
core   0: 3 0x8000060c (0x00200293) x5  0x00000002
core   0: 0x80000610 (0x5e02c057) vmv.v.x v0, x5
core   0: 3 0x80000610 (0x5e02c057) c8_vstart 0x00000000 e32 m1 l32 v0  ffffffff 0x00000002 00000002 00000002 00000002 00000002 00000002 00000002 00000002 00000002 00000002 00000002 00000002 00000002 00000002 00000002 00000002 00000002 00000002 00000002 00000002 00000002 00000002 00000002 00000002 00000002 00000002 00000002 00000002 00000002 00000002 00000002 00000002 
core   0: 0x80000614 (0x00000317) auipc   x6, 0x0
core   0: 3 0x80000614 (0x00000317) x6  0x80000614
core   0: 0x80000618 (0x0543305b) setrpc  x0, x6, 84
core   0: 3 0x80000618 (0x0543305b) c2060_rpc 0x80000668 current mask:	ffffffff current npc:	800006c8 stack size: 0
core   0: 0x8000061c (0x0410045b) vbeq    v1, v0, pc + 72
core   0: 3 0x8000061c (0x0410045b) c8_vstart 0x00000000 e32 m1 l32 current mask:	ffffffff current npc:	80000620 stack size: 0
core   0: 0x80000620 (0x0040006f) j       pc + 0x4
core   0: 3 0x80000620 (0x0040006f)
core   0: 0x80000624 (0x00100293) li      x5, 1
core   0: 3 0x80000624 (0x00100293) x5  0x00000001
core   0: 0x80000628 (0x5e02c057) vmv.v.x v0, x5
core   0: 3 0x80000628 (0x5e02c057) c8_vstart 0x00000000 e32 m1 l32 v0  ffffffff 0x00000001 00000001 00000001 00000001 00000001 00000001 00000001 00000001 00000001 00000001 00000001 00000001 00000001 00000001 00000001 00000001 00000001 00000001 00000001 00000001 00000001 00000001 00000001 00000001 00000001 00000001 00000001 00000001 00000001 00000001 00000001 00000001 
core   0: 0x8000062c (0x00000317) auipc   x6, 0x0
core   0: 3 0x8000062c (0x00000317) x6  0x8000062c
core   0: 0x80000630 (0x03c3305b) setrpc  x0, x6, 60
core   0: 3 0x80000630 (0x03c3305b) c2060_rpc 0x80000668 current mask:	ffffffff current npc:	80000620 stack size: 0
core   0: 0x80000634 (0x0210045b) vbeq    v1, v0, pc + 40
core   0: 3 0x80000634 (0x0210045b) c8_vstart 0x00000000 e32 m1 l32 current mask:	ffffffff current npc:	80000638 stack size: 0
core   0: 0x80000638 (0x0040006f) j       pc + 0x4
core   0: 3 0x80000638 (0x0040006f)
core   0: 0x8000063c (0x5e004157) vmv.v.x v2, x0
core   0: 3 0x8000063c (0x5e004157) c8_vstart 0x00000000 e32 m1 l32 v2  ffffffff 0x00000000 00000000 00000000 00000000 00000000 00000000 00000000 00000000 00000000 00000000 00000000 00000000 00000000 00000000 00000000 00000000 00000000 00000000 00000000 00000000 00000000 00000000 00000000 00000000 00000000 00000000 00000000 00000000 00000000 00000000 00000000 00000000 
core   0: 0x80000640 (0x5e004057) vmv.v.x v0, x0
core   0: 3 0x80000640 (0x5e004057) c8_vstart 0x00000000 e32 m1 l32 v0  ffffffff 0x00000000 00000000 00000000 00000000 00000000 00000000 00000000 00000000 00000000 00000000 00000000 00000000 00000000 00000000 00000000 00000000 00000000 00000000 00000000 00000000 00000000 00000000 00000000 00000000 00000000 00000000 00000000 00000000 00000000 00000000 00000000 00000000 
core   0: 0x80000644 (0x00000317) auipc   x6, 0x0
core   0: 3 0x80000644 (0x00000317) x6  0x80000644
core   0: 0x80000648 (0x0243305b) setrpc  x0, x6, 36
core   0: 3 0x80000648 (0x0243305b) c2060_rpc 0x80000668 current mask:	ffffffff current npc:	80000638 stack size: 0
core   0: 0x8000064c (0x00111e5b) vbne    v1, v2, pc + 28
core   0: 3 0x8000064c (0x00111e5b) c8_vstart 0x00000000 e32 m1 l32 current mask:	ffffffff current npc:	80000650 stack size: 0
core   0: 0x80000650 (0x0040006f) j       pc + 0x4
core   0: 3 0x80000650 (0x0040006f)
core   0: 0x80000654 (0x138000ef) jal     pc + 0x138
core   0: 3 0x80000654 (0x138000ef) x1  0x80000658
core   0: 0x8000078c (0x00410113) addi    x2, x2, 4
core   0: 3 0x8000078c (0x00410113) x2  0x70000020
core   0: 0x80000790 (0xfe112e23) sw      x1, -4(x2)
core   0: 3 0x80000790 (0xfe112e23) mem 0x7000001c 0x80000658
core   0: 0x80000794 (0x80302573) csrr    x10, knl
core   0: 3 0x80000794 (0x80302573) x10 0x90195000
core   0: 0x80000798 (0x00852283) lw      x5, 8(x10)
core   0: 3 0x80000798 (0x00852283) x5  0x00000001 mem 0x90195008
core   0: 0x8000079c (0x80002373) csrr    x6, tid
core   0: 3 0x8000079c (0x80002373) x6  0x00000000
core   0: 0x800007a0 (0x5208a157) vid.v   v2
core   0: 3 0x800007a0 (0x5208a157) c8_vstart 0x00000000 e32 m1 l32 v2  ffffffff 0x0000001f 0000001e 0000001d 0000001c 0000001b 0000001a 00000019 00000018 00000017 00000016 00000015 00000014 00000013 00000012 00000011 00000010 0000000f 0000000e 0000000d 0000000c 0000000b 0000000a 00000009 00000008 00000007 00000006 00000005 00000004 00000003 00000002 00000001 00000000 
core   0: 0x800007a4 (0x02234057) vadd.vx v0, v2, x6
core   0: 3 0x800007a4 (0x02234057) c8_vstart 0x00000000 e32 m1 l32 v0  ffffffff 0x0000001f 0000001e 0000001d 0000001c 0000001b 0000001a 00000019 00000018 00000017 00000016 00000015 00000014 00000013 00000012 00000011 00000010 0000000f 0000000e 0000000d 0000000c 0000000b 0000000a 00000009 00000008 00000007 00000006 00000005 00000004 00000003 00000002 00000001 00000000 
core   0: 0x800007a8 (0x01852e03) lw      x28, 24(x10)
core   0: 3 0x800007a8 (0x01852e03) x28 0x00000020 mem 0x90195018
core   0: 0x800007ac (0x8a0e6057) vremu.vx v0, v0, x28
core   0: 3 0x800007ac (0x8a0e6057) c8_vstart 0x00000000 e32 m1 l32 v0  ffffffff 0x0000001f 0000001e 0000001d 0000001c 0000001b 0000001a 00000019 00000018 00000017 00000016 00000015 00000014 00000013 00000012 00000011 00000010 0000000f 0000000e 0000000d 0000000c 0000000b 0000000a 00000009 00000008 00000007 00000006 00000005 00000004 00000003 00000002 00000001 00000000 
core   0: 0x800007b0 (0xffc12083) lw      x1, -4(x2)
core   0: 3 0x800007b0 (0xffc12083) x1  0x80000658 mem 0x7000001c
core   0: 0x800007b4 (0xffc10113) addi    x2, x2, -4
core   0: 3 0x800007b4 (0xffc10113) x2  0x7000001c
core   0: 0x800007b8 (0x00008067) ret
core   0: 3 0x800007b8 (0x00008067)
core   0: 0x80000658 (0x0100006f) j       pc + 0x10
core   0: 3 0x80000658 (0x0100006f)
core   0: 0x80000668 (0x0000205b) join    v0, v0, pc + 0
core   0: 3 0x80000668 (0x0000205b) current mask:	ffffffff current npc:	80000650 stack size: 0
core   0: 0x8000066c (0xffc12083) lw      x1, -4(x2)
core   0: 3 0x8000066c (0xffc12083) x1  0x800004b8 mem 0x70000018
core   0: 0x80000670 (0xffc10113) addi    x2, x2, -4
core   0: 3 0x80000670 (0xffc10113) x2  0x70000018
core   0: 0x80000674 (0x00008067) ret
core   0: 3 0x80000674 (0x00008067)
core   0: 0x800004b8 (0x0080200b) regext  x0, x0,  0 0 1 0 
core   0: 3 0x800004b8 (0x0080200b)
core   0: 0x800004bc (0x7fc0212b) vlw.v   v2, x0, -4
core   0: 3 0x800004bc (0x7fc0212b) e32 m1 l32 v2  ffffffff 0x00000009 00000009 00000009 00000009 00000009 00000009 00000009 00000009 00000009 00000009 00000009 00000009 00000009 00000009 00000009 00000009 00000009 00000009 00000009 00000009 00000009 00000009 00000009 00000009 00000009 00000009 00000009 00000009 00000009 00000009 00000009 00000009  c8_vstart 0x00000000 mem 0x90015000 mem 0x90015004 mem 0x90015008 mem 0x9001500c mem 0x90015010 mem 0x90015014 mem 0x90015018 mem 0x9001501c mem 0x90015020 mem 0x90015024 mem 0x90015028 mem 0x9001502c mem 0x90015030 mem 0x90015034 mem 0x90015038 mem 0x9001503c mem 0x90015040 mem 0x90015044 mem 0x90015048 mem 0x9001504c mem 0x90015050 mem 0x90015054 mem 0x90015058 mem 0x9001505c mem 0x90015060 mem 0x90015064 mem 0x90015068 mem 0x9001506c mem 0x90015070 mem 0x90015074 mem 0x90015078 mem 0x9001507c
core   0: 0x800004c0 (0xffc12283) lw      x5, -4(x2)
core   0: 3 0x800004c0 (0xffc12283) x5  0x0000000c mem 0x70000014
core   0: 0x800004c4 (0x5e02c0d7) vmv.v.x v1, x5
core   0: 3 0x800004c4 (0x5e02c0d7) c8_vstart 0x00000000 e32 m1 l32 v1  ffffffff 0x0000000c 0000000c 0000000c 0000000c 0000000c 0000000c 0000000c 0000000c 0000000c 0000000c 0000000c 0000000c 0000000c 0000000c 0000000c 0000000c 0000000c 0000000c 0000000c 0000000c 0000000c 0000000c 0000000c 0000000c 0000000c 0000000c 0000000c 0000000c 0000000c 0000000c 0000000c 0000000c 
core   0: 0x800004c8 (0x00000317) auipc   x6, 0x0
core   0: 3 0x800004c8 (0x00000317) x6  0x800004c8
core   0: 0x800004cc (0x11c3305b) setrpc  x0, x6, 284
core   0: 3 0x800004cc (0x11c3305b) c2060_rpc 0x800005e4 current mask:	ffffffff current npc:	80000650 stack size: 0
core   0: 0x800004d0 (0x1020da5b) vbge    v2, v1, pc + 276
core   0: 3 0x800004d0 (0x1020da5b) c8_vstart 0x00000000 e32 m1 l32 current mask:	ffffffff current npc:	800004d4 stack size: 0
core   0: 0x800004d4 (0x0040006f) j       pc + 0x4
core   0: 3 0x800004d4 (0x0040006f)
core   0: 0x800004d8 (0xff012283) lw      x5, -16(x2)
core   0: 3 0x800004d8 (0xff012283) x5  0x00000000 mem 0x70000008
core   0: 0x800004dc (0x0222c4d7) vadd.vx v9, v2, x5
core   0: 3 0x800004dc (0x0222c4d7) c8_vstart 0x00000000 e32 m1 l32 v9  ffffffff 0x00000009 00000009 00000009 00000009 00000009 00000009 00000009 00000009 00000009 00000009 00000009 00000009 00000009 00000009 00000009 00000009 00000009 00000009 00000009 00000009 00000009 00000009 00000009 00000009 00000009 00000009 00000009 00000009 00000009 00000009 00000009 00000009 
core   0: 0x800004e0 (0x5e0040d7) vmv.v.x v1, x0
core   0: 3 0x800004e0 (0x5e0040d7) c8_vstart 0x00000000 e32 m1 l32 v1  ffffffff 0x00000000 00000000 00000000 00000000 00000000 00000000 00000000 00000000 00000000 00000000 00000000 00000000 00000000 00000000 00000000 00000000 00000000 00000000 00000000 00000000 00000000 00000000 00000000 00000000 00000000 00000000 00000000 00000000 00000000 00000000 00000000 00000000 
core   0: 0x800004e4 (0xff412283) lw      x5, -12(x2)
core   0: 3 0x800004e4 (0xff412283) x5  0x00000001 mem 0x7000000c
core   0: 0x800004e8 (0x02504263) blt     x0, x5, pc + 36
core   0: 3 0x800004e8 (0x02504263)
core   0: 0x8000050c (0x9692e0d7) vmul.vx v1, v9, x5
core   0: 3 0x8000050c (0x9692e0d7) c8_vstart 0x00000000 e32 m1 l32 v1  ffffffff 0x00000009 00000009 00000009 00000009 00000009 00000009 00000009 00000009 00000009 00000009 00000009 00000009 00000009 00000009 00000009 00000009 00000009 00000009 00000009 00000009 00000009 00000009 00000009 00000009 00000009 00000009 00000009 00000009 00000009 00000009 00000009 00000009 
core   0: 0x80000510 (0x961530d7) vsll.vi v1, v1, 10
core   0: 3 0x80000510 (0x961530d7) c8_vstart 0x00000000 e32 m1 l32 v1  ffffffff 0x00002400 00002400 00002400 00002400 00002400 00002400 00002400 00002400 00002400 00002400 00002400 00002400 00002400 00002400 00002400 00002400 00002400 00002400 00002400 00002400 00002400 00002400 00002400 00002400 00002400 00002400 00002400 00002400 00002400 00002400 00002400 00002400 
core   0: 0x80000514 (0x9602b157) vsll.vi v2, v0, 5
core   0: 3 0x80000514 (0x9602b157) c8_vstart 0x00000000 e32 m1 l32 v2  ffffffff 0x000003e0 000003c0 000003a0 00000380 00000360 00000340 00000320 00000300 000002e0 000002c0 000002a0 00000280 00000260 00000240 00000220 00000200 000001e0 000001c0 000001a0 00000180 00000160 00000140 00000120 00000100 000000e0 000000c0 000000a0 00000080 00000060 00000040 00000020 00000000 
core   0: 0x80000518 (0x021100d7) vadd.vv v1, v1, v2
core   0: 3 0x80000518 (0x021100d7) c8_vstart 0x00000000 e32 m1 l32 v1  ffffffff 0x000027e0 000027c0 000027a0 00002780 00002760 00002740 00002720 00002700 000026e0 000026c0 000026a0 00002680 00002660 00002640 00002620 00002600 000025e0 000025c0 000025a0 00002580 00002560 00002540 00002520 00002500 000024e0 000024c0 000024a0 00002480 00002460 00002440 00002420 00002400 
core   0: 0x8000051c (0xfec12303) lw      x6, -20(x2)
core   0: 3 0x8000051c (0xfec12303) x6  0x9000e000 mem 0x70000004
core   0: 0x80000520 (0x02134557) vadd.vx v10, v1, x6
core   0: 3 0x80000520 (0x02134557) c8_vstart 0x00000000 e32 m1 l32 v10 ffffffff 0x900107e0 900107c0 900107a0 90010780 90010760 90010740 90010720 90010700 900106e0 900106c0 900106a0 90010680 90010660 90010640 90010620 90010600 900105e0 900105c0 900105a0 90010580 90010560 90010540 90010520 90010500 900104e0 900104c0 900104a0 90010480 90010460 90010440 90010420 90010400 
core   0: 0x80000524 (0x5e0040d7) vmv.v.x v1, x0
core   0: 3 0x80000524 (0x5e0040d7) c8_vstart 0x00000000 e32 m1 l32 v1  ffffffff 0x00000000 00000000 00000000 00000000 00000000 00000000 00000000 00000000 00000000 00000000 00000000 00000000 00000000 00000000 00000000 00000000 00000000 00000000 00000000 00000000 00000000 00000000 00000000 00000000 00000000 00000000 00000000 00000000 00000000 00000000 00000000 00000000 
core   0: 0x80000528 (0x02104157) vadd.vx v2, v1, x0
core   0: 3 0x80000528 (0x02104157) c8_vstart 0x00000000 e32 m1 l32 v2  ffffffff 0x00000000 00000000 00000000 00000000 00000000 00000000 00000000 00000000 00000000 00000000 00000000 00000000 00000000 00000000 00000000 00000000 00000000 00000000 00000000 00000000 00000000 00000000 00000000 00000000 00000000 00000000 00000000 00000000 00000000 00000000 00000000 00000000 
core   0: 0x8000052c (0x021041d7) vadd.vx v3, v1, x0
core   0: 3 0x8000052c (0x021041d7) c8_vstart 0x00000000 e32 m1 l32 v3  ffffffff 0x00000000 00000000 00000000 00000000 00000000 00000000 00000000 00000000 00000000 00000000 00000000 00000000 00000000 00000000 00000000 00000000 00000000 00000000 00000000 00000000 00000000 00000000 00000000 00000000 00000000 00000000 00000000 00000000 00000000 00000000 00000000 00000000 
core   0: 0x80000530 (0x02104257) vadd.vx v4, v1, x0
core   0: 3 0x80000530 (0x02104257) c8_vstart 0x00000000 e32 m1 l32 v4  ffffffff 0x00000000 00000000 00000000 00000000 00000000 00000000 00000000 00000000 00000000 00000000 00000000 00000000 00000000 00000000 00000000 00000000 00000000 00000000 00000000 00000000 00000000 00000000 00000000 00000000 00000000 00000000 00000000 00000000 00000000 00000000 00000000 00000000 
core   0: 0x80000534 (0x021042d7) vadd.vx v5, v1, x0
core   0: 3 0x80000534 (0x021042d7) c8_vstart 0x00000000 e32 m1 l32 v5  ffffffff 0x00000000 00000000 00000000 00000000 00000000 00000000 00000000 00000000 00000000 00000000 00000000 00000000 00000000 00000000 00000000 00000000 00000000 00000000 00000000 00000000 00000000 00000000 00000000 00000000 00000000 00000000 00000000 00000000 00000000 00000000 00000000 00000000 
core   0: 0x80000538 (0x02104357) vadd.vx v6, v1, x0
core   0: 3 0x80000538 (0x02104357) c8_vstart 0x00000000 e32 m1 l32 v6  ffffffff 0x00000000 00000000 00000000 00000000 00000000 00000000 00000000 00000000 00000000 00000000 00000000 00000000 00000000 00000000 00000000 00000000 00000000 00000000 00000000 00000000 00000000 00000000 00000000 00000000 00000000 00000000 00000000 00000000 00000000 00000000 00000000 00000000 
core   0: 0x8000053c (0x021043d7) vadd.vx v7, v1, x0
core   0: 3 0x8000053c (0x021043d7) c8_vstart 0x00000000 e32 m1 l32 v7  ffffffff 0x00000000 00000000 00000000 00000000 00000000 00000000 00000000 00000000 00000000 00000000 00000000 00000000 00000000 00000000 00000000 00000000 00000000 00000000 00000000 00000000 00000000 00000000 00000000 00000000 00000000 00000000 00000000 00000000 00000000 00000000 00000000 00000000 
core   0: 0x80000540 (0x02104457) vadd.vx v8, v1, x0
core   0: 3 0x80000540 (0x02104457) c8_vstart 0x00000000 e32 m1 l32 v8  ffffffff 0x00000000 00000000 00000000 00000000 00000000 00000000 00000000 00000000 00000000 00000000 00000000 00000000 00000000 00000000 00000000 00000000 00000000 00000000 00000000 00000000 00000000 00000000 00000000 00000000 00000000 00000000 00000000 00000000 00000000 00000000 00000000 00000000 
core   0: 0x80000544 (0x5e02c5d7) vmv.v.x v11, x5
core   0: 3 0x80000544 (0x5e02c5d7) c8_vstart 0x00000000 e32 m1 l32 v11 ffffffff 0x00000001 00000001 00000001 00000001 00000001 00000001 00000001 00000001 00000001 00000001 00000001 00000001 00000001 00000001 00000001 00000001 00000001 00000001 00000001 00000001 00000001 00000001 00000001 00000001 00000001 00000001 00000001 00000001 00000001 00000001 00000001 00000001 
core   0: 0x80000548 (0x5e004a57) vmv.v.x v20, x0
core   0: 3 0x80000548 (0x5e004a57) c8_vstart 0x00000000 e32 m1 l32 v20 ffffffff 0x00000000 00000000 00000000 00000000 00000000 00000000 00000000 00000000 00000000 00000000 00000000 00000000 00000000 00000000 00000000 00000000 00000000 00000000 00000000 00000000 00000000 00000000 00000000 00000000 00000000 00000000 00000000 00000000 00000000 00000000 00000000 00000000 
core   0: 0x8000054c (0x0400006f) j       pc + 0x40
core   0: 3 0x8000054c (0x0400006f)
core   0: 0x8000058c (0x01c529fb) vlw12.v v19, v10, 28
core   0: 3 0x8000058c (0x01c529fb) e32 m1 l32 v19 ffffffff 0x00000000 00000000 00000000 00000000 00000000 00000000 00000000 00000000 00000000 00000000 00000000 00000000 00000000 00000000 00000000 00000000 00000000 00000000 00000000 00000000 00000000 00000000 00000000 00000000 00000000 00000000 00000000 00000000 00000000 00000000 00000000 00000000  c8_vstart 0x00000000 mem 0x9001041c mem 0x9001043c mem 0x9001045c mem 0x9001047c mem 0x9001049c mem 0x900104bc mem 0x900104dc mem 0x900104fc mem 0x9001051c mem 0x9001053c mem 0x9001055c mem 0x9001057c mem 0x9001059c mem 0x900105bc mem 0x900105dc mem 0x900105fc mem 0x9001061c mem 0x9001063c mem 0x9001065c mem 0x9001067c mem 0x9001069c mem 0x900106bc mem 0x900106dc mem 0x900106fc mem 0x9001071c mem 0x9001073c mem 0x9001075c mem 0x9001077c mem 0x9001079c mem 0x900107bc mem 0x900107dc mem 0x900107fc
core   0: 0x80000590 (0x0185297b) vlw12.v v18, v10, 24
core   0: 3 0x80000590 (0x0185297b) e32 m1 l32 v18 ffffffff 0x00000000 00000000 00000000 00000000 00000000 00000000 00000000 00000000 00000000 00000000 00000000 00000000 00000000 00000000 00000000 00000000 00000000 00000000 00000000 00000000 00000000 00000000 00000000 00000000 00000000 00000000 00000000 00000000 00000000 00000000 00000000 00000000  c8_vstart 0x00000000 mem 0x90010418 mem 0x90010438 mem 0x90010458 mem 0x90010478 mem 0x90010498 mem 0x900104b8 mem 0x900104d8 mem 0x900104f8 mem 0x90010518 mem 0x90010538 mem 0x90010558 mem 0x90010578 mem 0x90010598 mem 0x900105b8 mem 0x900105d8 mem 0x900105f8 mem 0x90010618 mem 0x90010638 mem 0x90010658 mem 0x90010678 mem 0x90010698 mem 0x900106b8 mem 0x900106d8 mem 0x900106f8 mem 0x90010718 mem 0x90010738 mem 0x90010758 mem 0x90010778 mem 0x90010798 mem 0x900107b8 mem 0x900107d8 mem 0x900107f8
core   0: 0x80000594 (0x014528fb) vlw12.v v17, v10, 20
core   0: 3 0x80000594 (0x014528fb) e32 m1 l32 v17 ffffffff 0x00000000 00000000 00000000 00000000 00000000 00000000 00000000 00000000 00000000 00000000 00000000 00000000 00000000 00000000 00000000 00000000 00000000 00000000 00000000 00000000 00000000 00000000 00000000 00000000 00000000 00000000 00000000 00000000 00000000 00000000 00000000 00000000  c8_vstart 0x00000000 mem 0x90010414 mem 0x90010434 mem 0x90010454 mem 0x90010474 mem 0x90010494 mem 0x900104b4 mem 0x900104d4 mem 0x900104f4 mem 0x90010514 mem 0x90010534 mem 0x90010554 mem 0x90010574 mem 0x90010594 mem 0x900105b4 mem 0x900105d4 mem 0x900105f4 mem 0x90010614 mem 0x90010634 mem 0x90010654 mem 0x90010674 mem 0x90010694 mem 0x900106b4 mem 0x900106d4 mem 0x900106f4 mem 0x90010714 mem 0x90010734 mem 0x90010754 mem 0x90010774 mem 0x90010794 mem 0x900107b4 mem 0x900107d4 mem 0x900107f4
core   0: 0x80000598 (0x0105287b) vlw12.v v16, v10, 16
core   0: 3 0x80000598 (0x0105287b) e32 m1 l32 v16 ffffffff 0x00000000 00000000 00000000 00000000 00000000 00000000 00000000 00000000 00000000 00000000 00000000 00000000 00000000 00000000 00000000 00000000 00000000 00000000 00000000 00000000 00000000 00000000 00000000 00000000 00000000 00000000 00000000 00000000 00000000 00000000 00000000 00000000  c8_vstart 0x00000000 mem 0x90010410 mem 0x90010430 mem 0x90010450 mem 0x90010470 mem 0x90010490 mem 0x900104b0 mem 0x900104d0 mem 0x900104f0 mem 0x90010510 mem 0x90010530 mem 0x90010550 mem 0x90010570 mem 0x90010590 mem 0x900105b0 mem 0x900105d0 mem 0x900105f0 mem 0x90010610 mem 0x90010630 mem 0x90010650 mem 0x90010670 mem 0x90010690 mem 0x900106b0 mem 0x900106d0 mem 0x900106f0 mem 0x90010710 mem 0x90010730 mem 0x90010750 mem 0x90010770 mem 0x90010790 mem 0x900107b0 mem 0x900107d0 mem 0x900107f0
core   0: 0x8000059c (0x00c527fb) vlw12.v v15, v10, 12
core   0: 3 0x8000059c (0x00c527fb) e32 m1 l32 v15 ffffffff 0x3dd0bf92 3c78b69c 3c2bad7c bdb083d1 be1d0d1c 3e31d904 3d92a14d 3d49d7bf 3d0a9b2b bdda1910 bc9e6e2d be718356 be4796b8 3da5d296 bd77d2f3 bd5bcae1 3c60c4b4 bd0b151b 3d8f1a52 bdb15ca8 be74dce1 3d023ff4 bdb96e74 bdbd7fff be3dce4a 3d298cd6 be4bf8cf 3dad1496 3dd9b12f be406e0a 3dc80f14 3d129b86  c8_vstart 0x00000000 mem 0x9001040c mem 0x9001042c mem 0x9001044c mem 0x9001046c mem 0x9001048c mem 0x900104ac mem 0x900104cc mem 0x900104ec mem 0x9001050c mem 0x9001052c mem 0x9001054c mem 0x9001056c mem 0x9001058c mem 0x900105ac mem 0x900105cc mem 0x900105ec mem 0x9001060c mem 0x9001062c mem 0x9001064c mem 0x9001066c mem 0x9001068c mem 0x900106ac mem 0x900106cc mem 0x900106ec mem 0x9001070c mem 0x9001072c mem 0x9001074c mem 0x9001076c mem 0x9001078c mem 0x900107ac mem 0x900107cc mem 0x900107ec
core   0: 0x800005a0 (0x0085277b) vlw12.v v14, v10, 8
core   0: 3 0x800005a0 (0x0085277b) e32 m1 l32 v14 ffffffff 0x3dde3c84 3dfa910a 3c08671c bd728f41 3ca8c7aa bc436e4c 3e94749f bda692b7 bd1f81fd bddb4650 bdf2bf59 bccdc5ee bd574ddf 3d8dd3fa bd8fa2a9 be847330 bd04d241 3dbf0d6d 3c0cb4c9 bcc715f2 3b0f09c8 3e05f2ce 3e806e41 bd515ccb 3d921829 be1ea505 be2c5171 bd87f539 bdc22f06 3df77789 be327287 be7254b1  c8_vstart 0x00000000 mem 0x90010408 mem 0x90010428 mem 0x90010448 mem 0x90010468 mem 0x90010488 mem 0x900104a8 mem 0x900104c8 mem 0x900104e8 mem 0x90010508 mem 0x90010528 mem 0x90010548 mem 0x90010568 mem 0x90010588 mem 0x900105a8 mem 0x900105c8 mem 0x900105e8 mem 0x90010608 mem 0x90010628 mem 0x90010648 mem 0x90010668 mem 0x90010688 mem 0x900106a8 mem 0x900106c8 mem 0x900106e8 mem 0x90010708 mem 0x90010728 mem 0x90010748 mem 0x90010768 mem 0x90010788 mem 0x900107a8 mem 0x900107c8 mem 0x900107e8
core   0: 0x800005a4 (0x004526fb) vlw12.v v13, v10, 4
core   0: 3 0x800005a4 (0x004526fb) e32 m1 l32 v13 ffffffff 0xbc936d21 3dc78806 3c931e6d be101c62 bd935ad2 3dd3b7e8 3e7e6cd2 3dead00c 3d272116 be043a33 3d20dfd2 be2e1e9a 3cc244eb 3dd12165 be3684a6 bdd85b6b bbedfaba 3e338d78 bd7cd897 bd939d9e 3cc7ae69 3c3b152d 3c793458 3e2d0c12 3e0f1e5f 3daafee2 3e2799b9 bbe8b820 bd7a402e bca4271f bc2fd8b5 3d94939a  c8_vstart 0x00000000 mem 0x90010404 mem 0x90010424 mem 0x90010444 mem 0x90010464 mem 0x90010484 mem 0x900104a4 mem 0x900104c4 mem 0x900104e4 mem 0x90010504 mem 0x90010524 mem 0x90010544 mem 0x90010564 mem 0x90010584 mem 0x900105a4 mem 0x900105c4 mem 0x900105e4 mem 0x90010604 mem 0x90010624 mem 0x90010644 mem 0x90010664 mem 0x90010684 mem 0x900106a4 mem 0x900106c4 mem 0x900106e4 mem 0x90010704 mem 0x90010724 mem 0x90010744 mem 0x90010764 mem 0x90010784 mem 0x900107a4 mem 0x900107c4 mem 0x900107e4
core   0: 0x800005a8 (0x0005267b) vlw12.v v12, v10, 0
core   0: 3 0x800005a8 (0x0005267b) e32 m1 l32 v12 ffffffff 0x3c804a86 bd13fc02 be12c82e bc6cf9e3 bcac0ce8 be6e6956 3db66dc1 3d8868dd bd36ff03 bd68660e 3db8f65d 3df8a28e be23b1c3 3e8527b6 be1c541c 3d6b0907 bda5dfc2 bd158248 3c931a05 bd8d650c bd955815 3d7b8171 3e33f94b 3d712de7 3dd20efa 3e2838f7 3d62cb37 3e190e30 3e1ae312 3dae604f 3e1b26fd be1ceb4a  c8_vstart 0x00000000 mem 0x90010400 mem 0x90010420 mem 0x90010440 mem 0x90010460 mem 0x90010480 mem 0x900104a0 mem 0x900104c0 mem 0x900104e0 mem 0x90010500 mem 0x90010520 mem 0x90010540 mem 0x90010560 mem 0x90010580 mem 0x900105a0 mem 0x900105c0 mem 0x900105e0 mem 0x90010600 mem 0x90010620 mem 0x90010640 mem 0x90010660 mem 0x90010680 mem 0x900106a0 mem 0x900106c0 mem 0x900106e0 mem 0x90010700 mem 0x90010720 mem 0x90010740 mem 0x90010760 mem 0x90010780 mem 0x900107a0 mem 0x900107c0 mem 0x900107e0
core   0: 0x800005ac (0x02899457) vfadd.vv v8, v8, v19
core   0: 3 0x800005ac (0x02899457) c8_vstart 0x00000000 e32 m1 l32 v8  ffffffff 0x00000000 00000000 00000000 00000000 00000000 00000000 00000000 00000000 00000000 00000000 00000000 00000000 00000000 00000000 00000000 00000000 00000000 00000000 00000000 00000000 00000000 00000000 00000000 00000000 00000000 00000000 00000000 00000000 00000000 00000000 00000000 00000000 
core   0: 0x800005b0 (0x027913d7) vfadd.vv v7, v7, v18
core   0: 3 0x800005b0 (0x027913d7) c8_vstart 0x00000000 e32 m1 l32 v7  ffffffff 0x00000000 00000000 00000000 00000000 00000000 00000000 00000000 00000000 00000000 00000000 00000000 00000000 00000000 00000000 00000000 00000000 00000000 00000000 00000000 00000000 00000000 00000000 00000000 00000000 00000000 00000000 00000000 00000000 00000000 00000000 00000000 00000000 
core   0: 0x800005b4 (0x02689357) vfadd.vv v6, v6, v17
core   0: 3 0x800005b4 (0x02689357) c8_vstart 0x00000000 e32 m1 l32 v6  ffffffff 0x00000000 00000000 00000000 00000000 00000000 00000000 00000000 00000000 00000000 00000000 00000000 00000000 00000000 00000000 00000000 00000000 00000000 00000000 00000000 00000000 00000000 00000000 00000000 00000000 00000000 00000000 00000000 00000000 00000000 00000000 00000000 00000000 
core   0: 0x800005b8 (0x025812d7) vfadd.vv v5, v5, v16
core   0: 3 0x800005b8 (0x025812d7) c8_vstart 0x00000000 e32 m1 l32 v5  ffffffff 0x00000000 00000000 00000000 00000000 00000000 00000000 00000000 00000000 00000000 00000000 00000000 00000000 00000000 00000000 00000000 00000000 00000000 00000000 00000000 00000000 00000000 00000000 00000000 00000000 00000000 00000000 00000000 00000000 00000000 00000000 00000000 00000000 
core   0: 0x800005bc (0x02479257) vfadd.vv v4, v4, v15
core   0: 3 0x800005bc (0x02479257) c8_vstart 0x00000000 e32 m1 l32 v4  ffffffff 0x3dd0bf92 3c78b69c 3c2bad7c bdb083d1 be1d0d1c 3e31d904 3d92a14d 3d49d7bf 3d0a9b2b bdda1910 bc9e6e2d be718356 be4796b8 3da5d296 bd77d2f3 bd5bcae1 3c60c4b4 bd0b151b 3d8f1a52 bdb15ca8 be74dce1 3d023ff4 bdb96e74 bdbd7fff be3dce4a 3d298cd6 be4bf8cf 3dad1496 3dd9b12f be406e0a 3dc80f14 3d129b86 
core   0: 0x800005c0 (0x023711d7) vfadd.vv v3, v3, v14
core   0: 3 0x800005c0 (0x023711d7) c8_vstart 0x00000000 e32 m1 l32 v3  ffffffff 0x3dde3c84 3dfa910a 3c08671c bd728f41 3ca8c7aa bc436e4c 3e94749f bda692b7 bd1f81fd bddb4650 bdf2bf59 bccdc5ee bd574ddf 3d8dd3fa bd8fa2a9 be847330 bd04d241 3dbf0d6d 3c0cb4c9 bcc715f2 3b0f09c8 3e05f2ce 3e806e41 bd515ccb 3d921829 be1ea505 be2c5171 bd87f539 bdc22f06 3df77789 be327287 be7254b1 
core   0: 0x800005c4 (0x02269157) vfadd.vv v2, v2, v13
core   0: 3 0x800005c4 (0x02269157) c8_vstart 0x00000000 e32 m1 l32 v2  ffffffff 0xbc936d21 3dc78806 3c931e6d be101c62 bd935ad2 3dd3b7e8 3e7e6cd2 3dead00c 3d272116 be043a33 3d20dfd2 be2e1e9a 3cc244eb 3dd12165 be3684a6 bdd85b6b bbedfaba 3e338d78 bd7cd897 bd939d9e 3cc7ae69 3c3b152d 3c793458 3e2d0c12 3e0f1e5f 3daafee2 3e2799b9 bbe8b820 bd7a402e bca4271f bc2fd8b5 3d94939a 
core   0: 0x800005c8 (0x021610d7) vfadd.vv v1, v1, v12
core   0: 3 0x800005c8 (0x021610d7) c8_vstart 0x00000000 e32 m1 l32 v1  ffffffff 0x3c804a86 bd13fc02 be12c82e bc6cf9e3 bcac0ce8 be6e6956 3db66dc1 3d8868dd bd36ff03 bd68660e 3db8f65d 3df8a28e be23b1c3 3e8527b6 be1c541c 3d6b0907 bda5dfc2 bd158248 3c931a05 bd8d650c bd955815 3d7b8171 3e33f94b 3d712de7 3dd20efa 3e2838f7 3d62cb37 3e190e30 3e1ae312 3dae604f 3e1b26fd be1ceb4a 
core   0: 0x800005cc (0x0015958b) vsub12.vi v11, v11, 1
core   0: 3 0x800005cc (0x0015958b) c8_vstart 0x00000000 e32 m1 l32 v11 ffffffff 0x00000000 00000000 00000000 00000000 00000000 00000000 00000000 00000000 00000000 00000000 00000000 00000000 00000000 00000000 00000000 00000000 00000000 00000000 00000000 00000000 00000000 00000000 00000000 00000000 00000000 00000000 00000000 00000000 00000000 00000000 00000000 00000000 
core   0: 0x800005d0 (0x4005050b) vadd12.vi v10, v10, 1024
core   0: 3 0x800005d0 (0x4005050b) c8_vstart 0x00000000 e32 m1 l32 v10 ffffffff 0x90010be0 90010bc0 90010ba0 90010b80 90010b60 90010b40 90010b20 90010b00 90010ae0 90010ac0 90010aa0 90010a80 90010a60 90010a40 90010a20 90010a00 900109e0 900109c0 900109a0 90010980 90010960 90010940 90010920 90010900 900108e0 900108c0 900108a0 90010880 90010860 90010840 90010820 90010800 
core   0: 0x800005d4 (0x00000317) auipc   x6, 0x0
core   0: 3 0x800005d4 (0x00000317) x6  0x800005d4
core   0: 0x800005d8 (0xf7c3305b) setrpc  x0, x6, -132
core   0: 3 0x800005d8 (0xf7c3305b) c2060_rpc 0x80000550 current mask:	ffffffff current npc:	800004d4 stack size: 0
core   0: 0x800005dc (0xf6ba0adb) vbeq    v11, v20, pc - 140
core   0: 3 0x800005dc (0xf6ba0adb) c8_vstart 0x00000000 e32 m1 l32 current mask:	ffffffff current npc:	80000550 stack size: 0
core   0: 0x80000550 (0x0000205b) join    v0, v0, pc + 0
core   0: 3 0x80000550 (0x0000205b) current mask:	ffffffff current npc:	80000550 stack size: 0
core   0: 0x80000554 (0x9692b4d7) vsll.vi v9, v9, 5
core   0: 3 0x80000554 (0x9692b4d7) c8_vstart 0x00000000 e32 m1 l32 v9  ffffffff 0x00000120 00000120 00000120 00000120 00000120 00000120 00000120 00000120 00000120 00000120 00000120 00000120 00000120 00000120 00000120 00000120 00000120 00000120 00000120 00000120 00000120 00000120 00000120 00000120 00000120 00000120 00000120 00000120 00000120 00000120 00000120 00000120 
core   0: 0x80000558 (0x02900057) vadd.vv v0, v9, v0
core   0: 3 0x80000558 (0x02900057) c8_vstart 0x00000000 e32 m1 l32 v0  ffffffff 0x0000013f 0000013e 0000013d 0000013c 0000013b 0000013a 00000139 00000138 00000137 00000136 00000135 00000134 00000133 00000132 00000131 00000130 0000012f 0000012e 0000012d 0000012c 0000012b 0000012a 00000129 00000128 00000127 00000126 00000125 00000124 00000123 00000122 00000121 00000120 
core   0: 0x8000055c (0x9602b057) vsll.vi v0, v0, 5
core   0: 3 0x8000055c (0x9602b057) c8_vstart 0x00000000 e32 m1 l32 v0  ffffffff 0x000027e0 000027c0 000027a0 00002780 00002760 00002740 00002720 00002700 000026e0 000026c0 000026a0 00002680 00002660 00002640 00002620 00002600 000025e0 000025c0 000025a0 00002580 00002560 00002540 00002520 00002500 000024e0 000024c0 000024a0 00002480 00002460 00002440 00002420 00002400 
core   0: 0x80000560 (0xff812283) lw      x5, -8(x2)
core   0: 3 0x80000560 (0xff812283) x5  0x90011000 mem 0x70000010
core   0: 0x80000564 (0x0202c057) vadd.vx v0, v0, x5
core   0: 3 0x80000564 (0x0202c057) c8_vstart 0x00000000 e32 m1 l32 v0  ffffffff 0x900137e0 900137c0 900137a0 90013780 90013760 90013740 90013720 90013700 900136e0 900136c0 900136a0 90013680 90013660 90013640 90013620 90013600 900135e0 900135c0 900135a0 90013580 90013560 90013540 90013520 90013500 900134e0 900134c0 900134a0 90013480 90013460 90013440 90013420 90013400 
core   0: 0x80000568 (0x00806e7b) vsw12.v v8, v0, 28
core   0: 3 0x80000568 (0x00806e7b) c8_vstart 0x00000000 e32 m1 l32 mem 0x9001341c 0x00000000 mem 0x9001343c 0x00000000 mem 0x9001345c 0x00000000 mem 0x9001347c 0x00000000 mem 0x9001349c 0x00000000 mem 0x900134bc 0x00000000 mem 0x900134dc 0x00000000 mem 0x900134fc 0x00000000 mem 0x9001351c 0x00000000 mem 0x9001353c 0x00000000 mem 0x9001355c 0x00000000 mem 0x9001357c 0x00000000 mem 0x9001359c 0x00000000 mem 0x900135bc 0x00000000 mem 0x900135dc 0x00000000 mem 0x900135fc 0x00000000 mem 0x9001361c 0x00000000 mem 0x9001363c 0x00000000 mem 0x9001365c 0x00000000 mem 0x9001367c 0x00000000 mem 0x9001369c 0x00000000 mem 0x900136bc 0x00000000 mem 0x900136dc 0x00000000 mem 0x900136fc 0x00000000 mem 0x9001371c 0x00000000 mem 0x9001373c 0x00000000 mem 0x9001375c 0x00000000 mem 0x9001377c 0x00000000 mem 0x9001379c 0x00000000 mem 0x900137bc 0x00000000 mem 0x900137dc 0x00000000 mem 0x900137fc 0x00000000
core   0: 0x8000056c (0x00706c7b) vsw12.v v7, v0, 24
core   0: 3 0x8000056c (0x00706c7b) c8_vstart 0x00000000 e32 m1 l32 mem 0x90013418 0x00000000 mem 0x90013438 0x00000000 mem 0x90013458 0x00000000 mem 0x90013478 0x00000000 mem 0x90013498 0x00000000 mem 0x900134b8 0x00000000 mem 0x900134d8 0x00000000 mem 0x900134f8 0x00000000 mem 0x90013518 0x00000000 mem 0x90013538 0x00000000 mem 0x90013558 0x00000000 mem 0x90013578 0x00000000 mem 0x90013598 0x00000000 mem 0x900135b8 0x00000000 mem 0x900135d8 0x00000000 mem 0x900135f8 0x00000000 mem 0x90013618 0x00000000 mem 0x90013638 0x00000000 mem 0x90013658 0x00000000 mem 0x90013678 0x00000000 mem 0x90013698 0x00000000 mem 0x900136b8 0x00000000 mem 0x900136d8 0x00000000 mem 0x900136f8 0x00000000 mem 0x90013718 0x00000000 mem 0x90013738 0x00000000 mem 0x90013758 0x00000000 mem 0x90013778 0x00000000 mem 0x90013798 0x00000000 mem 0x900137b8 0x00000000 mem 0x900137d8 0x00000000 mem 0x900137f8 0x00000000
core   0: 0x80000570 (0x00606a7b) vsw12.v v6, v0, 20
core   0: 3 0x80000570 (0x00606a7b) c8_vstart 0x00000000 e32 m1 l32 mem 0x90013414 0x00000000 mem 0x90013434 0x00000000 mem 0x90013454 0x00000000 mem 0x90013474 0x00000000 mem 0x90013494 0x00000000 mem 0x900134b4 0x00000000 mem 0x900134d4 0x00000000 mem 0x900134f4 0x00000000 mem 0x90013514 0x00000000 mem 0x90013534 0x00000000 mem 0x90013554 0x00000000 mem 0x90013574 0x00000000 mem 0x90013594 0x00000000 mem 0x900135b4 0x00000000 mem 0x900135d4 0x00000000 mem 0x900135f4 0x00000000 mem 0x90013614 0x00000000 mem 0x90013634 0x00000000 mem 0x90013654 0x00000000 mem 0x90013674 0x00000000 mem 0x90013694 0x00000000 mem 0x900136b4 0x00000000 mem 0x900136d4 0x00000000 mem 0x900136f4 0x00000000 mem 0x90013714 0x00000000 mem 0x90013734 0x00000000 mem 0x90013754 0x00000000 mem 0x90013774 0x00000000 mem 0x90013794 0x00000000 mem 0x900137b4 0x00000000 mem 0x900137d4 0x00000000 mem 0x900137f4 0x00000000
core   0: 0x80000574 (0x0050687b) vsw12.v v5, v0, 16
core   0: 3 0x80000574 (0x0050687b) c8_vstart 0x00000000 e32 m1 l32 mem 0x90013410 0x00000000 mem 0x90013430 0x00000000 mem 0x90013450 0x00000000 mem 0x90013470 0x00000000 mem 0x90013490 0x00000000 mem 0x900134b0 0x00000000 mem 0x900134d0 0x00000000 mem 0x900134f0 0x00000000 mem 0x90013510 0x00000000 mem 0x90013530 0x00000000 mem 0x90013550 0x00000000 mem 0x90013570 0x00000000 mem 0x90013590 0x00000000 mem 0x900135b0 0x00000000 mem 0x900135d0 0x00000000 mem 0x900135f0 0x00000000 mem 0x90013610 0x00000000 mem 0x90013630 0x00000000 mem 0x90013650 0x00000000 mem 0x90013670 0x00000000 mem 0x90013690 0x00000000 mem 0x900136b0 0x00000000 mem 0x900136d0 0x00000000 mem 0x900136f0 0x00000000 mem 0x90013710 0x00000000 mem 0x90013730 0x00000000 mem 0x90013750 0x00000000 mem 0x90013770 0x00000000 mem 0x90013790 0x00000000 mem 0x900137b0 0x00000000 mem 0x900137d0 0x00000000 mem 0x900137f0 0x00000000
core   0: 0x80000578 (0x0040667b) vsw12.v v4, v0, 12
core   0: 3 0x80000578 (0x0040667b) c8_vstart 0x00000000 e32 m1 l32 mem 0x9001340c 0x3d129b86 mem 0x9001342c 0x3dc80f14 mem 0x9001344c 0xbe406e0a mem 0x9001346c 0x3dd9b12f mem 0x9001348c 0x3dad1496 mem 0x900134ac 0xbe4bf8cf mem 0x900134cc 0x3d298cd6 mem 0x900134ec 0xbe3dce4a mem 0x9001350c 0xbdbd7fff mem 0x9001352c 0xbdb96e74 mem 0x9001354c 0x3d023ff4 mem 0x9001356c 0xbe74dce1 mem 0x9001358c 0xbdb15ca8 mem 0x900135ac 0x3d8f1a52 mem 0x900135cc 0xbd0b151b mem 0x900135ec 0x3c60c4b4 mem 0x9001360c 0xbd5bcae1 mem 0x9001362c 0xbd77d2f3 mem 0x9001364c 0x3da5d296 mem 0x9001366c 0xbe4796b8 mem 0x9001368c 0xbe718356 mem 0x900136ac 0xbc9e6e2d mem 0x900136cc 0xbdda1910 mem 0x900136ec 0x3d0a9b2b mem 0x9001370c 0x3d49d7bf mem 0x9001372c 0x3d92a14d mem 0x9001374c 0x3e31d904 mem 0x9001376c 0xbe1d0d1c mem 0x9001378c 0xbdb083d1 mem 0x900137ac 0x3c2bad7c mem 0x900137cc 0x3c78b69c mem 0x900137ec 0x3dd0bf92
core   0: 0x8000057c (0x0030647b) vsw12.v v3, v0, 8
core   0: 3 0x8000057c (0x0030647b) c8_vstart 0x00000000 e32 m1 l32 mem 0x90013408 0xbe7254b1 mem 0x90013428 0xbe327287 mem 0x90013448 0x3df77789 mem 0x90013468 0xbdc22f06 mem 0x90013488 0xbd87f539 mem 0x900134a8 0xbe2c5171 mem 0x900134c8 0xbe1ea505 mem 0x900134e8 0x3d921829 mem 0x90013508 0xbd515ccb mem 0x90013528 0x3e806e41 mem 0x90013548 0x3e05f2ce mem 0x90013568 0x3b0f09c8 mem 0x90013588 0xbcc715f2 mem 0x900135a8 0x3c0cb4c9 mem 0x900135c8 0x3dbf0d6d mem 0x900135e8 0xbd04d241 mem 0x90013608 0xbe847330 mem 0x90013628 0xbd8fa2a9 mem 0x90013648 0x3d8dd3fa mem 0x90013668 0xbd574ddf mem 0x90013688 0xbccdc5ee mem 0x900136a8 0xbdf2bf59 mem 0x900136c8 0xbddb4650 mem 0x900136e8 0xbd1f81fd mem 0x90013708 0xbda692b7 mem 0x90013728 0x3e94749f mem 0x90013748 0xbc436e4c mem 0x90013768 0x3ca8c7aa mem 0x90013788 0xbd728f41 mem 0x900137a8 0x3c08671c mem 0x900137c8 0x3dfa910a mem 0x900137e8 0x3dde3c84
core   0: 0x80000580 (0x0020627b) vsw12.v v2, v0, 4
core   0: 3 0x80000580 (0x0020627b) c8_vstart 0x00000000 e32 m1 l32 mem 0x90013404 0x3d94939a mem 0x90013424 0xbc2fd8b5 mem 0x90013444 0xbca4271f mem 0x90013464 0xbd7a402e mem 0x90013484 0xbbe8b820 mem 0x900134a4 0x3e2799b9 mem 0x900134c4 0x3daafee2 mem 0x900134e4 0x3e0f1e5f mem 0x90013504 0x3e2d0c12 mem 0x90013524 0x3c793458 mem 0x90013544 0x3c3b152d mem 0x90013564 0x3cc7ae69 mem 0x90013584 0xbd939d9e mem 0x900135a4 0xbd7cd897 mem 0x900135c4 0x3e338d78 mem 0x900135e4 0xbbedfaba mem 0x90013604 0xbdd85b6b mem 0x90013624 0xbe3684a6 mem 0x90013644 0x3dd12165 mem 0x90013664 0x3cc244eb mem 0x90013684 0xbe2e1e9a mem 0x900136a4 0x3d20dfd2 mem 0x900136c4 0xbe043a33 mem 0x900136e4 0x3d272116 mem 0x90013704 0x3dead00c mem 0x90013724 0x3e7e6cd2 mem 0x90013744 0x3dd3b7e8 mem 0x90013764 0xbd935ad2 mem 0x90013784 0xbe101c62 mem 0x900137a4 0x3c931e6d mem 0x900137c4 0x3dc78806 mem 0x900137e4 0xbc936d21
core   0: 0x80000584 (0x0010607b) vsw12.v v1, v0, 0
core   0: 3 0x80000584 (0x0010607b) c8_vstart 0x00000000 e32 m1 l32 mem 0x90013400 0xbe1ceb4a mem 0x90013420 0x3e1b26fd mem 0x90013440 0x3dae604f mem 0x90013460 0x3e1ae312 mem 0x90013480 0x3e190e30 mem 0x900134a0 0x3d62cb37 mem 0x900134c0 0x3e2838f7 mem 0x900134e0 0x3dd20efa mem 0x90013500 0x3d712de7 mem 0x90013520 0x3e33f94b mem 0x90013540 0x3d7b8171 mem 0x90013560 0xbd955815 mem 0x90013580 0xbd8d650c mem 0x900135a0 0x3c931a05 mem 0x900135c0 0xbd158248 mem 0x900135e0 0xbda5dfc2 mem 0x90013600 0x3d6b0907 mem 0x90013620 0xbe1c541c mem 0x90013640 0x3e8527b6 mem 0x90013660 0xbe23b1c3 mem 0x90013680 0x3df8a28e mem 0x900136a0 0x3db8f65d mem 0x900136c0 0xbd68660e mem 0x900136e0 0xbd36ff03 mem 0x90013700 0x3d8868dd mem 0x90013720 0x3db66dc1 mem 0x90013740 0xbe6e6956 mem 0x90013760 0xbcac0ce8 mem 0x90013780 0xbc6cf9e3 mem 0x900137a0 0xbe12c82e mem 0x900137c0 0xbd13fc02 mem 0x900137e0 0x3c804a86
core   0: 0x80000588 (0x05c0006f) j       pc + 0x5c
core   0: 3 0x80000588 (0x05c0006f)
core   0: 0x800005e4 (0x0000205b) join    v0, v0, pc + 0
core   0: 3 0x800005e4 (0x0000205b) current mask:	ffffffff current npc:	80000550 stack size: 0
core   0: 0x800005e8 (0xfe812083) lw      x1, -24(x2)
core   0: 3 0x800005e8 (0xfe812083) x1  0x800000a0 mem 0x70000000
core   0: 0x800005ec (0xfe810113) addi    x2, x2, -24
core   0: 3 0x800005ec (0xfe810113) x2  0x70000000
core   0: 0x800005f0 (0xffc20213) addi    x4, x4, -4
core   0: 3 0x800005f0 (0xffc20213) x4  0x00000000
core   0: 0x800005f4 (0x0010200b) regext  x0, x0,  0 0 0 1 
core   0: 3 0x800005f4 (0x0010200b)
core   0: 0x800005f8 (0x5e024057) vmv.v.x v0, x4
core   0: 3 0x800005f8 (0x5e024057) c8_vstart 0x00000core   0: 0x00001000 (0x00000297) auipc   x5, 0x0
core   0: 3 0x00001000 (0x00000297) x5  0x00001000
core   0: 0x00001004 (0x02028593) addi    x11, x5, 32
core   0: 3 0x00001004 (0x02028593) x11 0x00001020
core   0: 0x00001008 (0xf1402573) csrr    x10, mhartid
core   0: 3 0x00001008 (0xf1402573) x10 0x00000000
core   0: 0x0000100c (0x0182a283) lw      x5, 24(x5)
core   0: 3 0x0000100c (0x0182a283) x5  0x80000000 mem 0x00001018
core   0: 0x00001010 (0x00028067) jr      x5
core   0: 3 0x00001010 (0x00028067)
core   0: 0x80000000 (0x00004197) auipc   x3, 0x4
core   0: 3 0x80000000 (0x00004197) x3  0x80004000
core   0: 0x80000004 (0x80818193) addi    x3, x3, -2040
core   0: 3 0x80000004 (0x80818193) x3  0x80003808
core   0: 0x80000008 (0x02000e93) li      x29, 32
core   0: 3 0x80000008 (0x02000e93) x29 0x00000020
core   0: 0x8000000c (0x0d0efed7) vsetvli x29, x29, e32, m1, ta, ma
core   0: 3 0x8000000c (0x0d0efed7) x29 0x00000020 c8_vstart 0x00000000 c3104_vl 0x00000020 c3105_vtype 0x000000d0 c768_mstatus 0x80000600
core   0: 0x80000010 (0x00002eb7) lui     x29, 0x2
core   0: 3 0x80000010 (0x00002eb7) x29 0x00002000
core   0: 0x80000014 (0x300eaef3) csrrs   x29, mstatus, x29
core   0: 3 0x80000014 (0x300eaef3) x29 0x80000600 c768_mstatus 0x80006600
core   0: 0x80000018 (0x00000e93) li      x29, 0
core   0: 3 0x80000018 (0x00000e93) x29 0x00000000
core   0: 0x8000001c (0x80502373) csrr    x6, wid
core   0: 3 0x8000001c (0x80502373) x6  0x00000000
core   0: 0x80000020 (0x806023f3) csrr    x7, lds
core   0: 3 0x80000020 (0x806023f3) x7  0x70000000
core   0: 0x80000024 (0x40000e13) li      x28, 1024
core   0: 3 0x80000024 (0x40000e13) x28 0x00000400
core   0: 0x80000028 (0x03c30333) mul     x6, x6, x28
core   0: 3 0x80000028 (0x03c30333) x6  0x00000000
core   0: 0x8000002c (0x00730133) add     x2, x6, x7
core   0: 3 0x8000002c (0x00730133) x2  0x70000000
core   0: 0x80000030 (0x00000213) li      x4, 0
core   0: 3 0x80000030 (0x00000213) x4  0x00000000
core   0: 0x80000034 (0x80102f73) csrr    x30, numw
core   0: 3 0x80000034 (0x80102f73) x30 0x00000001
core   0: 0x80000038 (0x40000e13) li      x28, 1024
core   0: 3 0x80000038 (0x40000e13) x28 0x00000400
core   0: 0x8000003c (0x03cf0f33) mul     x30, x30, x28
core   0: 3 0x8000003c (0x03cf0f33) x30 0x00000400
core   0: 0x80000040 (0x01e38433) add     x8, x7, x30
core   0: 3 0x80000040 (0x01e38433) x8  0x70000400
core   0: 0x80000044 (0x00003517) auipc   x10, 0x3
core   0: 3 0x80000044 (0x00003517) x10 0x80003044
core   0: 0x80000048 (0xfc450513) addi    x10, x10, -60
core   0: 3 0x80000048 (0xfc450513) x10 0x80003008
core   0: 0x8000004c (0x00003617) auipc   x12, 0x3
core   0: 3 0x8000004c (0x00003617) x12 0x8000304c
core   0: 0x80000050 (0xfbc60613) addi    x12, x12, -68
core   0: 3 0x80000050 (0xfbc60613) x12 0x80003008
core   0: 0x80000054 (0x00c50863) beq     x10, x12, pc + 16
core   0: 3 0x80000054 (0x00c50863)
core   0: 0x80000064 (0x803022f3) csrr    x5, knl
core   0: 3 0x80000064 (0x803022f3) x5  0x90195000
core   0: 0x80000068 (0x0002a303) lw      x6, 0(x5)
core   0: 3 0x80000068 (0x0002a303) x6  0x80000464 mem 0x90195000
core   0: 0x8000006c (0x0042a503) lw      x10, 4(x5)
core   0: 3 0x8000006c (0x0042a503) x10 0x90014000 mem 0x90195004
core   0: 0x80000070 (0x0302a383) lw      x7, 48(x5)
core   0: 3 0x80000070 (0x0302a383) x7  0x00000000 mem 0x90195030
core   0: 0x80000074 (0x0342ae03) lw      x28, 52(x5)
core   0: 3 0x80000074 (0x0342ae03) x28 0x00000000 mem 0x90195034
core   0: 0x80000078 (0x00003e97) auipc   x29, 0x3
core   0: 3 0x80000078 (0x00003e97) x29 0x80003078
core   0: 0x8000007c (0xf88e8e93) addi    x29, x29, -120
core   0: 3 0x8000007c (0xf88e8e93) x29 0x80003000
core   0: 0x80000080 (0x00003f17) auipc   x30, 0x3
core   0: 3 0x80000080 (0x00003f17) x30 0x80003080
core   0: 0x80000084 (0xf84f0f13) addi    x30, x30, -124
core   0: 3 0x80000084 (0xf84f0f13) x30 0x80003004
core   0: 0x80000088 (0x007ea023) sw      x7, 0(x29)
core   0: 3 0x80000088 (0x007ea023) mem 0x80003000 0x00000000
core   0: 0x8000008c (0x01cf2023) sw      x28, 0(x30)
core   0: 3 0x8000008c (0x01cf2023) mem 0x80003004 0x00000000
core   0: 0x80000090 (0x00000f97) auipc   x31, 0x0
core   0: 3 0x80000090 (0x00000f97) x31 0x80000090
core   0: 0x80000094 (0x018f8f93) addi    x31, x31, 24
core   0: 3 0x80000094 (0x018f8f93) x31 0x800000a8
core   0: 0x80000098 (0x305f9073) csrw    mtvec, x31
core   0: 3 0x80000098 (0x305f9073) c773_mtvec 0x800000a8
core   0: 0x8000009c (0x000300e7) jalr    x6
core   0: 3 0x8000009c (0x000300e7) x1  0x800000a0
core   0: 0x80000464 (0x01810113) addi    x2, x2, 24
core   0: 3 0x80000464 (0x01810113) x2  0x70000018
core   0: 0x80000468 (0x00420213) addi    x4, x4, 4
core   0: 3 0x80000468 (0x00420213) x4  0x00000004
core   0: 0x8000046c (0x0010200b) regext  x0, x0,  0 0 0 1 
core   0: 3 0x8000046c (0x0010200b)
core   0: 0x80000470 (0x5e024057) vmv.v.x v0, x4
core   0: 3 0x80000470 (0x5e024057) c8_vstart 0x00000000 e32 m1 l32 v32 ffffffff 0x00000004 00000004 00000004 00000004 00000004 00000004 00000004 00000004 00000004 00000004 00000004 00000004 00000004 00000004 00000004 00000004 00000004 00000004 00000004 00000004 00000004 00000004 00000004 00000004 00000004 00000004 00000004 00000004 00000004 00000004 00000004 00000004 
core   0: 0x80000474 (0xfe112423) sw      x1, -24(x2)
core   0: 3 0x80000474 (0xfe112423) mem 0x70000000 0x800000a0
core   0: 0x80000478 (0x01052283) lw      x5, 16(x10)
core   0: 3 0x80000478 (0x01052283) x5  0x90011000 mem 0x90014010
core   0: 0x8000047c (0xfe512c23) sw      x5, -8(x2)
core   0: 3 0x8000047c (0xfe512c23) mem 0x70000010 0x90011000
core   0: 0x80000480 (0x00c52283) lw      x5, 12(x10)
core   0: 3 0x80000480 (0x00c52283) x5  0x00000001 mem 0x9001400c
core   0: 0x80000484 (0xfe512a23) sw      x5, -12(x2)
core   0: 3 0x80000484 (0xfe512a23) mem 0x7000000c 0x00000001
core   0: 0x80000488 (0x00452283) lw      x5, 4(x10)
core   0: 3 0x80000488 (0x00452283) x5  0x00000000 mem 0x90014004
core   0: 0x8000048c (0xfe512823) sw      x5, -16(x2)
core   0: 3 0x8000048c (0xfe512823) mem 0x70000008 0x00000000
core   0: 0x80000490 (0x00052283) lw      x5, 0(x10)
core   0: 3 0x80000490 (0x00052283) x5  0x9000e000 mem 0x90014000
core   0: 0x80000494 (0xfe512623) sw      x5, -20(x2)
core   0: 3 0x80000494 (0xfe512623) mem 0x70000004 0x9000e000
core   0: 0x80000498 (0x00852283) lw      x5, 8(x10)
core   0: 3 0x80000498 (0x00852283) x5  0x0000000c mem 0x90014008
core   0: 0x8000049c (0xfe512e23) sw      x5, -4(x2)
core   0: 3 0x8000049c (0xfe512e23) mem 0x70000014 0x0000000c
core   0: 0x800004a0 (0x5e004057) vmv.v.x v0, x0
core   0: 3 0x800004a0 (0x5e004057) c8_vstart 0x00000000 e32 m1 l32 v0  ffffffff 0x00000000 00000000 00000000 00000000 00000000 00000000 00000000 00000000 00000000 00000000 00000000 00000000 00000000 00000000 00000000 00000000 00000000 00000000 00000000 00000000 00000000 00000000 00000000 00000000 00000000 00000000 00000000 00000000 00000000 00000000 00000000 00000000 
core   0: 0x800004a4 (0x1d4000ef) jal     pc + 0x1d4
core   0: 3 0x800004a4 (0x1d4000ef) x1  0x800004a8
core   0: 0x80000678 (0x00410113) addi    x2, x2, 4
core   0: 3 0x80000678 (0x00410113) x2  0x7000001c
core   0: 0x8000067c (0xfe112e23) sw      x1, -4(x2)
core   0: 3 0x8000067c (0xfe112e23) mem 0x70000018 0x800004a8
core   0: 0x80000680 (0x020040d7) vadd.vx v1, v0, x0
core   0: 3 0x80000680 (0x020040d7) c8_vstart 0x00000000 e32 m1 l32 v1  ffffffff 0x00000000 00000000 00000000 00000000 00000000 00000000 00000000 00000000 00000000 00000000 00000000 00000000 00000000 00000000 00000000 00000000 00000000 00000000 00000000 00000000 00000000 00000000 00000000 00000000 00000000 00000000 00000000 00000000 00000000 00000000 00000000 00000000 
core   0: 0x80000684 (0x00200293) li      x5, 2
core   0: 3 0x80000684 (0x00200293) x5  0x00000002
core   0: 0x80000688 (0x5e02c057) vmv.v.x v0, x5
core   0: 3 0x80000688 (0x5e02c057) c8_vstart 0x00000000 e32 m1 l32 v0  ffffffff 0x00000002 00000002 00000002 00000002 00000002 00000002 00000002 00000002 00000002 00000002 00000002 00000002 00000002 00000002 00000002 00000002 00000002 00000002 00000002 00000002 00000002 00000002 00000002 00000002 00000002 00000002 00000002 00000002 00000002 00000002 00000002 00000002 
core   0: 0x8000068c (0x00000317) auipc   x6, 0x0
core   0: 3 0x8000068c (0x00000317) x6  0x8000068c
core   0: 0x80000690 (0x0543305b) setrpc  x0, x6, 84
core   0: 3 0x80000690 (0x0543305b) c2060_rpc 0x800006e0 current mask:	ffffffff current npc:	00000000 stack size: 0
core   0: 0x80000694 (0x0410045b) vbeq    v1, v0, pc + 72
core   0: 3 0x80000694 (0x0410045b) c8_vstart 0x00000000 e32 m1 l32 current mask:	ffffffff current npc:	80000698 stack size: 0
core   0: 0x80000698 (0x0040006f) j       pc + 0x4
core   0: 3 0x80000698 (0x0040006f)
core   0: 0x8000069c (0x00100293) li      x5, 1
core   0: 3 0x8000069c (0x00100293) x5  0x00000001
core   0: 0x800006a0 (0x5e02c057) vmv.v.x v0, x5
core   0: 3 0x800006a0 (0x5e02c057) c8_vstart 0x00000000 e32 m1 l32 v0  ffffffff 0x00000001 00000001 00000001 00000001 00000001 00000001 00000001 00000001 00000001 00000001 00000001 00000001 00000001 00000001 00000001 00000001 00000001 00000001 00000001 00000001 00000001 00000001 00000001 00000001 00000001 00000001 00000001 00000001 00000001 00000001 00000001 00000001 
core   0: 0x800006a4 (0x00000317) auipc   x6, 0x0
core   0: 3 0x800006a4 (0x00000317) x6  0x800006a4
core   0: 0x800006a8 (0x03c3305b) setrpc  x0, x6, 60
core   0: 3 0x800006a8 (0x03c3305b) c2060_rpc 0x800006e0 current mask:	ffffffff current npc:	80000698 stack size: 0
core   0: 0x800006ac (0x0210045b) vbeq    v1, v0, pc + 40
core   0: 3 0x800006ac (0x0210045b) c8_vstart 0x00000000 e32 m1 l32 current mask:	ffffffff current npc:	800006b0 stack size: 0
core   0: 0x800006b0 (0x0040006f) j       pc + 0x4
core   0: 3 0x800006b0 (0x0040006f)
core   0: 0x800006b4 (0x5e004157) vmv.v.x v2, x0
core   0: 3 0x800006b4 (0x5e004157) c8_vstart 0x00000000 e32 m1 l32 v2  ffffffff 0x00000000 00000000 00000000 00000000 00000000 00000000 00000000 00000000 00000000 00000000 00000000 00000000 00000000 00000000 00000000 00000000 00000000 00000000 00000000 00000000 00000000 00000000 00000000 00000000 00000000 00000000 00000000 00000000 00000000 00000000 00000000 00000000 
core   0: 0x800006b8 (0x5e004057) vmv.v.x v0, x0
core   0: 3 0x800006b8 (0x5e004057) c8_vstart 0x00000000 e32 m1 l32 v0  ffffffff 0x00000000 00000000 00000000 00000000 00000000 00000000 00000000 00000000 00000000 00000000 00000000 00000000 00000000 00000000 00000000 00000000 00000000 00000000 00000000 00000000 00000000 00000000 00000000 00000000 00000000 00000000 00000000 00000000 00000000 00000000 00000000 00000000 
core   0: 0x800006bc (0x00000317) auipc   x6, 0x0
core   0: 3 0x800006bc (0x00000317) x6  0x800006bc
core   0: 0x800006c0 (0x0243305b) setrpc  x0, x6, 36
core   0: 3 0x800006c0 (0x0243305b) c2060_rpc 0x800006e0 current mask:	ffffffff current npc:	800006b0 stack size: 0
core   0: 0x800006c4 (0x00111e5b) vbne    v1, v2, pc + 28
core   0: 3 0x800006c4 (0x00111e5b) c8_vstart 0x00000000 e32 m1 l32 current mask:	ffffffff current npc:	800006c8 stack size: 0
core   0: 0x800006c8 (0x0040006f) j       pc + 0x4
core   0: 3 0x800006c8 (0x0040006f)
core   0: 0x800006cc (0x09c000ef) jal     pc + 0x9c
core   0: 3 0x800006cc (0x09c000ef) x1  0x800006d0
core   0: 0x80000768 (0x80802573) csrr    x10, gidx
core   0: 3 0x80000768 (0x80802573) x10 0x0000000a
core   0: 0x8000076c (0x5e054057) vmv.v.x v0, x10
core   0: 3 0x8000076c (0x5e054057) c8_vstart 0x00000000 e32 m1 l32 v0  ffffffff 0x0000000a 0000000a 0000000a 0000000a 0000000a 0000000a 0000000a 0000000a 0000000a 0000000a 0000000a 0000000a 0000000a 0000000a 0000000a 0000000a 0000000a 0000000a 0000000a 0000000a 0000000a 0000000a 0000000a 0000000a 0000000a 0000000a 0000000a 0000000a 0000000a 0000000a 0000000a 0000000a 
core   0: 0x80000770 (0x00008067) ret
core   0: 3 0x80000770 (0x00008067)
core   0: 0x800006d0 (0x0100006f) j       pc + 0x10
core   0: 3 0x800006d0 (0x0100006f)
core   0: 0x800006e0 (0x0000205b) join    v0, v0, pc + 0
core   0: 3 0x800006e0 (0x0000205b) current mask:	ffffffff current npc:	800006c8 stack size: 0
core   0: 0x800006e4 (0xffc12083) lw      x1, -4(x2)
core   0: 3 0x800006e4 (0xffc12083) x1  0x800004a8 mem 0x70000018
core   0: 0x800006e8 (0xffc10113) addi    x2, x2, -4
core   0: 3 0x800006e8 (0xffc10113) x2  0x70000018
core   0: 0x800006ec (0x00008067) ret
core   0: 3 0x800006ec (0x00008067)
core   0: 0x800004a8 (0x0080200b) regext  x0, x0,  0 0 1 0 
core   0: 3 0x800004a8 (0x0080200b)
core   0: 0x800004ac (0xfe002e2b) vsw.v   v0, x0, -4
core   0: 3 0x800004ac (0xfe002e2b) c8_vstart 0x00000000 mem 0x90015000 0x0000000a mem 0x90015004 0x0000000a mem 0x90015008 0x0000000a mem 0x9001500c 0x0000000a mem 0x90015010 0x0000000a mem 0x90015014 0x0000000a mem 0x90015018 0x0000000a mem 0x9001501c 0x0000000a mem 0x90015020 0x0000000a mem 0x90015024 0x0000000a mem 0x90015028 0x0000000a mem 0x9001502c 0x0000000a mem 0x90015030 0x0000000a mem 0x90015034 0x0000000a mem 0x90015038 0x0000000a mem 0x9001503c 0x0000000a mem 0x90015040 0x0000000a mem 0x90015044 0x0000000a mem 0x90015048 0x0000000a mem 0x9001504c 0x0000000a mem 0x90015050 0x0000000a mem 0x90015054 0x0000000a mem 0x90015058 0x0000000a mem 0x9001505c 0x0000000a mem 0x90015060 0x0000000a mem 0x90015064 0x0000000a mem 0x90015068 0x0000000a mem 0x9001506c 0x0000000a mem 0x90015070 0x0000000a mem 0x90015074 0x0000000a mem 0x90015078 0x0000000a mem 0x9001507c 0x0000000a
core   0: 0x800004b0 (0x5e004057) vmv.v.x v0, x0
core   0: 3 0x800004b0 (0x5e004057) c8_vstart 0x00000000 e32 m1 l32 v0  ffffffff 0x00000000 00000000 00000000 00000000 00000000 00000000 00000000 00000000 00000000 00000000 00000000 00000000 00000000 00000000 00000000 00000000 00000000 00000000 00000000 00000000 00000000 00000000 00000000 00000000 00000000 00000000 00000000 00000000 00000000 00000000 00000000 00000000 
core   0: 0x800004b4 (0x14c000ef) jal     pc + 0x14c
core   0: 3 0x800004b4 (0x14c000ef) x1  0x800004b8
core   0: 0x80000600 (0x00410113) addi    x2, x2, 4
core   0: 3 0x80000600 (0x00410113) x2  0x7000001c
core   0: 0x80000604 (0xfe112e23) sw      x1, -4(x2)
core   0: 3 0x80000604 (0xfe112e23) mem 0x70000018 0x800004b8
core   0: 0x80000608 (0x020040d7) vadd.vx v1, v0, x0
core   0: 3 0x80000608 (0x020040d7) c8_vstart 0x00000000 e32 m1 l32 v1  ffffffff 0x00000000 00000000 00000000 00000000 00000000 00000000 00000000 00000000 00000000 00000000 00000000 00000000 00000000 00000000 00000000 00000000 00000000 00000000 00000000 00000000 00000000 00000000 00000000 00000000 00000000 00000000 00000000 00000000 00000000 00000000 00000000 00000000 
core   0: 0x8000060c (0x00200293) li      x5, 2
core   0: 3 0x8000060c (0x00200293) x5  0x00000002
core   0: 0x80000610 (0x5e02c057) vmv.v.x v0, x5
core   0: 3 0x80000610 (0x5e02c057) c8_vstart 0x00000000 e32 m1 l32 v0  ffffffff 0x00000002 00000002 00000002 00000002 00000002 00000002 00000002 00000002 00000002 00000002 00000002 00000002 00000002 00000002 00000002 00000002 00000002 00000002 00000002 00000002 00000002 00000002 00000002 00000002 00000002 00000002 00000002 00000002 00000002 00000002 00000002 00000002 
core   0: 0x80000614 (0x00000317) auipc   x6, 0x0
core   0: 3 0x80000614 (0x00000317) x6  0x80000614
core   0: 0x80000618 (0x0543305b) setrpc  x0, x6, 84
core   0: 3 0x80000618 (0x0543305b) c2060_rpc 0x80000668 current mask:	ffffffff current npc:	800006c8 stack size: 0
core   0: 0x8000061c (0x0410045b) vbeq    v1, v0, pc + 72
core   0: 3 0x8000061c (0x0410045b) c8_vstart 0x00000000 e32 m1 l32 current mask:	ffffffff current npc:	80000620 stack size: 0
core   0: 0x80000620 (0x0040006f) j       pc + 0x4
core   0: 3 0x80000620 (0x0040006f)
core   0: 0x80000624 (0x00100293) li      x5, 1
core   0: 3 0x80000624 (0x00100293) x5  0x00000001
core   0: 0x80000628 (0x5e02c057) vmv.v.x v0, x5
core   0: 3 0x80000628 (0x5e02c057) c8_vstart 0x00000000 e32 m1 l32 v0  ffffffff 0x00000001 00000001 00000001 00000001 00000001 00000001 00000001 00000001 00000001 00000001 00000001 00000001 00000001 00000001 00000001 00000001 00000001 00000001 00000001 00000001 00000001 00000001 00000001 00000001 00000001 00000001 00000001 00000001 00000001 00000001 00000001 00000001 
core   0: 0x8000062c (0x00000317) auipc   x6, 0x0
core   0: 3 0x8000062c (0x00000317) x6  0x8000062c
core   0: 0x80000630 (0x03c3305b) setrpc  x0, x6, 60
core   0: 3 0x80000630 (0x03c3305b) c2060_rpc 0x80000668 current mask:	ffffffff current npc:	80000620 stack size: 0
core   0: 0x80000634 (0x0210045b) vbeq    v1, v0, pc + 40
core   0: 3 0x80000634 (0x0210045b) c8_vstart 0x00000000 e32 m1 l32 current mask:	ffffffff current npc:	80000638 stack size: 0
core   0: 0x80000638 (0x0040006f) j       pc + 0x4
core   0: 3 0x80000638 (0x0040006f)
core   0: 0x8000063c (0x5e004157) vmv.v.x v2, x0
core   0: 3 0x8000063c (0x5e004157) c8_vstart 0x00000000 e32 m1 l32 v2  ffffffff 0x00000000 00000000 00000000 00000000 00000000 00000000 00000000 00000000 00000000 00000000 00000000 00000000 00000000 00000000 00000000 00000000 00000000 00000000 00000000 00000000 00000000 00000000 00000000 00000000 00000000 00000000 00000000 00000000 00000000 00000000 00000000 00000000 
core   0: 0x80000640 (0x5e004057) vmv.v.x v0, x0
core   0: 3 0x80000640 (0x5e004057) c8_vstart 0x00000000 e32 m1 l32 v0  ffffffff 0x00000000 00000000 00000000 00000000 00000000 00000000 00000000 00000000 00000000 00000000 00000000 00000000 00000000 00000000 00000000 00000000 00000000 00000000 00000000 00000000 00000000 00000000 00000000 00000000 00000000 00000000 00000000 00000000 00000000 00000000 00000000 00000000 
core   0: 0x80000644 (0x00000317) auipc   x6, 0x0
core   0: 3 0x80000644 (0x00000317) x6  0x80000644
core   0: 0x80000648 (0x0243305b) setrpc  x0, x6, 36
core   0: 3 0x80000648 (0x0243305b) c2060_rpc 0x80000668 current mask:	ffffffff current npc:	80000638 stack size: 0
core   0: 0x8000064c (0x00111e5b) vbne    v1, v2, pc + 28
core   0: 3 0x8000064c (0x00111e5b) c8_vstart 0x00000000 e32 m1 l32 current mask:	ffffffff current npc:	80000650 stack size: 0
core   0: 0x80000650 (0x0040006f) j       pc + 0x4
core   0: 3 0x80000650 (0x0040006f)
core   0: 0x80000654 (0x138000ef) jal     pc + 0x138
core   0: 3 0x80000654 (0x138000ef) x1  0x80000658
core   0: 0x8000078c (0x00410113) addi    x2, x2, 4
core   0: 3 0x8000078c (0x00410113) x2  0x70000020
core   0: 0x80000790 (0xfe112e23) sw      x1, -4(x2)
core   0: 3 0x80000790 (0xfe112e23) mem 0x7000001c 0x80000658
core   0: 0x80000794 (0x80302573) csrr    x10, knl
core   0: 3 0x80000794 (0x80302573) x10 0x90195000
core   0: 0x80000798 (0x00852283) lw      x5, 8(x10)
core   0: 3 0x80000798 (0x00852283) x5  0x00000001 mem 0x90195008
core   0: 0x8000079c (0x80002373) csrr    x6, tid
core   0: 3 0x8000079c (0x80002373) x6  0x00000000
core   0: 0x800007a0 (0x5208a157) vid.v   v2
core   0: 3 0x800007a0 (0x5208a157) c8_vstart 0x00000000 e32 m1 l32 v2  ffffffff 0x0000001f 0000001e 0000001d 0000001c 0000001b 0000001a 00000019 00000018 00000017 00000016 00000015 00000014 00000013 00000012 00000011 00000010 0000000f 0000000e 0000000d 0000000c 0000000b 0000000a 00000009 00000008 00000007 00000006 00000005 00000004 00000003 00000002 00000001 00000000 
core   0: 0x800007a4 (0x02234057) vadd.vx v0, v2, x6
core   0: 3 0x800007a4 (0x02234057) c8_vstart 0x00000000 e32 m1 l32 v0  ffffffff 0x0000001f 0000001e 0000001d 0000001c 0000001b 0000001a 00000019 00000018 00000017 00000016 00000015 00000014 00000013 00000012 00000011 00000010 0000000f 0000000e 0000000d 0000000c 0000000b 0000000a 00000009 00000008 00000007 00000006 00000005 00000004 00000003 00000002 00000001 00000000 
core   0: 0x800007a8 (0x01852e03) lw      x28, 24(x10)
core   0: 3 0x800007a8 (0x01852e03) x28 0x00000020 mem 0x90195018
core   0: 0x800007ac (0x8a0e6057) vremu.vx v0, v0, x28
core   0: 3 0x800007ac (0x8a0e6057) c8_vstart 0x00000000 e32 m1 l32 v0  ffffffff 0x0000001f 0000001e 0000001d 0000001c 0000001b 0000001a 00000019 00000018 00000017 00000016 00000015 00000014 00000013 00000012 00000011 00000010 0000000f 0000000e 0000000d 0000000c 0000000b 0000000a 00000009 00000008 00000007 00000006 00000005 00000004 00000003 00000002 00000001 00000000 
core   0: 0x800007b0 (0xffc12083) lw      x1, -4(x2)
core   0: 3 0x800007b0 (0xffc12083) x1  0x80000658 mem 0x7000001c
core   0: 0x800007b4 (0xffc10113) addi    x2, x2, -4
core   0: 3 0x800007b4 (0xffc10113) x2  0x7000001c
core   0: 0x800007b8 (0x00008067) ret
core   0: 3 0x800007b8 (0x00008067)
core   0: 0x80000658 (0x0100006f) j       pc + 0x10
core   0: 3 0x80000658 (0x0100006f)
core   0: 0x80000668 (0x0000205b) join    v0, v0, pc + 0
core   0: 3 0x80000668 (0x0000205b) current mask:	ffffffff current npc:	80000650 stack size: 0
core   0: 0x8000066c (0xffc12083) lw      x1, -4(x2)
core   0: 3 0x8000066c (0xffc12083) x1  0x800004b8 mem 0x70000018
core   0: 0x80000670 (0xffc10113) addi    x2, x2, -4
core   0: 3 0x80000670 (0xffc10113) x2  0x70000018
core   0: 0x80000674 (0x00008067) ret
core   0: 3 0x80000674 (0x00008067)
core   0: 0x800004b8 (0x0080200b) regext  x0, x0,  0 0 1 0 
core   0: 3 0x800004b8 (0x0080200b)
core   0: 0x800004bc (0x7fc0212b) vlw.v   v2, x0, -4
core   0: 3 0x800004bc (0x7fc0212b) e32 m1 l32 v2  ffffffff 0x0000000a 0000000a 0000000a 0000000a 0000000a 0000000a 0000000a 0000000a 0000000a 0000000a 0000000a 0000000a 0000000a 0000000a 0000000a 0000000a 0000000a 0000000a 0000000a 0000000a 0000000a 0000000a 0000000a 0000000a 0000000a 0000000a 0000000a 0000000a 0000000a 0000000a 0000000a 0000000a  c8_vstart 0x00000000 mem 0x90015000 mem 0x90015004 mem 0x90015008 mem 0x9001500c mem 0x90015010 mem 0x90015014 mem 0x90015018 mem 0x9001501c mem 0x90015020 mem 0x90015024 mem 0x90015028 mem 0x9001502c mem 0x90015030 mem 0x90015034 mem 0x90015038 mem 0x9001503c mem 0x90015040 mem 0x90015044 mem 0x90015048 mem 0x9001504c mem 0x90015050 mem 0x90015054 mem 0x90015058 mem 0x9001505c mem 0x90015060 mem 0x90015064 mem 0x90015068 mem 0x9001506c mem 0x90015070 mem 0x90015074 mem 0x90015078 mem 0x9001507c
core   0: 0x800004c0 (0xffc12283) lw      x5, -4(x2)
core   0: 3 0x800004c0 (0xffc12283) x5  0x0000000c mem 0x70000014
core   0: 0x800004c4 (0x5e02c0d7) vmv.v.x v1, x5
core   0: 3 0x800004c4 (0x5e02c0d7) c8_vstart 0x00000000 e32 m1 l32 v1  ffffffff 0x0000000c 0000000c 0000000c 0000000c 0000000c 0000000c 0000000c 0000000c 0000000c 0000000c 0000000c 0000000c 0000000c 0000000c 0000000c 0000000c 0000000c 0000000c 0000000c 0000000c 0000000c 0000000c 0000000c 0000000c 0000000c 0000000c 0000000c 0000000c 0000000c 0000000c 0000000c 0000000c 
core   0: 0x800004c8 (0x00000317) auipc   x6, 0x0
core   0: 3 0x800004c8 (0x00000317) x6  0x800004c8
core   0: 0x800004cc (0x11c3305b) setrpc  x0, x6, 284
core   0: 3 0x800004cc (0x11c3305b) c2060_rpc 0x800005e4 current mask:	ffffffff current npc:	80000650 stack size: 0
core   0: 0x800004d0 (0x1020da5b) vbge    v2, v1, pc + 276
core   0: 3 0x800004d0 (0x1020da5b) c8_vstart 0x00000000 e32 m1 l32 current mask:	ffffffff current npc:	800004d4 stack size: 0
core   0: 0x800004d4 (0x0040006f) j       pc + 0x4
core   0: 3 0x800004d4 (0x0040006f)
core   0: 0x800004d8 (0xff012283) lw      x5, -16(x2)
core   0: 3 0x800004d8 (0xff012283) x5  0x00000000 mem 0x70000008
core   0: 0x800004dc (0x0222c4d7) vadd.vx v9, v2, x5
core   0: 3 0x800004dc (0x0222c4d7) c8_vstart 0x00000000 e32 m1 l32 v9  ffffffff 0x0000000a 0000000a 0000000a 0000000a 0000000a 0000000a 0000000a 0000000a 0000000a 0000000a 0000000a 0000000a 0000000a 0000000a 0000000a 0000000a 0000000a 0000000a 0000000a 0000000a 0000000a 0000000a 0000000a 0000000a 0000000a 0000000a 0000000a 0000000a 0000000a 0000000a 0000000a 0000000a 
core   0: 0x800004e0 (0x5e0040d7) vmv.v.x v1, x0
core   0: 3 0x800004e0 (0x5e0040d7) c8_vstart 0x00000000 e32 m1 l32 v1  ffffffff 0x00000000 00000000 00000000 00000000 00000000 00000000 00000000 00000000 00000000 00000000 00000000 00000000 00000000 00000000 00000000 00000000 00000000 00000000 00000000 00000000 00000000 00000000 00000000 00000000 00000000 00000000 00000000 00000000 00000000 00000000 00000000 00000000 
core   0: 0x800004e4 (0xff412283) lw      x5, -12(x2)
core   0: 3 0x800004e4 (0xff412283) x5  0x00000001 mem 0x7000000c
core   0: 0x800004e8 (0x02504263) blt     x0, x5, pc + 36
core   0: 3 0x800004e8 (0x02504263)
core   0: 0x8000050c (0x9692e0d7) vmul.vx v1, v9, x5
core   0: 3 0x8000050c (0x9692e0d7) c8_vstart 0x00000000 e32 m1 l32 v1  ffffffff 0x0000000a 0000000a 0000000a 0000000a 0000000a 0000000a 0000000a 0000000a 0000000a 0000000a 0000000a 0000000a 0000000a 0000000a 0000000a 0000000a 0000000a 0000000a 0000000a 0000000a 0000000a 0000000a 0000000a 0000000a 0000000a 0000000a 0000000a 0000000a 0000000a 0000000a 0000000a 0000000a 
core   0: 0x80000510 (0x961530d7) vsll.vi v1, v1, 10
core   0: 3 0x80000510 (0x961530d7) c8_vstart 0x00000000 e32 m1 l32 v1  ffffffff 0x00002800 00002800 00002800 00002800 00002800 00002800 00002800 00002800 00002800 00002800 00002800 00002800 00002800 00002800 00002800 00002800 00002800 00002800 00002800 00002800 00002800 00002800 00002800 00002800 00002800 00002800 00002800 00002800 00002800 00002800 00002800 00002800 
core   0: 0x80000514 (0x9602b157) vsll.vi v2, v0, 5
core   0: 3 0x80000514 (0x9602b157) c8_vstart 0x00000000 e32 m1 l32 v2  ffffffff 0x000003e0 000003c0 000003a0 00000380 00000360 00000340 00000320 00000300 000002e0 000002c0 000002a0 00000280 00000260 00000240 00000220 00000200 000001e0 000001c0 000001a0 00000180 00000160 00000140 00000120 00000100 000000e0 000000c0 000000a0 00000080 00000060 00000040 00000020 00000000 
core   0: 0x80000518 (0x021100d7) vadd.vv v1, v1, v2
core   0: 3 0x80000518 (0x021100d7) c8_vstart 0x00000000 e32 m1 l32 v1  ffffffff 0x00002be0 00002bc0 00002ba0 00002b80 00002b60 00002b40 00002b20 00002b00 00002ae0 00002ac0 00002aa0 00002a80 00002a60 00002a40 00002a20 00002a00 000029e0 000029c0 000029a0 00002980 00002960 00002940 00002920 00002900 000028e0 000028c0 000028a0 00002880 00002860 00002840 00002820 00002800 
core   0: 0x8000051c (0xfec12303) lw      x6, -20(x2)
core   0: 3 0x8000051c (0xfec12303) x6  0x9000e000 mem 0x70000004
core   0: 0x80000520 (0x02134557) vadd.vx v10, v1, x6
core   0: 3 0x80000520 (0x02134557) c8_vstart 0x00000000 e32 m1 l32 v10 ffffffff 0x90010be0 90010bc0 90010ba0 90010b80 90010b60 90010b40 90010b20 90010b00 90010ae0 90010ac0 90010aa0 90010a80 90010a60 90010a40 90010a20 90010a00 900109e0 900109c0 900109a0 90010980 90010960 90010940 90010920 90010900 900108e0 900108c0 900108a0 90010880 90010860 90010840 90010820 90010800 
core   0: 0x80000524 (0x5e0040d7) vmv.v.x v1, x0
core   0: 3 0x80000524 (0x5e0040d7) c8_vstart 0x00000000 e32 m1 l32 v1  ffffffff 0x00000000 00000000 00000000 00000000 00000000 00000000 00000000 00000000 00000000 00000000 00000000 00000000 00000000 00000000 00000000 00000000 00000000 00000000 00000000 00000000 00000000 00000000 00000000 00000000 00000000 00000000 00000000 00000000 00000000 00000000 00000000 00000000 
core   0: 0x80000528 (0x02104157) vadd.vx v2, v1, x0
core   0: 3 0x80000528 (0x02104157) c8_vstart 0x00000000 e32 m1 l32 v2  ffffffff 0x00000000 00000000 00000000 00000000 00000000 00000000 00000000 00000000 00000000 00000000 00000000 00000000 00000000 00000000 00000000 00000000 00000000 00000000 00000000 00000000 00000000 00000000 00000000 00000000 00000000 00000000 00000000 00000000 00000000 00000000 00000000 00000000 
core   0: 0x8000052c (0x021041d7) vadd.vx v3, v1, x0
core   0: 3 0x8000052c (0x021041d7) c8_vstart 0x00000000 e32 m1 l32 v3  ffffffff 0x00000000 00000000 00000000 00000000 00000000 00000000 00000000 00000000 00000000 00000000 00000000 00000000 00000000 00000000 00000000 00000000 00000000 00000000 00000000 00000000 00000000 00000000 00000000 00000000 00000000 00000000 00000000 00000000 00000000 00000000 00000000 00000000 
core   0: 0x80000530 (0x02104257) vadd.vx v4, v1, x0
core   0: 3 0x80000530 (0x02104257) c8_vstart 0x00000000 e32 m1 l32 v4  ffffffff 0x00000000 00000000 00000000 00000000 00000000 00000000 00000000 00000000 00000000 00000000 00000000 00000000 00000000 00000000 00000000 00000000 00000000 00000000 00000000 00000000 00000000 00000000 00000000 00000000 00000000 00000000 00000000 00000000 00000000 00000000 00000000 00000000 
core   0: 0x80000534 (0x021042d7) vadd.vx v5, v1, x0
core   0: 3 0x80000534 (0x021042d7) c8_vstart 0x00000000 e32 m1 l32 v5  ffffffff 0x00000000 00000000 00000000 00000000 00000000 00000000 00000000 00000000 00000000 00000000 00000000 00000000 00000000 00000000 00000000 00000000 00000000 00000000 00000000 00000000 00000000 00000000 00000000 00000000 00000000 00000000 00000000 00000000 00000000 00000000 00000000 00000000 
core   0: 0x80000538 (0x02104357) vadd.vx v6, v1, x0
core   0: 3 0x80000538 (0x02104357) c8_vstart 0x00000000 e32 m1 l32 v6  ffffffff 0x00000000 00000000 00000000 00000000 00000000 00000000 00000000 00000000 00000000 00000000 00000000 00000000 00000000 00000000 00000000 00000000 00000000 00000000 00000000 00000000 00000000 00000000 00000000 00000000 00000000 00000000 00000000 00000000 00000000 00000000 00000000 00000000 
core   0: 0x8000053c (0x021043d7) vadd.vx v7, v1, x0
core   0: 3 0x8000053c (0x021043d7) c8_vstart 0x00000000 e32 m1 l32 v7  ffffffff 0x00000000 00000000 00000000 00000000 00000000 00000000 00000000 00000000 00000000 00000000 00000000 00000000 00000000 00000000 00000000 00000000 00000000 00000000 00000000 00000000 00000000 00000000 00000000 00000000 00000000 00000000 00000000 00000000 00000000 00000000 00000000 00000000 
core   0: 0x80000540 (0x02104457) vadd.vx v8, v1, x0
core   0: 3 0x80000540 (0x02104457) c8_vstart 0x00000000 e32 m1 l32 v8  ffffffff 0x00000000 00000000 00000000 00000000 00000000 00000000 00000000 00000000 00000000 00000000 00000000 00000000 00000000 00000000 00000000 00000000 00000000 00000000 00000000 00000000 00000000 00000000 00000000 00000000 00000000 00000000 00000000 00000000 00000000 00000000 00000000 00000000 
core   0: 0x80000544 (0x5e02c5d7) vmv.v.x v11, x5
core   0: 3 0x80000544 (0x5e02c5d7) c8_vstart 0x00000000 e32 m1 l32 v11 ffffffff 0x00000001 00000001 00000001 00000001 00000001 00000001 00000001 00000001 00000001 00000001 00000001 00000001 00000001 00000001 00000001 00000001 00000001 00000001 00000001 00000001 00000001 00000001 00000001 00000001 00000001 00000001 00000001 00000001 00000001 00000001 00000001 00000001 
core   0: 0x80000548 (0x5e004a57) vmv.v.x v20, x0
core   0: 3 0x80000548 (0x5e004a57) c8_vstart 0x00000000 e32 m1 l32 v20 ffffffff 0x00000000 00000000 00000000 00000000 00000000 00000000 00000000 00000000 00000000 00000000 00000000 00000000 00000000 00000000 00000000 00000000 00000000 00000000 00000000 00000000 00000000 00000000 00000000 00000000 00000000 00000000 00000000 00000000 00000000 00000000 00000000 00000000 
core   0: 0x8000054c (0x0400006f) j       pc + 0x40
core   0: 3 0x8000054c (0x0400006f)
core   0: 0x8000058c (0x01c529fb) vlw12.v v19, v10, 28
core   0: 3 0x8000058c (0x01c529fb) e32 m1 l32 v19 ffffffff 0x00000000 00000000 00000000 00000000 00000000 00000000 00000000 00000000 00000000 00000000 00000000 00000000 00000000 00000000 00000000 00000000 00000000 00000000 00000000 00000000 00000000 00000000 00000000 00000000 00000000 00000000 00000000 00000000 00000000 00000000 00000000 00000000  c8_vstart 0x00000000 mem 0x9001081c mem 0x9001083c mem 0x9001085c mem 0x9001087c mem 0x9001089c mem 0x900108bc mem 0x900108dc mem 0x900108fc mem 0x9001091c mem 0x9001093c mem 0x9001095c mem 0x9001097c mem 0x9001099c mem 0x900109bc mem 0x900109dc mem 0x900109fc mem 0x90010a1c mem 0x90010a3c mem 0x90010a5c mem 0x90010a7c mem 0x90010a9c mem 0x90010abc mem 0x90010adc mem 0x90010afc mem 0x90010b1c mem 0x90010b3c mem 0x90010b5c mem 0x90010b7c mem 0x90010b9c mem 0x90010bbc mem 0x90010bdc mem 0x90010bfc
core   0: 0x80000590 (0x0185297b) vlw12.v v18, v10, 24
core   0: 3 0x80000590 (0x0185297b) e32 m1 l32 v18 ffffffff 0x00000000 00000000 00000000 00000000 00000000 00000000 00000000 00000000 00000000 00000000 00000000 00000000 00000000 00000000 00000000 00000000 00000000 00000000 00000000 00000000 00000000 00000000 00000000 00000000 00000000 00000000 00000000 00000000 00000000 00000000 00000000 00000000  c8_vstart 0x00000000 mem 0x90010818 mem 0x90010838 mem 0x90010858 mem 0x90010878 mem 0x90010898 mem 0x900108b8 mem 0x900108d8 mem 0x900108f8 mem 0x90010918 mem 0x90010938 mem 0x90010958 mem 0x90010978 mem 0x90010998 mem 0x900109b8 mem 0x900109d8 mem 0x900109f8 mem 0x90010a18 mem 0x90010a38 mem 0x90010a58 mem 0x90010a78 mem 0x90010a98 mem 0x90010ab8 mem 0x90010ad8 mem 0x90010af8 mem 0x90010b18 mem 0x90010b38 mem 0x90010b58 mem 0x90010b78 mem 0x90010b98 mem 0x90010bb8 mem 0x90010bd8 mem 0x90010bf8
core   0: 0x80000594 (0x014528fb) vlw12.v v17, v10, 20
core   0: 3 0x80000594 (0x014528fb) e32 m1 l32 v17 ffffffff 0x00000000 00000000 00000000 00000000 00000000 00000000 00000000 00000000 00000000 00000000 00000000 00000000 00000000 00000000 00000000 00000000 00000000 00000000 00000000 00000000 00000000 00000000 00000000 00000000 00000000 00000000 00000000 00000000 00000000 00000000 00000000 00000000  c8_vstart 0x00000000 mem 0x90010814 mem 0x90010834 mem 0x90010854 mem 0x90010874 mem 0x90010894 mem 0x900108b4 mem 0x900108d4 mem 0x900108f4 mem 0x90010914 mem 0x90010934 mem 0x90010954 mem 0x90010974 mem 0x90010994 mem 0x900109b4 mem 0x900109d4 mem 0x900109f4 mem 0x90010a14 mem 0x90010a34 mem 0x90010a54 mem 0x90010a74 mem 0x90010a94 mem 0x90010ab4 mem 0x90010ad4 mem 0x90010af4 mem 0x90010b14 mem 0x90010b34 mem 0x90010b54 mem 0x90010b74 mem 0x90010b94 mem 0x90010bb4 mem 0x90010bd4 mem 0x90010bf4
core   0: 0x80000598 (0x0105287b) vlw12.v v16, v10, 16
core   0: 3 0x80000598 (0x0105287b) e32 m1 l32 v16 ffffffff 0x00000000 00000000 00000000 00000000 00000000 00000000 00000000 00000000 00000000 00000000 00000000 00000000 00000000 00000000 00000000 00000000 00000000 00000000 00000000 00000000 00000000 00000000 00000000 00000000 00000000 00000000 00000000 00000000 00000000 00000000 00000000 00000000  c8_vstart 0x00000000 mem 0x90010810 mem 0x90010830 mem 0x90010850 mem 0x90010870 mem 0x90010890 mem 0x900108b0 mem 0x900108d0 mem 0x900108f0 mem 0x90010910 mem 0x90010930 mem 0x90010950 mem 0x90010970 mem 0x90010990 mem 0x900109b0 mem 0x900109d0 mem 0x900109f0 mem 0x90010a10 mem 0x90010a30 mem 0x90010a50 mem 0x90010a70 mem 0x90010a90 mem 0x90010ab0 mem 0x90010ad0 mem 0x90010af0 mem 0x90010b10 mem 0x90010b30 mem 0x90010b50 mem 0x90010b70 mem 0x90010b90 mem 0x90010bb0 mem 0x90010bd0 mem 0x90010bf0
core   0: 0x8000059c (0x00c527fb) vlw12.v v15, v10, 12
core   0: 3 0x8000059c (0x00c527fb) e32 m1 l32 v15 ffffffff 0x3de455df 3cbbbefb bdb37254 3aba793c 3d67d00e 3d759d2d bdde591b 3d87770e bdb2a484 3df9338f 3d866d42 3beaac5d 3dbc287d bd1ff3f5 3d5afbd8 bc41a253 bd7717c5 bce56a35 3bb96ca0 bcfd1090 be16984f bd3ca7c8 3da2714d 3df46c43 3e113168 bbd8e980 3d495f9a 3d00b2a0 bd2df1c1 be26113d bdb082a5 3ddf0fe0  c8_vstart 0x00000000 mem 0x9001080c mem 0x9001082c mem 0x9001084c mem 0x9001086c mem 0x9001088c mem 0x900108ac mem 0x900108cc mem 0x900108ec mem 0x9001090c mem 0x9001092c mem 0x9001094c mem 0x9001096c mem 0x9001098c mem 0x900109ac mem 0x900109cc mem 0x900109ec mem 0x90010a0c mem 0x90010a2c mem 0x90010a4c mem 0x90010a6c mem 0x90010a8c mem 0x90010aac mem 0x90010acc mem 0x90010aec mem 0x90010b0c mem 0x90010b2c mem 0x90010b4c mem 0x90010b6c mem 0x90010b8c mem 0x90010bac mem 0x90010bcc mem 0x90010bec
core   0: 0x800005a0 (0x0085277b) vlw12.v v14, v10, 8
core   0: 3 0x800005a0 (0x0085277b) e32 m1 l32 v14 ffffffff 0xbdc6e3f7 3c984870 bbe1f9f6 bdb6e0b2 bdaffaba be23e97f 3e07fcb3 3e1a8755 be8ee3e2 be3340e4 bd18c960 bc8e38f4 3b32178e 3e0955aa 3d0c6bea 3ca1c7f0 bd554365 bd8f554f 3ceddeed bbe5303a 3c935520 3e10ac3d 3e54a958 3c0a645a be5a6689 3d9ffe06 3cdcf76e bd2c2341 bdd91b9a 3dea755b 3d0290fa 3d18fe14  c8_vstart 0x00000000 mem 0x90010808 mem 0x90010828 mem 0x90010848 mem 0x90010868 mem 0x90010888 mem 0x900108a8 mem 0x900108c8 mem 0x900108e8 mem 0x90010908 mem 0x90010928 mem 0x90010948 mem 0x90010968 mem 0x90010988 mem 0x900109a8 mem 0x900109c8 mem 0x900109e8 mem 0x90010a08 mem 0x90010a28 mem 0x90010a48 mem 0x90010a68 mem 0x90010a88 mem 0x90010aa8 mem 0x90010ac8 mem 0x90010ae8 mem 0x90010b08 mem 0x90010b28 mem 0x90010b48 mem 0x90010b68 mem 0x90010b88 mem 0x90010ba8 mem 0x90010bc8 mem 0x90010be8
core   0: 0x800005a4 (0x004526fb) vlw12.v v13, v10, 4
core   0: 3 0x800005a4 (0x004526fb) e32 m1 l32 v13 ffffffff 0xbd250095 3e139ab2 3cd555a0 3be79b2e 3d9b9870 bd52e4f2 3dbf06d8 3d60e7c5 be11a813 3e3f68e4 bd4217e7 bc9dbd87 be80c368 3d2e2c1c 3d1e3203 3e32ff66 be7b92f3 bcb06912 3dbe3ff1 3b6b8134 3da7c426 bc4463f6 be0ef0dd bdca4163 bd089712 3b9ea47c 3cec019e 3b0dc474 bc37c5aa 3d5ef310 3d33f4c8 3e6800b5  c8_vstart 0x00000000 mem 0x90010804 mem 0x90010824 mem 0x90010844 mem 0x90010864 mem 0x90010884 mem 0x900108a4 mem 0x900108c4 mem 0x900108e4 mem 0x90010904 mem 0x90010924 mem 0x90010944 mem 0x90010964 mem 0x90010984 mem 0x900109a4 mem 0x900109c4 mem 0x900109e4 mem 0x90010a04 mem 0x90010a24 mem 0x90010a44 mem 0x90010a64 mem 0x90010a84 mem 0x90010aa4 mem 0x90010ac4 mem 0x90010ae4 mem 0x90010b04 mem 0x90010b24 mem 0x90010b44 mem 0x90010b64 mem 0x90010b84 mem 0x90010ba4 mem 0x90010bc4 mem 0x90010be4
core   0: 0x800005a8 (0x0005267b) vlw12.v v12, v10, 0
core   0: 3 0x800005a8 (0x0005267b) e32 m1 l32 v12 ffffffff 0xbdc0c51c 3cd3a449 be7e349f 3d94f1a3 3e33051b be25b503 bd88c655 3bd2a826 bdfee384 3e252427 bdc0c677 bd80ee42 3e180357 3e0e0d81 3e752bb7 bcdc26c4 bd8a3ff0 bd918ebb 3dbe6ff7 be7ab2ab 3d8f4fb8 be5b3467 3b8504ee be1be21e 3ce02963 bd036b57 bdb12843 3d00a8db be0fa5c6 3ce2be2a bb83d293 3e00654d  c8_vstart 0x00000000 mem 0x90010800 mem 0x90010820 mem 0x90010840 mem 0x90010860 mem 0x90010880 mem 0x900108a0 mem 0x900108c0 mem 0x900108e0 mem 0x90010900 mem 0x90010920 mem 0x90010940 mem 0x90010960 mem 0x90010980 mem 0x900109a0 mem 0x900109c0 mem 0x900109e0 mem 0x90010a00 mem 0x90010a20 mem 0x90010a40 mem 0x90010a60 mem 0x90010a80 mem 0x90010aa0 mem 0x90010ac0 mem 0x90010ae0 mem 0x90010b00 mem 0x90010b20 mem 0x90010b40 mem 0x90010b60 mem 0x90010b80 mem 0x90010ba0 mem 0x90010bc0 mem 0x90010be0
core   0: 0x800005ac (0x02899457) vfadd.vv v8, v8, v19
core   0: 3 0x800005ac (0x02899457) c8_vstart 0x00000000 e32 m1 l32 v8  ffffffff 0x00000000 00000000 00000000 00000000 00000000 00000000 00000000 00000000 00000000 00000000 00000000 00000000 00000000 00000000 00000000 00000000 00000000 00000000 00000000 00000000 00000000 00000000 00000000 00000000 00000000 00000000 00000000 00000000 00000000 00000000 00000000 00000000 
core   0: 0x800005b0 (0x027913d7) vfadd.vv v7, v7, v18
core   0: 3 0x800005b0 (0x027913d7) c8_vstart 0x00000000 e32 m1 l32 v7  ffffffff 0x00000000 00000000 00000000 00000000 00000000 00000000 00000000 00000000 00000000 00000000 00000000 00000000 00000000 00000000 00000000 00000000 00000000 00000000 00000000 00000000 00000000 00000000 00000000 00000000 00000000 00000000 00000000 00000000 00000000 00000000 00000000 00000000 
core   0: 0x800005b4 (0x02689357) vfadd.vv v6, v6, v17
core   0: 3 0x800005b4 (0x02689357) c8_vstart 0x00000000 e32 m1 l32 v6  ffffffff 0x00000000 00000000 00000000 00000000 00000000 00000000 00000000 00000000 00000000 00000000 00000000 00000000 00000000 00000000 00000000 00000000 00000000 00000000 00000000 00000000 00000000 00000000 00000000 00000000 00000000 00000000 00000000 00000000 00000000 00000000 00000000 00000000 
core   0: 0x800005b8 (0x025812d7) vfadd.vv v5, v5, v16
core   0: 3 0x800005b8 (0x025812d7) c8_vstart 0x00000000 e32 m1 l32 v5  ffffffff 0x00000000 00000000 00000000 00000000 00000000 00000000 00000000 00000000 00000000 00000000 00000000 00000000 00000000 00000000 00000000 00000000 00000000 00000000 00000000 00000000 00000000 00000000 00000000 00000000 00000000 00000000 00000000 00000000 00000000 00000000 00000000 00000000 
core   0: 0x800005bc (0x02479257) vfadd.vv v4, v4, v15
core   0: 3 0x800005bc (0x02479257) c8_vstart 0x00000000 e32 m1 l32 v4  ffffffff 0x3de455df 3cbbbefb bdb37254 3aba793c 3d67d00e 3d759d2d bdde591b 3d87770e bdb2a484 3df9338f 3d866d42 3beaac5d 3dbc287d bd1ff3f5 3d5afbd8 bc41a253 bd7717c5 bce56a35 3bb96ca0 bcfd1090 be16984f bd3ca7c8 3da2714d 3df46c43 3e113168 bbd8e980 3d495f9a 3d00b2a0 bd2df1c1 be26113d bdb082a5 3ddf0fe0 
core   0: 0x800005c0 (0x023711d7) vfadd.vv v3, v3, v14
core   0: 3 0x800005c0 (0x023711d7) c8_vstart 0x00000000 e32 m1 l32 v3  ffffffff 0xbdc6e3f7 3c984870 bbe1f9f6 bdb6e0b2 bdaffaba be23e97f 3e07fcb3 3e1a8755 be8ee3e2 be3340e4 bd18c960 bc8e38f4 3b32178e 3e0955aa 3d0c6bea 3ca1c7f0 bd554365 bd8f554f 3ceddeed bbe5303a 3c935520 3e10ac3d 3e54a958 3c0a645a be5a6689 3d9ffe06 3cdcf76e bd2c2341 bdd91b9a 3dea755b 3d0290fa 3d18fe14 
core   0: 0x800005c4 (0x02269157) vfadd.vv v2, v2, v13
core   0: 3 0x800005c4 (0x02269157) c8_vstart 0x00000000 e32 m1 l32 v2  ffffffff 0xbd250095 3e139ab2 3cd555a0 3be79b2e 3d9b9870 bd52e4f2 3dbf06d8 3d60e7c5 be11a813 3e3f68e4 bd4217e7 bc9dbd87 be80c368 3d2e2c1c 3d1e3203 3e32ff66 be7b92f3 bcb06912 3dbe3ff1 3b6b8134 3da7c426 bc4463f6 be0ef0dd bdca4163 bd089712 3b9ea47c 3cec019e 3b0dc474 bc37c5aa 3d5ef310 3d33f4c8 3e6800b5 
core   0: 0x800005c8 (0x021610d7) vfadd.vv v1, v1, v12
core   0: 3 0x800005c8 (0x021610d7) c8_vstart 0x00000000 e32 m1 l32 v1  ffffffff 0xbdc0c51c 3cd3a449 be7e349f 3d94f1a3 3e33051b be25b503 bd88c655 3bd2a826 bdfee384 3e252427 bdc0c677 bd80ee42 3e180357 3e0e0d81 3e752bb7 bcdc26c4 bd8a3ff0 bd918ebb 3dbe6ff7 be7ab2ab 3d8f4fb8 be5b3467 3b8504ee be1be21e 3ce02963 bd036b57 bdb12843 3d00a8db be0fa5c6 3ce2be2a bb83d293 3e00654d 
core   0: 0x800005cc (0x0015958b) vsub12.vi v11, v11, 1
core   0: 3 0x800005cc (0x0015958b) c8_vstart 0x00000000 e32 m1 l32 v11 ffffffff 0x00000000 00000000 00000000 00000000 00000000 00000000 00000000 00000000 00000000 00000000 00000000 00000000 00000000 00000000 00000000 00000000 00000000 00000000 00000000 00000000 00000000 00000000 00000000 00000000 00000000 00000000 00000000 00000000 00000000 00000000 00000000 00000000 
core   0: 0x800005d0 (0x4005050b) vadd12.vi v10, v10, 1024
core   0: 3 0x800005d0 (0x4005050b) c8_vstart 0x00000000 e32 m1 l32 v10 ffffffff 0x90010fe0 90010fc0 90010fa0 90010f80 90010f60 90010f40 90010f20 90010f00 90010ee0 90010ec0 90010ea0 90010e80 90010e60 90010e40 90010e20 90010e00 90010de0 90010dc0 90010da0 90010d80 90010d60 90010d40 90010d20 90010d00 90010ce0 90010cc0 90010ca0 90010c80 90010c60 90010c40 90010c20 90010c00 
core   0: 0x800005d4 (0x00000317) auipc   x6, 0x0
core   0: 3 0x800005d4 (0x00000317) x6  0x800005d4
core   0: 0x800005d8 (0xf7c3305b) setrpc  x0, x6, -132
core   0: 3 0x800005d8 (0xf7c3305b) c2060_rpc 0x80000550 current mask:	ffffffff current npc:	800004d4 stack size: 0
core   0: 0x800005dc (0xf6ba0adb) vbeq    v11, v20, pc - 140
core   0: 3 0x800005dc (0xf6ba0adb) c8_vstart 0x00000000 e32 m1 l32 current mask:	ffffffff current npc:	80000550 stack size: 0
core   0: 0x80000550 (0x0000205b) join    v0, v0, pc + 0
core   0: 3 0x80000550 (0x0000205b) current mask:	ffffffff current npc:	80000550 stack size: 0
core   0: 0x80000554 (0x9692b4d7) vsll.vi v9, v9, 5
core   0: 3 0x80000554 (0x9692b4d7) c8_vstart 0x00000000 e32 m1 l32 v9  ffffffff 0x00000140 00000140 00000140 00000140 00000140 00000140 00000140 00000140 00000140 00000140 00000140 00000140 00000140 00000140 00000140 00000140 00000140 00000140 00000140 00000140 00000140 00000140 00000140 00000140 00000140 00000140 00000140 00000140 00000140 00000140 00000140 00000140 
core   0: 0x80000558 (0x02900057) vadd.vv v0, v9, v0
core   0: 3 0x80000558 (0x02900057) c8_vstart 0x00000000 e32 m1 l32 v0  ffffffff 0x0000015f 0000015e 0000015d 0000015c 0000015b 0000015a 00000159 00000158 00000157 00000156 00000155 00000154 00000153 00000152 00000151 00000150 0000014f 0000014e 0000014d 0000014c 0000014b 0000014a 00000149 00000148 00000147 00000146 00000145 00000144 00000143 00000142 00000141 00000140 
core   0: 0x8000055c (0x9602b057) vsll.vi v0, v0, 5
core   0: 3 0x8000055c (0x9602b057) c8_vstart 0x00000000 e32 m1 l32 v0  ffffffff 0x00002be0 00002bc0 00002ba0 00002b80 00002b60 00002b40 00002b20 00002b00 00002ae0 00002ac0 00002aa0 00002a80 00002a60 00002a40 00002a20 00002a00 000029e0 000029c0 000029a0 00002980 00002960 00002940 00002920 00002900 000028e0 000028c0 000028a0 00002880 00002860 00002840 00002820 00002800 
core   0: 0x80000560 (0xff812283) lw      x5, -8(x2)
core   0: 3 0x80000560 (0xff812283) x5  0x90011000 mem 0x70000010
core   0: 0x80000564 (0x0202c057) vadd.vx v0, v0, x5
core   0: 3 0x80000564 (0x0202c057) c8_vstart 0x00000000 e32 m1 l32 v0  ffffffff 0x90013be0 90013bc0 90013ba0 90013b80 90013b60 90013b40 90013b20 90013b00 90013ae0 90013ac0 90013aa0 90013a80 90013a60 90013a40 90013a20 90013a00 900139e0 900139c0 900139a0 90013980 90013960 90013940 90013920 90013900 900138e0 900138c0 900138a0 90013880 90013860 90013840 90013820 90013800 
core   0: 0x80000568 (0x00806e7b) vsw12.v v8, v0, 28
core   0: 3 0x80000568 (0x00806e7b) c8_vstart 0x00000000 e32 m1 l32 mem 0x9001381c 0x00000000 mem 0x9001383c 0x00000000 mem 0x9001385c 0x00000000 mem 0x9001387c 0x00000000 mem 0x9001389c 0x00000000 mem 0x900138bc 0x00000000 mem 0x900138dc 0x00000000 mem 0x900138fc 0x00000000 mem 0x9001391c 0x00000000 mem 0x9001393c 0x00000000 mem 0x9001395c 0x00000000 mem 0x9001397c 0x00000000 mem 0x9001399c 0x00000000 mem 0x900139bc 0x00000000 mem 0x900139dc 0x00000000 mem 0x900139fc 0x00000000 mem 0x90013a1c 0x00000000 mem 0x90013a3c 0x00000000 mem 0x90013a5c 0x00000000 mem 0x90013a7c 0x00000000 mem 0x90013a9c 0x00000000 mem 0x90013abc 0x00000000 mem 0x90013adc 0x00000000 mem 0x90013afc 0x00000000 mem 0x90013b1c 0x00000000 mem 0x90013b3c 0x00000000 mem 0x90013b5c 0x00000000 mem 0x90013b7c 0x00000000 mem 0x90013b9c 0x00000000 mem 0x90013bbc 0x00000000 mem 0x90013bdc 0x00000000 mem 0x90013bfc 0x00000000
core   0: 0x8000056c (0x00706c7b) vsw12.v v7, v0, 24
core   0: 3 0x8000056c (0x00706c7b) c8_vstart 0x00000000 e32 m1 l32 mem 0x90013818 0x00000000 mem 0x90013838 0x00000000 mem 0x90013858 0x00000000 mem 0x90013878 0x00000000 mem 0x90013898 0x00000000 mem 0x900138b8 0x00000000 mem 0x900138d8 0x00000000 mem 0x900138f8 0x00000000 mem 0x90013918 0x00000000 mem 0x90013938 0x00000000 mem 0x90013958 0x00000000 mem 0x90013978 0x00000000 mem 0x90013998 0x00000000 mem 0x900139b8 0x00000000 mem 0x900139d8 0x00000000 mem 0x900139f8 0x00000000 mem 0x90013a18 0x00000000 mem 0x90013a38 0x00000000 mem 0x90013a58 0x00000000 mem 0x90013a78 0x00000000 mem 0x90013a98 0x00000000 mem 0x90013ab8 0x00000000 mem 0x90013ad8 0x00000000 mem 0x90013af8 0x00000000 mem 0x90013b18 0x00000000 mem 0x90013b38 0x00000000 mem 0x90013b58 0x00000000 mem 0x90013b78 0x00000000 mem 0x90013b98 0x00000000 mem 0x90013bb8 0x00000000 mem 0x90013bd8 0x00000000 mem 0x90013bf8 0x00000000
core   0: 0x80000570 (0x00606a7b) vsw12.v v6, v0, 20
core   0: 3 0x80000570 (0x00606a7b) c8_vstart 0x00000000 e32 m1 l32 mem 0x90013814 0x00000000 mem 0x90013834 0x00000000 mem 0x90013854 0x00000000 mem 0x90013874 0x00000000 mem 0x90013894 0x00000000 mem 0x900138b4 0x00000000 mem 0x900138d4 0x00000000 mem 0x900138f4 0x00000000 mem 0x90013914 0x00000000 mem 0x90013934 0x00000000 mem 0x90013954 0x00000000 mem 0x90013974 0x00000000 mem 0x90013994 0x00000000 mem 0x900139b4 0x00000000 mem 0x900139d4 0x00000000 mem 0x900139f4 0x00000000 mem 0x90013a14 0x00000000 mem 0x90013a34 0x00000000 mem 0x90013a54 0x00000000 mem 0x90013a74 0x00000000 mem 0x90013a94 0x00000000 mem 0x90013ab4 0x00000000 mem 0x90013ad4 0x00000000 mem 0x90013af4 0x00000000 mem 0x90013b14 0x00000000 mem 0x90013b34 0x00000000 mem 0x90013b54 0x00000000 mem 0x90013b74 0x00000000 mem 0x90013b94 0x00000000 mem 0x90013bb4 0x00000000 mem 0x90013bd4 0x00000000 mem 0x90013bf4 0x00000000
core   0: 0x80000574 (0x0050687b) vsw12.v v5, v0, 16
core   0: 3 0x80000574 (0x0050687b) c8_vstart 0x00000000 e32 m1 l32 mem 0x90013810 0x00000000 mem 0x90013830 0x00000000 mem 0x90013850 0x00000000 mem 0x90013870 0x00000000 mem 0x90013890 0x00000000 mem 0x900138b0 0x00000000 mem 0x900138d0 0x00000000 mem 0x900138f0 0x00000000 mem 0x90013910 0x00000000 mem 0x90013930 0x00000000 mem 0x90013950 0x00000000 mem 0x90013970 0x00000000 mem 0x90013990 0x00000000 mem 0x900139b0 0x00000000 mem 0x900139d0 0x00000000 mem 0x900139f0 0x00000000 mem 0x90013a10 0x00000000 mem 0x90013a30 0x00000000 mem 0x90013a50 0x00000000 mem 0x90013a70 0x00000000 mem 0x90013a90 0x00000000 mem 0x90013ab0 0x00000000 mem 0x90013ad0 0x00000000 mem 0x90013af0 0x00000000 mem 0x90013b10 0x00000000 mem 0x90013b30 0x00000000 mem 0x90013b50 0x00000000 mem 0x90013b70 0x00000000 mem 0x90013b90 0x00000000 mem 0x90013bb0 0x00000000 mem 0x90013bd0 0x00000000 mem 0x90013bf0 0x00000000
core   0: 0x80000578 (0x0040667b) vsw12.v v4, v0, 12
core   0: 3 0x80000578 (0x0040667b) c8_vstart 0x00000000 e32 m1 l32 mem 0x9001380c 0x3ddf0fe0 mem 0x9001382c 0xbdb082a5 mem 0x9001384c 0xbe26113d mem 0x9001386c 0xbd2df1c1 mem 0x9001388c 0x3d00b2a0 mem 0x900138ac 0x3d495f9a mem 0x900138cc 0xbbd8e980 mem 0x900138ec 0x3e113168 mem 0x9001390c 0x3df46c43 mem 0x9001392c 0x3da2714d mem 0x9001394c 0xbd3ca7c8 mem 0x9001396c 0xbe16984f mem 0x9001398c 0xbcfd1090 mem 0x900139ac 0x3bb96ca0 mem 0x900139cc 0xbce56a35 mem 0x900139ec 0xbd7717c5 mem 0x90013a0c 0xbc41a253 mem 0x90013a2c 0x3d5afbd8 mem 0x90013a4c 0xbd1ff3f5 mem 0x90013a6c 0x3dbc287d mem 0x90013a8c 0x3beaac5d mem 0x90013aac 0x3d866d42 mem 0x90013acc 0x3df9338f mem 0x90013aec 0xbdb2a484 mem 0x90013b0c 0x3d87770e mem 0x90013b2c 0xbdde591b mem 0x90013b4c 0x3d759d2d mem 0x90013b6c 0x3d67d00e mem 0x90013b8c 0x3aba793c mem 0x90013bac 0xbdb37254 mem 0x90013bcc 0x3cbbbefb mem 0x90013bec 0x3de455df
core   0: 0x8000057c (0x0030647b) vsw12.v v3, v0, 8
core   0: 3 0x8000057c (0x0030647b) c8_vstart 0x00000000 e32 m1 l32 mem 0x90013808 0x3d18fe14 mem 0x90013828 0x3d0290fa mem 0x90013848 0x3dea755b mem 0x90013868 0xbdd91b9a mem 0x90013888 0xbd2c2341 mem 0x900138a8 0x3cdcf76e mem 0x900138c8 0x3d9ffe06 mem 0x900138e8 0xbe5a6689 mem 0x90013908 0x3c0a645a mem 0x90013928 0x3e54a958 mem 0x90013948 0x3e10ac3d mem 0x90013968 0x3c935520 mem 0x90013988 0xbbe5303a mem 0x900139a8 0x3ceddeed mem 0x900139c8 0xbd8f554f mem 0x900139e8 0xbd554365 mem 0x90013a08 0x3ca1c7f0 mem 0x90013a28 0x3d0c6bea mem 0x90013a48 0x3e0955aa mem 0x90013a68 0x3b32178e mem 0x90013a88 0xbc8e38f4 mem 0x90013aa8 0xbd18c960 mem 0x90013ac8 0xbe3340e4 mem 0x90013ae8 0xbe8ee3e2 mem 0x90013b08 0x3e1a8755 mem 0x90013b28 0x3e07fcb3 mem 0x90013b48 0xbe23e97f mem 0x90013b68 0xbdaffaba mem 0x90013b88 0xbdb6e0b2 mem 0x90013ba8 0xbbe1f9f6 mem 0x90013bc8 0x3c984870 mem 0x90013be8 0xbdc6e3f7
core   0: 0x80000580 (0x0020627b) vsw12.v v2, v0, 4
core   0: 3 0x80000580 (0x0020627b) c8_vstart 0x00000000 e32 m1 l32 mem 0x90013804 0x3e6800b5 mem 0x90013824 0x3d33f4c8 mem 0x90013844 0x3d5ef310 mem 0x90013864 0xbc37c5aa mem 0x90013884 0x3b0dc474 mem 0x900138a4 0x3cec019e mem 0x900138c4 0x3b9ea47c mem 0x900138e4 0xbd089712 mem 0x90013904 0xbdca4163 mem 0x90013924 0xbe0ef0dd mem 0x90013944 0xbc4463f6 mem 0x90013964 0x3da7c426 mem 0x90013984 0x3b6b8134 mem 0x900139a4 0x3dbe3ff1 mem 0x900139c4 0xbcb06912 mem 0x900139e4 0xbe7b92f3 mem 0x90013a04 0x3e32ff66 mem 0x90013a24 0x3d1e3203 mem 0x90013a44 0x3d2e2c1c mem 0x90013a64 0xbe80c368 mem 0x90013a84 0xbc9dbd87 mem 0x90013aa4 0xbd4217e7 mem 0x90013ac4 0x3e3f68e4 mem 0x90013ae4 0xbe11a813 mem 0x90013b04 0x3d60e7c5 mem 0x90013b24 0x3dbf06d8 mem 0x90013b44 0xbd52e4f2 mem 0x90013b64 0x3d9b9870 mem 0x90013b84 0x3be79b2e mem 0x90013ba4 0x3cd555a0 mem 0x90013bc4 0x3e139ab2 mem 0x90013be4 0xbd250095
core   0: 0x80000584 (0x0010607b) vsw12.v v1, v0, 0
core   0: 3 0x80000584 (0x0010607b) c8_vstart 0x00000000 e32 m1 l32 mem 0x90013800 0x3e00654d mem 0x90013820 0xbb83d293 mem 0x90013840 0x3ce2be2a mem 0x90013860 0xbe0fa5c6 mem 0x90013880 0x3d00a8db mem 0x900138a0 0xbdb12843 mem 0x900138c0 0xbd036b57 mem 0x900138e0 0x3ce02963 mem 0x90013900 0xbe1be21e mem 0x90013920 0x3b8504ee mem 0x90013940 0xbe5b3467 mem 0x90013960 0x3d8f4fb8 mem 0x90013980 0xbe7ab2ab mem 0x900139a0 0x3dbe6ff7 mem 0x900139c0 0xbd918ebb mem 0x900139e0 0xbd8a3ff0 mem 0x90013a00 0xbcdc26c4 mem 0x90013a20 0x3e752bb7 mem 0x90013a40 0x3e0e0d81 mem 0x90013a60 0x3e180357 mem 0x90013a80 0xbd80ee42 mem 0x90013aa0 0xbdc0c677 mem 0x90013ac0 0x3e252427 mem 0x90013ae0 0xbdfee384 mem 0x90013b00 0x3bd2a826 mem 0x90013b20 0xbd88c655 mem 0x90013b40 0xbe25b503 mem 0x90013b60 0x3e33051b mem 0x90013b80 0x3d94f1a3 mem 0x90013ba0 0xbe7e349f mem 0x90013bc0 0x3cd3a449 mem 0x90013be0 0xbdc0c51c
core   0: 0x80000588 (0x05c0006f) j       pc + 0x5c
core   0: 3 0x80000588 (0x05c0006f)
core   0: 0x800005e4 (0x0000205b) join    v0, v0, pc + 0
core   0: 3 0x800005e4 (0x0000205b) current mask:	ffffffff current npc:	80000550 stack size: 0
core   0: 0x800005e8 (0xfe812083) lw      x1, -24(x2)
core   0: 3 0x800005e8 (0xfe812083) x1  0x800000a0 mem 0x70000000
core   0: 0x800005ec (0xfe810113) addi    x2, x2, -24
core   0: 3 0x800005ec (0xfe810113) x2  0x70000000
core   0: 0x800005f0 (0xffc20213) addi    x4, x4, -4
core   0: 3 0x800005f0 (0xffc20213) x4  0x00000000
core   0: 0x800005f4 (0x0010200b) regext  x0, x0,  0 0 0 1 
core   0: 3 0x800005f4 (0x0010200b)
core   0: 0x800005f8 (0x5e024057) vmv.v.x v0, x4
core   0: 3 0x800005f8 (0x5e024057) c8_vstart 0x00000core   0: 0x00001000 (0x00000297) auipc   x5, 0x0
core   0: 3 0x00001000 (0x00000297) x5  0x00001000
core   0: 0x00001004 (0x02028593) addi    x11, x5, 32
core   0: 3 0x00001004 (0x02028593) x11 0x00001020
core   0: 0x00001008 (0xf1402573) csrr    x10, mhartid
core   0: 3 0x00001008 (0xf1402573) x10 0x00000000
core   0: 0x0000100c (0x0182a283) lw      x5, 24(x5)
core   0: 3 0x0000100c (0x0182a283) x5  0x80000000 mem 0x00001018
core   0: 0x00001010 (0x00028067) jr      x5
core   0: 3 0x00001010 (0x00028067)
core   0: 0x80000000 (0x00004197) auipc   x3, 0x4
core   0: 3 0x80000000 (0x00004197) x3  0x80004000
core   0: 0x80000004 (0x80818193) addi    x3, x3, -2040
core   0: 3 0x80000004 (0x80818193) x3  0x80003808
core   0: 0x80000008 (0x02000e93) li      x29, 32
core   0: 3 0x80000008 (0x02000e93) x29 0x00000020
core   0: 0x8000000c (0x0d0efed7) vsetvli x29, x29, e32, m1, ta, ma
core   0: 3 0x8000000c (0x0d0efed7) x29 0x00000020 c8_vstart 0x00000000 c3104_vl 0x00000020 c3105_vtype 0x000000d0 c768_mstatus 0x80000600
core   0: 0x80000010 (0x00002eb7) lui     x29, 0x2
core   0: 3 0x80000010 (0x00002eb7) x29 0x00002000
core   0: 0x80000014 (0x300eaef3) csrrs   x29, mstatus, x29
core   0: 3 0x80000014 (0x300eaef3) x29 0x80000600 c768_mstatus 0x80006600
core   0: 0x80000018 (0x00000e93) li      x29, 0
core   0: 3 0x80000018 (0x00000e93) x29 0x00000000
core   0: 0x8000001c (0x80502373) csrr    x6, wid
core   0: 3 0x8000001c (0x80502373) x6  0x00000000
core   0: 0x80000020 (0x806023f3) csrr    x7, lds
core   0: 3 0x80000020 (0x806023f3) x7  0x70000000
core   0: 0x80000024 (0x40000e13) li      x28, 1024
core   0: 3 0x80000024 (0x40000e13) x28 0x00000400
core   0: 0x80000028 (0x03c30333) mul     x6, x6, x28
core   0: 3 0x80000028 (0x03c30333) x6  0x00000000
core   0: 0x8000002c (0x00730133) add     x2, x6, x7
core   0: 3 0x8000002c (0x00730133) x2  0x70000000
core   0: 0x80000030 (0x00000213) li      x4, 0
core   0: 3 0x80000030 (0x00000213) x4  0x00000000
core   0: 0x80000034 (0x80102f73) csrr    x30, numw
core   0: 3 0x80000034 (0x80102f73) x30 0x00000001
core   0: 0x80000038 (0x40000e13) li      x28, 1024
core   0: 3 0x80000038 (0x40000e13) x28 0x00000400
core   0: 0x8000003c (0x03cf0f33) mul     x30, x30, x28
core   0: 3 0x8000003c (0x03cf0f33) x30 0x00000400
core   0: 0x80000040 (0x01e38433) add     x8, x7, x30
core   0: 3 0x80000040 (0x01e38433) x8  0x70000400
core   0: 0x80000044 (0x00003517) auipc   x10, 0x3
core   0: 3 0x80000044 (0x00003517) x10 0x80003044
core   0: 0x80000048 (0xfc450513) addi    x10, x10, -60
core   0: 3 0x80000048 (0xfc450513) x10 0x80003008
core   0: 0x8000004c (0x00003617) auipc   x12, 0x3
core   0: 3 0x8000004c (0x00003617) x12 0x8000304c
core   0: 0x80000050 (0xfbc60613) addi    x12, x12, -68
core   0: 3 0x80000050 (0xfbc60613) x12 0x80003008
core   0: 0x80000054 (0x00c50863) beq     x10, x12, pc + 16
core   0: 3 0x80000054 (0x00c50863)
core   0: 0x80000064 (0x803022f3) csrr    x5, knl
core   0: 3 0x80000064 (0x803022f3) x5  0x90195000
core   0: 0x80000068 (0x0002a303) lw      x6, 0(x5)
core   0: 3 0x80000068 (0x0002a303) x6  0x80000464 mem 0x90195000
core   0: 0x8000006c (0x0042a503) lw      x10, 4(x5)
core   0: 3 0x8000006c (0x0042a503) x10 0x90014000 mem 0x90195004
core   0: 0x80000070 (0x0302a383) lw      x7, 48(x5)
core   0: 3 0x80000070 (0x0302a383) x7  0x00000000 mem 0x90195030
core   0: 0x80000074 (0x0342ae03) lw      x28, 52(x5)
core   0: 3 0x80000074 (0x0342ae03) x28 0x00000000 mem 0x90195034
core   0: 0x80000078 (0x00003e97) auipc   x29, 0x3
core   0: 3 0x80000078 (0x00003e97) x29 0x80003078
core   0: 0x8000007c (0xf88e8e93) addi    x29, x29, -120
core   0: 3 0x8000007c (0xf88e8e93) x29 0x80003000
core   0: 0x80000080 (0x00003f17) auipc   x30, 0x3
core   0: 3 0x80000080 (0x00003f17) x30 0x80003080
core   0: 0x80000084 (0xf84f0f13) addi    x30, x30, -124
core   0: 3 0x80000084 (0xf84f0f13) x30 0x80003004
core   0: 0x80000088 (0x007ea023) sw      x7, 0(x29)
core   0: 3 0x80000088 (0x007ea023) mem 0x80003000 0x00000000
core   0: 0x8000008c (0x01cf2023) sw      x28, 0(x30)
core   0: 3 0x8000008c (0x01cf2023) mem 0x80003004 0x00000000
core   0: 0x80000090 (0x00000f97) auipc   x31, 0x0
core   0: 3 0x80000090 (0x00000f97) x31 0x80000090
core   0: 0x80000094 (0x018f8f93) addi    x31, x31, 24
core   0: 3 0x80000094 (0x018f8f93) x31 0x800000a8
core   0: 0x80000098 (0x305f9073) csrw    mtvec, x31
core   0: 3 0x80000098 (0x305f9073) c773_mtvec 0x800000a8
core   0: 0x8000009c (0x000300e7) jalr    x6
core   0: 3 0x8000009c (0x000300e7) x1  0x800000a0
core   0: 0x80000464 (0x01810113) addi    x2, x2, 24
core   0: 3 0x80000464 (0x01810113) x2  0x70000018
core   0: 0x80000468 (0x00420213) addi    x4, x4, 4
core   0: 3 0x80000468 (0x00420213) x4  0x00000004
core   0: 0x8000046c (0x0010200b) regext  x0, x0,  0 0 0 1 
core   0: 3 0x8000046c (0x0010200b)
core   0: 0x80000470 (0x5e024057) vmv.v.x v0, x4
core   0: 3 0x80000470 (0x5e024057) c8_vstart 0x00000000 e32 m1 l32 v32 ffffffff 0x00000004 00000004 00000004 00000004 00000004 00000004 00000004 00000004 00000004 00000004 00000004 00000004 00000004 00000004 00000004 00000004 00000004 00000004 00000004 00000004 00000004 00000004 00000004 00000004 00000004 00000004 00000004 00000004 00000004 00000004 00000004 00000004 
core   0: 0x80000474 (0xfe112423) sw      x1, -24(x2)
core   0: 3 0x80000474 (0xfe112423) mem 0x70000000 0x800000a0
core   0: 0x80000478 (0x01052283) lw      x5, 16(x10)
core   0: 3 0x80000478 (0x01052283) x5  0x90011000 mem 0x90014010
core   0: 0x8000047c (0xfe512c23) sw      x5, -8(x2)
core   0: 3 0x8000047c (0xfe512c23) mem 0x70000010 0x90011000
core   0: 0x80000480 (0x00c52283) lw      x5, 12(x10)
core   0: 3 0x80000480 (0x00c52283) x5  0x00000001 mem 0x9001400c
core   0: 0x80000484 (0xfe512a23) sw      x5, -12(x2)
core   0: 3 0x80000484 (0xfe512a23) mem 0x7000000c 0x00000001
core   0: 0x80000488 (0x00452283) lw      x5, 4(x10)
core   0: 3 0x80000488 (0x00452283) x5  0x00000000 mem 0x90014004
core   0: 0x8000048c (0xfe512823) sw      x5, -16(x2)
core   0: 3 0x8000048c (0xfe512823) mem 0x70000008 0x00000000
core   0: 0x80000490 (0x00052283) lw      x5, 0(x10)
core   0: 3 0x80000490 (0x00052283) x5  0x9000e000 mem 0x90014000
core   0: 0x80000494 (0xfe512623) sw      x5, -20(x2)
core   0: 3 0x80000494 (0xfe512623) mem 0x70000004 0x9000e000
core   0: 0x80000498 (0x00852283) lw      x5, 8(x10)
core   0: 3 0x80000498 (0x00852283) x5  0x0000000c mem 0x90014008
core   0: 0x8000049c (0xfe512e23) sw      x5, -4(x2)
core   0: 3 0x8000049c (0xfe512e23) mem 0x70000014 0x0000000c
core   0: 0x800004a0 (0x5e004057) vmv.v.x v0, x0
core   0: 3 0x800004a0 (0x5e004057) c8_vstart 0x00000000 e32 m1 l32 v0  ffffffff 0x00000000 00000000 00000000 00000000 00000000 00000000 00000000 00000000 00000000 00000000 00000000 00000000 00000000 00000000 00000000 00000000 00000000 00000000 00000000 00000000 00000000 00000000 00000000 00000000 00000000 00000000 00000000 00000000 00000000 00000000 00000000 00000000 
core   0: 0x800004a4 (0x1d4000ef) jal     pc + 0x1d4
core   0: 3 0x800004a4 (0x1d4000ef) x1  0x800004a8
core   0: 0x80000678 (0x00410113) addi    x2, x2, 4
core   0: 3 0x80000678 (0x00410113) x2  0x7000001c
core   0: 0x8000067c (0xfe112e23) sw      x1, -4(x2)
core   0: 3 0x8000067c (0xfe112e23) mem 0x70000018 0x800004a8
core   0: 0x80000680 (0x020040d7) vadd.vx v1, v0, x0
core   0: 3 0x80000680 (0x020040d7) c8_vstart 0x00000000 e32 m1 l32 v1  ffffffff 0x00000000 00000000 00000000 00000000 00000000 00000000 00000000 00000000 00000000 00000000 00000000 00000000 00000000 00000000 00000000 00000000 00000000 00000000 00000000 00000000 00000000 00000000 00000000 00000000 00000000 00000000 00000000 00000000 00000000 00000000 00000000 00000000 
core   0: 0x80000684 (0x00200293) li      x5, 2
core   0: 3 0x80000684 (0x00200293) x5  0x00000002
core   0: 0x80000688 (0x5e02c057) vmv.v.x v0, x5
core   0: 3 0x80000688 (0x5e02c057) c8_vstart 0x00000000 e32 m1 l32 v0  ffffffff 0x00000002 00000002 00000002 00000002 00000002 00000002 00000002 00000002 00000002 00000002 00000002 00000002 00000002 00000002 00000002 00000002 00000002 00000002 00000002 00000002 00000002 00000002 00000002 00000002 00000002 00000002 00000002 00000002 00000002 00000002 00000002 00000002 
core   0: 0x8000068c (0x00000317) auipc   x6, 0x0
core   0: 3 0x8000068c (0x00000317) x6  0x8000068c
core   0: 0x80000690 (0x0543305b) setrpc  x0, x6, 84
core   0: 3 0x80000690 (0x0543305b) c2060_rpc 0x800006e0 current mask:	ffffffff current npc:	00000000 stack size: 0
core   0: 0x80000694 (0x0410045b) vbeq    v1, v0, pc + 72
core   0: 3 0x80000694 (0x0410045b) c8_vstart 0x00000000 e32 m1 l32 current mask:	ffffffff current npc:	80000698 stack size: 0
core   0: 0x80000698 (0x0040006f) j       pc + 0x4
core   0: 3 0x80000698 (0x0040006f)
core   0: 0x8000069c (0x00100293) li      x5, 1
core   0: 3 0x8000069c (0x00100293) x5  0x00000001
core   0: 0x800006a0 (0x5e02c057) vmv.v.x v0, x5
core   0: 3 0x800006a0 (0x5e02c057) c8_vstart 0x00000000 e32 m1 l32 v0  ffffffff 0x00000001 00000001 00000001 00000001 00000001 00000001 00000001 00000001 00000001 00000001 00000001 00000001 00000001 00000001 00000001 00000001 00000001 00000001 00000001 00000001 00000001 00000001 00000001 00000001 00000001 00000001 00000001 00000001 00000001 00000001 00000001 00000001 
core   0: 0x800006a4 (0x00000317) auipc   x6, 0x0
core   0: 3 0x800006a4 (0x00000317) x6  0x800006a4
core   0: 0x800006a8 (0x03c3305b) setrpc  x0, x6, 60
core   0: 3 0x800006a8 (0x03c3305b) c2060_rpc 0x800006e0 current mask:	ffffffff current npc:	80000698 stack size: 0
core   0: 0x800006ac (0x0210045b) vbeq    v1, v0, pc + 40
core   0: 3 0x800006ac (0x0210045b) c8_vstart 0x00000000 e32 m1 l32 current mask:	ffffffff current npc:	800006b0 stack size: 0
core   0: 0x800006b0 (0x0040006f) j       pc + 0x4
core   0: 3 0x800006b0 (0x0040006f)
core   0: 0x800006b4 (0x5e004157) vmv.v.x v2, x0
core   0: 3 0x800006b4 (0x5e004157) c8_vstart 0x00000000 e32 m1 l32 v2  ffffffff 0x00000000 00000000 00000000 00000000 00000000 00000000 00000000 00000000 00000000 00000000 00000000 00000000 00000000 00000000 00000000 00000000 00000000 00000000 00000000 00000000 00000000 00000000 00000000 00000000 00000000 00000000 00000000 00000000 00000000 00000000 00000000 00000000 
core   0: 0x800006b8 (0x5e004057) vmv.v.x v0, x0
core   0: 3 0x800006b8 (0x5e004057) c8_vstart 0x00000000 e32 m1 l32 v0  ffffffff 0x00000000 00000000 00000000 00000000 00000000 00000000 00000000 00000000 00000000 00000000 00000000 00000000 00000000 00000000 00000000 00000000 00000000 00000000 00000000 00000000 00000000 00000000 00000000 00000000 00000000 00000000 00000000 00000000 00000000 00000000 00000000 00000000 
core   0: 0x800006bc (0x00000317) auipc   x6, 0x0
core   0: 3 0x800006bc (0x00000317) x6  0x800006bc
core   0: 0x800006c0 (0x0243305b) setrpc  x0, x6, 36
core   0: 3 0x800006c0 (0x0243305b) c2060_rpc 0x800006e0 current mask:	ffffffff current npc:	800006b0 stack size: 0
core   0: 0x800006c4 (0x00111e5b) vbne    v1, v2, pc + 28
core   0: 3 0x800006c4 (0x00111e5b) c8_vstart 0x00000000 e32 m1 l32 current mask:	ffffffff current npc:	800006c8 stack size: 0
core   0: 0x800006c8 (0x0040006f) j       pc + 0x4
core   0: 3 0x800006c8 (0x0040006f)
core   0: 0x800006cc (0x09c000ef) jal     pc + 0x9c
core   0: 3 0x800006cc (0x09c000ef) x1  0x800006d0
core   0: 0x80000768 (0x80802573) csrr    x10, gidx
core   0: 3 0x80000768 (0x80802573) x10 0x0000000b
core   0: 0x8000076c (0x5e054057) vmv.v.x v0, x10
core   0: 3 0x8000076c (0x5e054057) c8_vstart 0x00000000 e32 m1 l32 v0  ffffffff 0x0000000b 0000000b 0000000b 0000000b 0000000b 0000000b 0000000b 0000000b 0000000b 0000000b 0000000b 0000000b 0000000b 0000000b 0000000b 0000000b 0000000b 0000000b 0000000b 0000000b 0000000b 0000000b 0000000b 0000000b 0000000b 0000000b 0000000b 0000000b 0000000b 0000000b 0000000b 0000000b 
core   0: 0x80000770 (0x00008067) ret
core   0: 3 0x80000770 (0x00008067)
core   0: 0x800006d0 (0x0100006f) j       pc + 0x10
core   0: 3 0x800006d0 (0x0100006f)
core   0: 0x800006e0 (0x0000205b) join    v0, v0, pc + 0
core   0: 3 0x800006e0 (0x0000205b) current mask:	ffffffff current npc:	800006c8 stack size: 0
core   0: 0x800006e4 (0xffc12083) lw      x1, -4(x2)
core   0: 3 0x800006e4 (0xffc12083) x1  0x800004a8 mem 0x70000018
core   0: 0x800006e8 (0xffc10113) addi    x2, x2, -4
core   0: 3 0x800006e8 (0xffc10113) x2  0x70000018
core   0: 0x800006ec (0x00008067) ret
core   0: 3 0x800006ec (0x00008067)
core   0: 0x800004a8 (0x0080200b) regext  x0, x0,  0 0 1 0 
core   0: 3 0x800004a8 (0x0080200b)
core   0: 0x800004ac (0xfe002e2b) vsw.v   v0, x0, -4
core   0: 3 0x800004ac (0xfe002e2b) c8_vstart 0x00000000 mem 0x90015000 0x0000000b mem 0x90015004 0x0000000b mem 0x90015008 0x0000000b mem 0x9001500c 0x0000000b mem 0x90015010 0x0000000b mem 0x90015014 0x0000000b mem 0x90015018 0x0000000b mem 0x9001501c 0x0000000b mem 0x90015020 0x0000000b mem 0x90015024 0x0000000b mem 0x90015028 0x0000000b mem 0x9001502c 0x0000000b mem 0x90015030 0x0000000b mem 0x90015034 0x0000000b mem 0x90015038 0x0000000b mem 0x9001503c 0x0000000b mem 0x90015040 0x0000000b mem 0x90015044 0x0000000b mem 0x90015048 0x0000000b mem 0x9001504c 0x0000000b mem 0x90015050 0x0000000b mem 0x90015054 0x0000000b mem 0x90015058 0x0000000b mem 0x9001505c 0x0000000b mem 0x90015060 0x0000000b mem 0x90015064 0x0000000b mem 0x90015068 0x0000000b mem 0x9001506c 0x0000000b mem 0x90015070 0x0000000b mem 0x90015074 0x0000000b mem 0x90015078 0x0000000b mem 0x9001507c 0x0000000b
core   0: 0x800004b0 (0x5e004057) vmv.v.x v0, x0
core   0: 3 0x800004b0 (0x5e004057) c8_vstart 0x00000000 e32 m1 l32 v0  ffffffff 0x00000000 00000000 00000000 00000000 00000000 00000000 00000000 00000000 00000000 00000000 00000000 00000000 00000000 00000000 00000000 00000000 00000000 00000000 00000000 00000000 00000000 00000000 00000000 00000000 00000000 00000000 00000000 00000000 00000000 00000000 00000000 00000000 
core   0: 0x800004b4 (0x14c000ef) jal     pc + 0x14c
core   0: 3 0x800004b4 (0x14c000ef) x1  0x800004b8
core   0: 0x80000600 (0x00410113) addi    x2, x2, 4
core   0: 3 0x80000600 (0x00410113) x2  0x7000001c
core   0: 0x80000604 (0xfe112e23) sw      x1, -4(x2)
core   0: 3 0x80000604 (0xfe112e23) mem 0x70000018 0x800004b8
core   0: 0x80000608 (0x020040d7) vadd.vx v1, v0, x0
core   0: 3 0x80000608 (0x020040d7) c8_vstart 0x00000000 e32 m1 l32 v1  ffffffff 0x00000000 00000000 00000000 00000000 00000000 00000000 00000000 00000000 00000000 00000000 00000000 00000000 00000000 00000000 00000000 00000000 00000000 00000000 00000000 00000000 00000000 00000000 00000000 00000000 00000000 00000000 00000000 00000000 00000000 00000000 00000000 00000000 
core   0: 0x8000060c (0x00200293) li      x5, 2
core   0: 3 0x8000060c (0x00200293) x5  0x00000002
core   0: 0x80000610 (0x5e02c057) vmv.v.x v0, x5
core   0: 3 0x80000610 (0x5e02c057) c8_vstart 0x00000000 e32 m1 l32 v0  ffffffff 0x00000002 00000002 00000002 00000002 00000002 00000002 00000002 00000002 00000002 00000002 00000002 00000002 00000002 00000002 00000002 00000002 00000002 00000002 00000002 00000002 00000002 00000002 00000002 00000002 00000002 00000002 00000002 00000002 00000002 00000002 00000002 00000002 
core   0: 0x80000614 (0x00000317) auipc   x6, 0x0
core   0: 3 0x80000614 (0x00000317) x6  0x80000614
core   0: 0x80000618 (0x0543305b) setrpc  x0, x6, 84
core   0: 3 0x80000618 (0x0543305b) c2060_rpc 0x80000668 current mask:	ffffffff current npc:	800006c8 stack size: 0
core   0: 0x8000061c (0x0410045b) vbeq    v1, v0, pc + 72
core   0: 3 0x8000061c (0x0410045b) c8_vstart 0x00000000 e32 m1 l32 current mask:	ffffffff current npc:	80000620 stack size: 0
core   0: 0x80000620 (0x0040006f) j       pc + 0x4
core   0: 3 0x80000620 (0x0040006f)
core   0: 0x80000624 (0x00100293) li      x5, 1
core   0: 3 0x80000624 (0x00100293) x5  0x00000001
core   0: 0x80000628 (0x5e02c057) vmv.v.x v0, x5
core   0: 3 0x80000628 (0x5e02c057) c8_vstart 0x00000000 e32 m1 l32 v0  ffffffff 0x00000001 00000001 00000001 00000001 00000001 00000001 00000001 00000001 00000001 00000001 00000001 00000001 00000001 00000001 00000001 00000001 00000001 00000001 00000001 00000001 00000001 00000001 00000001 00000001 00000001 00000001 00000001 00000001 00000001 00000001 00000001 00000001 
core   0: 0x8000062c (0x00000317) auipc   x6, 0x0
core   0: 3 0x8000062c (0x00000317) x6  0x8000062c
core   0: 0x80000630 (0x03c3305b) setrpc  x0, x6, 60
core   0: 3 0x80000630 (0x03c3305b) c2060_rpc 0x80000668 current mask:	ffffffff current npc:	80000620 stack size: 0
core   0: 0x80000634 (0x0210045b) vbeq    v1, v0, pc + 40
core   0: 3 0x80000634 (0x0210045b) c8_vstart 0x00000000 e32 m1 l32 current mask:	ffffffff current npc:	80000638 stack size: 0
core   0: 0x80000638 (0x0040006f) j       pc + 0x4
core   0: 3 0x80000638 (0x0040006f)
core   0: 0x8000063c (0x5e004157) vmv.v.x v2, x0
core   0: 3 0x8000063c (0x5e004157) c8_vstart 0x00000000 e32 m1 l32 v2  ffffffff 0x00000000 00000000 00000000 00000000 00000000 00000000 00000000 00000000 00000000 00000000 00000000 00000000 00000000 00000000 00000000 00000000 00000000 00000000 00000000 00000000 00000000 00000000 00000000 00000000 00000000 00000000 00000000 00000000 00000000 00000000 00000000 00000000 
core   0: 0x80000640 (0x5e004057) vmv.v.x v0, x0
core   0: 3 0x80000640 (0x5e004057) c8_vstart 0x00000000 e32 m1 l32 v0  ffffffff 0x00000000 00000000 00000000 00000000 00000000 00000000 00000000 00000000 00000000 00000000 00000000 00000000 00000000 00000000 00000000 00000000 00000000 00000000 00000000 00000000 00000000 00000000 00000000 00000000 00000000 00000000 00000000 00000000 00000000 00000000 00000000 00000000 
core   0: 0x80000644 (0x00000317) auipc   x6, 0x0
core   0: 3 0x80000644 (0x00000317) x6  0x80000644
core   0: 0x80000648 (0x0243305b) setrpc  x0, x6, 36
core   0: 3 0x80000648 (0x0243305b) c2060_rpc 0x80000668 current mask:	ffffffff current npc:	80000638 stack size: 0
core   0: 0x8000064c (0x00111e5b) vbne    v1, v2, pc + 28
core   0: 3 0x8000064c (0x00111e5b) c8_vstart 0x00000000 e32 m1 l32 current mask:	ffffffff current npc:	80000650 stack size: 0
core   0: 0x80000650 (0x0040006f) j       pc + 0x4
core   0: 3 0x80000650 (0x0040006f)
core   0: 0x80000654 (0x138000ef) jal     pc + 0x138
core   0: 3 0x80000654 (0x138000ef) x1  0x80000658
core   0: 0x8000078c (0x00410113) addi    x2, x2, 4
core   0: 3 0x8000078c (0x00410113) x2  0x70000020
core   0: 0x80000790 (0xfe112e23) sw      x1, -4(x2)
core   0: 3 0x80000790 (0xfe112e23) mem 0x7000001c 0x80000658
core   0: 0x80000794 (0x80302573) csrr    x10, knl
core   0: 3 0x80000794 (0x80302573) x10 0x90195000
core   0: 0x80000798 (0x00852283) lw      x5, 8(x10)
core   0: 3 0x80000798 (0x00852283) x5  0x00000001 mem 0x90195008
core   0: 0x8000079c (0x80002373) csrr    x6, tid
core   0: 3 0x8000079c (0x80002373) x6  0x00000000
core   0: 0x800007a0 (0x5208a157) vid.v   v2
core   0: 3 0x800007a0 (0x5208a157) c8_vstart 0x00000000 e32 m1 l32 v2  ffffffff 0x0000001f 0000001e 0000001d 0000001c 0000001b 0000001a 00000019 00000018 00000017 00000016 00000015 00000014 00000013 00000012 00000011 00000010 0000000f 0000000e 0000000d 0000000c 0000000b 0000000a 00000009 00000008 00000007 00000006 00000005 00000004 00000003 00000002 00000001 00000000 
core   0: 0x800007a4 (0x02234057) vadd.vx v0, v2, x6
core   0: 3 0x800007a4 (0x02234057) c8_vstart 0x00000000 e32 m1 l32 v0  ffffffff 0x0000001f 0000001e 0000001d 0000001c 0000001b 0000001a 00000019 00000018 00000017 00000016 00000015 00000014 00000013 00000012 00000011 00000010 0000000f 0000000e 0000000d 0000000c 0000000b 0000000a 00000009 00000008 00000007 00000006 00000005 00000004 00000003 00000002 00000001 00000000 
core   0: 0x800007a8 (0x01852e03) lw      x28, 24(x10)
core   0: 3 0x800007a8 (0x01852e03) x28 0x00000020 mem 0x90195018
core   0: 0x800007ac (0x8a0e6057) vremu.vx v0, v0, x28
core   0: 3 0x800007ac (0x8a0e6057) c8_vstart 0x00000000 e32 m1 l32 v0  ffffffff 0x0000001f 0000001e 0000001d 0000001c 0000001b 0000001a 00000019 00000018 00000017 00000016 00000015 00000014 00000013 00000012 00000011 00000010 0000000f 0000000e 0000000d 0000000c 0000000b 0000000a 00000009 00000008 00000007 00000006 00000005 00000004 00000003 00000002 00000001 00000000 
core   0: 0x800007b0 (0xffc12083) lw      x1, -4(x2)
core   0: 3 0x800007b0 (0xffc12083) x1  0x80000658 mem 0x7000001c
core   0: 0x800007b4 (0xffc10113) addi    x2, x2, -4
core   0: 3 0x800007b4 (0xffc10113) x2  0x7000001c
core   0: 0x800007b8 (0x00008067) ret
core   0: 3 0x800007b8 (0x00008067)
core   0: 0x80000658 (0x0100006f) j       pc + 0x10
core   0: 3 0x80000658 (0x0100006f)
core   0: 0x80000668 (0x0000205b) join    v0, v0, pc + 0
core   0: 3 0x80000668 (0x0000205b) current mask:	ffffffff current npc:	80000650 stack size: 0
core   0: 0x8000066c (0xffc12083) lw      x1, -4(x2)
core   0: 3 0x8000066c (0xffc12083) x1  0x800004b8 mem 0x70000018
core   0: 0x80000670 (0xffc10113) addi    x2, x2, -4
core   0: 3 0x80000670 (0xffc10113) x2  0x70000018
core   0: 0x80000674 (0x00008067) ret
core   0: 3 0x80000674 (0x00008067)
core   0: 0x800004b8 (0x0080200b) regext  x0, x0,  0 0 1 0 
core   0: 3 0x800004b8 (0x0080200b)
core   0: 0x800004bc (0x7fc0212b) vlw.v   v2, x0, -4
core   0: 3 0x800004bc (0x7fc0212b) e32 m1 l32 v2  ffffffff 0x0000000b 0000000b 0000000b 0000000b 0000000b 0000000b 0000000b 0000000b 0000000b 0000000b 0000000b 0000000b 0000000b 0000000b 0000000b 0000000b 0000000b 0000000b 0000000b 0000000b 0000000b 0000000b 0000000b 0000000b 0000000b 0000000b 0000000b 0000000b 0000000b 0000000b 0000000b 0000000b  c8_vstart 0x00000000 mem 0x90015000 mem 0x90015004 mem 0x90015008 mem 0x9001500c mem 0x90015010 mem 0x90015014 mem 0x90015018 mem 0x9001501c mem 0x90015020 mem 0x90015024 mem 0x90015028 mem 0x9001502c mem 0x90015030 mem 0x90015034 mem 0x90015038 mem 0x9001503c mem 0x90015040 mem 0x90015044 mem 0x90015048 mem 0x9001504c mem 0x90015050 mem 0x90015054 mem 0x90015058 mem 0x9001505c mem 0x90015060 mem 0x90015064 mem 0x90015068 mem 0x9001506c mem 0x90015070 mem 0x90015074 mem 0x90015078 mem 0x9001507c
core   0: 0x800004c0 (0xffc12283) lw      x5, -4(x2)
core   0: 3 0x800004c0 (0xffc12283) x5  0x0000000c mem 0x70000014
core   0: 0x800004c4 (0x5e02c0d7) vmv.v.x v1, x5
core   0: 3 0x800004c4 (0x5e02c0d7) c8_vstart 0x00000000 e32 m1 l32 v1  ffffffff 0x0000000c 0000000c 0000000c 0000000c 0000000c 0000000c 0000000c 0000000c 0000000c 0000000c 0000000c 0000000c 0000000c 0000000c 0000000c 0000000c 0000000c 0000000c 0000000c 0000000c 0000000c 0000000c 0000000c 0000000c 0000000c 0000000c 0000000c 0000000c 0000000c 0000000c 0000000c 0000000c 
core   0: 0x800004c8 (0x00000317) auipc   x6, 0x0
core   0: 3 0x800004c8 (0x00000317) x6  0x800004c8
core   0: 0x800004cc (0x11c3305b) setrpc  x0, x6, 284
core   0: 3 0x800004cc (0x11c3305b) c2060_rpc 0x800005e4 current mask:	ffffffff current npc:	80000650 stack size: 0
core   0: 0x800004d0 (0x1020da5b) vbge    v2, v1, pc + 276
core   0: 3 0x800004d0 (0x1020da5b) c8_vstart 0x00000000 e32 m1 l32 current mask:	ffffffff current npc:	800004d4 stack size: 0
core   0: 0x800004d4 (0x0040006f) j       pc + 0x4
core   0: 3 0x800004d4 (0x0040006f)
core   0: 0x800004d8 (0xff012283) lw      x5, -16(x2)
core   0: 3 0x800004d8 (0xff012283) x5  0x00000000 mem 0x70000008
core   0: 0x800004dc (0x0222c4d7) vadd.vx v9, v2, x5
core   0: 3 0x800004dc (0x0222c4d7) c8_vstart 0x00000000 e32 m1 l32 v9  ffffffff 0x0000000b 0000000b 0000000b 0000000b 0000000b 0000000b 0000000b 0000000b 0000000b 0000000b 0000000b 0000000b 0000000b 0000000b 0000000b 0000000b 0000000b 0000000b 0000000b 0000000b 0000000b 0000000b 0000000b 0000000b 0000000b 0000000b 0000000b 0000000b 0000000b 0000000b 0000000b 0000000b 
core   0: 0x800004e0 (0x5e0040d7) vmv.v.x v1, x0
core   0: 3 0x800004e0 (0x5e0040d7) c8_vstart 0x00000000 e32 m1 l32 v1  ffffffff 0x00000000 00000000 00000000 00000000 00000000 00000000 00000000 00000000 00000000 00000000 00000000 00000000 00000000 00000000 00000000 00000000 00000000 00000000 00000000 00000000 00000000 00000000 00000000 00000000 00000000 00000000 00000000 00000000 00000000 00000000 00000000 00000000 
core   0: 0x800004e4 (0xff412283) lw      x5, -12(x2)
core   0: 3 0x800004e4 (0xff412283) x5  0x00000001 mem 0x7000000c
core   0: 0x800004e8 (0x02504263) blt     x0, x5, pc + 36
core   0: 3 0x800004e8 (0x02504263)
core   0: 0x8000050c (0x9692e0d7) vmul.vx v1, v9, x5
core   0: 3 0x8000050c (0x9692e0d7) c8_vstart 0x00000000 e32 m1 l32 v1  ffffffff 0x0000000b 0000000b 0000000b 0000000b 0000000b 0000000b 0000000b 0000000b 0000000b 0000000b 0000000b 0000000b 0000000b 0000000b 0000000b 0000000b 0000000b 0000000b 0000000b 0000000b 0000000b 0000000b 0000000b 0000000b 0000000b 0000000b 0000000b 0000000b 0000000b 0000000b 0000000b 0000000b 
core   0: 0x80000510 (0x961530d7) vsll.vi v1, v1, 10
core   0: 3 0x80000510 (0x961530d7) c8_vstart 0x00000000 e32 m1 l32 v1  ffffffff 0x00002c00 00002c00 00002c00 00002c00 00002c00 00002c00 00002c00 00002c00 00002c00 00002c00 00002c00 00002c00 00002c00 00002c00 00002c00 00002c00 00002c00 00002c00 00002c00 00002c00 00002c00 00002c00 00002c00 00002c00 00002c00 00002c00 00002c00 00002c00 00002c00 00002c00 00002c00 00002c00 
core   0: 0x80000514 (0x9602b157) vsll.vi v2, v0, 5
core   0: 3 0x80000514 (0x9602b157) c8_vstart 0x00000000 e32 m1 l32 v2  ffffffff 0x000003e0 000003c0 000003a0 00000380 00000360 00000340 00000320 00000300 000002e0 000002c0 000002a0 00000280 00000260 00000240 00000220 00000200 000001e0 000001c0 000001a0 00000180 00000160 00000140 00000120 00000100 000000e0 000000c0 000000a0 00000080 00000060 00000040 00000020 00000000 
core   0: 0x80000518 (0x021100d7) vadd.vv v1, v1, v2
core   0: 3 0x80000518 (0x021100d7) c8_vstart 0x00000000 e32 m1 l32 v1  ffffffff 0x00002fe0 00002fc0 00002fa0 00002f80 00002f60 00002f40 00002f20 00002f00 00002ee0 00002ec0 00002ea0 00002e80 00002e60 00002e40 00002e20 00002e00 00002de0 00002dc0 00002da0 00002d80 00002d60 00002d40 00002d20 00002d00 00002ce0 00002cc0 00002ca0 00002c80 00002c60 00002c40 00002c20 00002c00 
core   0: 0x8000051c (0xfec12303) lw      x6, -20(x2)
core   0: 3 0x8000051c (0xfec12303) x6  0x9000e000 mem 0x70000004
core   0: 0x80000520 (0x02134557) vadd.vx v10, v1, x6
core   0: 3 0x80000520 (0x02134557) c8_vstart 0x00000000 e32 m1 l32 v10 ffffffff 0x90010fe0 90010fc0 90010fa0 90010f80 90010f60 90010f40 90010f20 90010f00 90010ee0 90010ec0 90010ea0 90010e80 90010e60 90010e40 90010e20 90010e00 90010de0 90010dc0 90010da0 90010d80 90010d60 90010d40 90010d20 90010d00 90010ce0 90010cc0 90010ca0 90010c80 90010c60 90010c40 90010c20 90010c00 
core   0: 0x80000524 (0x5e0040d7) vmv.v.x v1, x0
core   0: 3 0x80000524 (0x5e0040d7) c8_vstart 0x00000000 e32 m1 l32 v1  ffffffff 0x00000000 00000000 00000000 00000000 00000000 00000000 00000000 00000000 00000000 00000000 00000000 00000000 00000000 00000000 00000000 00000000 00000000 00000000 00000000 00000000 00000000 00000000 00000000 00000000 00000000 00000000 00000000 00000000 00000000 00000000 00000000 00000000 
core   0: 0x80000528 (0x02104157) vadd.vx v2, v1, x0
core   0: 3 0x80000528 (0x02104157) c8_vstart 0x00000000 e32 m1 l32 v2  ffffffff 0x00000000 00000000 00000000 00000000 00000000 00000000 00000000 00000000 00000000 00000000 00000000 00000000 00000000 00000000 00000000 00000000 00000000 00000000 00000000 00000000 00000000 00000000 00000000 00000000 00000000 00000000 00000000 00000000 00000000 00000000 00000000 00000000 
core   0: 0x8000052c (0x021041d7) vadd.vx v3, v1, x0
core   0: 3 0x8000052c (0x021041d7) c8_vstart 0x00000000 e32 m1 l32 v3  ffffffff 0x00000000 00000000 00000000 00000000 00000000 00000000 00000000 00000000 00000000 00000000 00000000 00000000 00000000 00000000 00000000 00000000 00000000 00000000 00000000 00000000 00000000 00000000 00000000 00000000 00000000 00000000 00000000 00000000 00000000 00000000 00000000 00000000 
core   0: 0x80000530 (0x02104257) vadd.vx v4, v1, x0
core   0: 3 0x80000530 (0x02104257) c8_vstart 0x00000000 e32 m1 l32 v4  ffffffff 0x00000000 00000000 00000000 00000000 00000000 00000000 00000000 00000000 00000000 00000000 00000000 00000000 00000000 00000000 00000000 00000000 00000000 00000000 00000000 00000000 00000000 00000000 00000000 00000000 00000000 00000000 00000000 00000000 00000000 00000000 00000000 00000000 
core   0: 0x80000534 (0x021042d7) vadd.vx v5, v1, x0
core   0: 3 0x80000534 (0x021042d7) c8_vstart 0x00000000 e32 m1 l32 v5  ffffffff 0x00000000 00000000 00000000 00000000 00000000 00000000 00000000 00000000 00000000 00000000 00000000 00000000 00000000 00000000 00000000 00000000 00000000 00000000 00000000 00000000 00000000 00000000 00000000 00000000 00000000 00000000 00000000 00000000 00000000 00000000 00000000 00000000 
core   0: 0x80000538 (0x02104357) vadd.vx v6, v1, x0
core   0: 3 0x80000538 (0x02104357) c8_vstart 0x00000000 e32 m1 l32 v6  ffffffff 0x00000000 00000000 00000000 00000000 00000000 00000000 00000000 00000000 00000000 00000000 00000000 00000000 00000000 00000000 00000000 00000000 00000000 00000000 00000000 00000000 00000000 00000000 00000000 00000000 00000000 00000000 00000000 00000000 00000000 00000000 00000000 00000000 
core   0: 0x8000053c (0x021043d7) vadd.vx v7, v1, x0
core   0: 3 0x8000053c (0x021043d7) c8_vstart 0x00000000 e32 m1 l32 v7  ffffffff 0x00000000 00000000 00000000 00000000 00000000 00000000 00000000 00000000 00000000 00000000 00000000 00000000 00000000 00000000 00000000 00000000 00000000 00000000 00000000 00000000 00000000 00000000 00000000 00000000 00000000 00000000 00000000 00000000 00000000 00000000 00000000 00000000 
core   0: 0x80000540 (0x02104457) vadd.vx v8, v1, x0
core   0: 3 0x80000540 (0x02104457) c8_vstart 0x00000000 e32 m1 l32 v8  ffffffff 0x00000000 00000000 00000000 00000000 00000000 00000000 00000000 00000000 00000000 00000000 00000000 00000000 00000000 00000000 00000000 00000000 00000000 00000000 00000000 00000000 00000000 00000000 00000000 00000000 00000000 00000000 00000000 00000000 00000000 00000000 00000000 00000000 
core   0: 0x80000544 (0x5e02c5d7) vmv.v.x v11, x5
core   0: 3 0x80000544 (0x5e02c5d7) c8_vstart 0x00000000 e32 m1 l32 v11 ffffffff 0x00000001 00000001 00000001 00000001 00000001 00000001 00000001 00000001 00000001 00000001 00000001 00000001 00000001 00000001 00000001 00000001 00000001 00000001 00000001 00000001 00000001 00000001 00000001 00000001 00000001 00000001 00000001 00000001 00000001 00000001 00000001 00000001 
core   0: 0x80000548 (0x5e004a57) vmv.v.x v20, x0
core   0: 3 0x80000548 (0x5e004a57) c8_vstart 0x00000000 e32 m1 l32 v20 ffffffff 0x00000000 00000000 00000000 00000000 00000000 00000000 00000000 00000000 00000000 00000000 00000000 00000000 00000000 00000000 00000000 00000000 00000000 00000000 00000000 00000000 00000000 00000000 00000000 00000000 00000000 00000000 00000000 00000000 00000000 00000000 00000000 00000000 
core   0: 0x8000054c (0x0400006f) j       pc + 0x40
core   0: 3 0x8000054c (0x0400006f)
core   0: 0x8000058c (0x01c529fb) vlw12.v v19, v10, 28
core   0: 3 0x8000058c (0x01c529fb) e32 m1 l32 v19 ffffffff 0x00000000 00000000 00000000 00000000 00000000 00000000 00000000 00000000 00000000 00000000 00000000 00000000 00000000 00000000 00000000 00000000 00000000 00000000 00000000 00000000 00000000 00000000 00000000 00000000 00000000 00000000 00000000 00000000 00000000 00000000 00000000 00000000  c8_vstart 0x00000000 mem 0x90010c1c mem 0x90010c3c mem 0x90010c5c mem 0x90010c7c mem 0x90010c9c mem 0x90010cbc mem 0x90010cdc mem 0x90010cfc mem 0x90010d1c mem 0x90010d3c mem 0x90010d5c mem 0x90010d7c mem 0x90010d9c mem 0x90010dbc mem 0x90010ddc mem 0x90010dfc mem 0x90010e1c mem 0x90010e3c mem 0x90010e5c mem 0x90010e7c mem 0x90010e9c mem 0x90010ebc mem 0x90010edc mem 0x90010efc mem 0x90010f1c mem 0x90010f3c mem 0x90010f5c mem 0x90010f7c mem 0x90010f9c mem 0x90010fbc mem 0x90010fdc mem 0x90010ffc
core   0: 0x80000590 (0x0185297b) vlw12.v v18, v10, 24
core   0: 3 0x80000590 (0x0185297b) e32 m1 l32 v18 ffffffff 0x00000000 00000000 00000000 00000000 00000000 00000000 00000000 00000000 00000000 00000000 00000000 00000000 00000000 00000000 00000000 00000000 00000000 00000000 00000000 00000000 00000000 00000000 00000000 00000000 00000000 00000000 00000000 00000000 00000000 00000000 00000000 00000000  c8_vstart 0x00000000 mem 0x90010c18 mem 0x90010c38 mem 0x90010c58 mem 0x90010c78 mem 0x90010c98 mem 0x90010cb8 mem 0x90010cd8 mem 0x90010cf8 mem 0x90010d18 mem 0x90010d38 mem 0x90010d58 mem 0x90010d78 mem 0x90010d98 mem 0x90010db8 mem 0x90010dd8 mem 0x90010df8 mem 0x90010e18 mem 0x90010e38 mem 0x90010e58 mem 0x90010e78 mem 0x90010e98 mem 0x90010eb8 mem 0x90010ed8 mem 0x90010ef8 mem 0x90010f18 mem 0x90010f38 mem 0x90010f58 mem 0x90010f78 mem 0x90010f98 mem 0x90010fb8 mem 0x90010fd8 mem 0x90010ff8
core   0: 0x80000594 (0x014528fb) vlw12.v v17, v10, 20
core   0: 3 0x80000594 (0x014528fb) e32 m1 l32 v17 ffffffff 0x00000000 00000000 00000000 00000000 00000000 00000000 00000000 00000000 00000000 00000000 00000000 00000000 00000000 00000000 00000000 00000000 00000000 00000000 00000000 00000000 00000000 00000000 00000000 00000000 00000000 00000000 00000000 00000000 00000000 00000000 00000000 00000000  c8_vstart 0x00000000 mem 0x90010c14 mem 0x90010c34 mem 0x90010c54 mem 0x90010c74 mem 0x90010c94 mem 0x90010cb4 mem 0x90010cd4 mem 0x90010cf4 mem 0x90010d14 mem 0x90010d34 mem 0x90010d54 mem 0x90010d74 mem 0x90010d94 mem 0x90010db4 mem 0x90010dd4 mem 0x90010df4 mem 0x90010e14 mem 0x90010e34 mem 0x90010e54 mem 0x90010e74 mem 0x90010e94 mem 0x90010eb4 mem 0x90010ed4 mem 0x90010ef4 mem 0x90010f14 mem 0x90010f34 mem 0x90010f54 mem 0x90010f74 mem 0x90010f94 mem 0x90010fb4 mem 0x90010fd4 mem 0x90010ff4
core   0: 0x80000598 (0x0105287b) vlw12.v v16, v10, 16
core   0: 3 0x80000598 (0x0105287b) e32 m1 l32 v16 ffffffff 0x00000000 00000000 00000000 00000000 00000000 00000000 00000000 00000000 00000000 00000000 00000000 00000000 00000000 00000000 00000000 00000000 00000000 00000000 00000000 00000000 00000000 00000000 00000000 00000000 00000000 00000000 00000000 00000000 00000000 00000000 00000000 00000000  c8_vstart 0x00000000 mem 0x90010c10 mem 0x90010c30 mem 0x90010c50 mem 0x90010c70 mem 0x90010c90 mem 0x90010cb0 mem 0x90010cd0 mem 0x90010cf0 mem 0x90010d10 mem 0x90010d30 mem 0x90010d50 mem 0x90010d70 mem 0x90010d90 mem 0x90010db0 mem 0x90010dd0 mem 0x90010df0 mem 0x90010e10 mem 0x90010e30 mem 0x90010e50 mem 0x90010e70 mem 0x90010e90 mem 0x90010eb0 mem 0x90010ed0 mem 0x90010ef0 mem 0x90010f10 mem 0x90010f30 mem 0x90010f50 mem 0x90010f70 mem 0x90010f90 mem 0x90010fb0 mem 0x90010fd0 mem 0x90010ff0
core   0: 0x8000059c (0x00c527fb) vlw12.v v15, v10, 12
core   0: 3 0x8000059c (0x00c527fb) e32 m1 l32 v15 ffffffff 0x3c1ef25c be26d6de 3c69a68e bde24415 3a14a940 bcd3c637 3cc5053e bc9e6b50 3dab1906 3d6377cd bba178ca bc080cbf bd18f93c bd9705da bd026a38 be68d681 bdd131e6 3e1fe7a9 bc428bd7 bdd0e34a bd7667cd bcc21c13 bd17fee4 3c3a023f 3dc3722b 3d1ddbbb bcdf8839 bdca0e73 3e113333 bc577ddf bd8ae96b 3dca4d02  c8_vstart 0x00000000 mem 0x90010c0c mem 0x90010c2c mem 0x90010c4c mem 0x90010c6c mem 0x90010c8c mem 0x90010cac mem 0x90010ccc mem 0x90010cec mem 0x90010d0c mem 0x90010d2c mem 0x90010d4c mem 0x90010d6c mem 0x90010d8c mem 0x90010dac mem 0x90010dcc mem 0x90010dec mem 0x90010e0c mem 0x90010e2c mem 0x90010e4c mem 0x90010e6c mem 0x90010e8c mem 0x90010eac mem 0x90010ecc mem 0x90010eec mem 0x90010f0c mem 0x90010f2c mem 0x90010f4c mem 0x90010f6c mem 0x90010f8c mem 0x90010fac mem 0x90010fcc mem 0x90010fec
core   0: 0x800005a0 (0x0085277b) vlw12.v v14, v10, 8
core   0: 3 0x800005a0 (0x0085277b) e32 m1 l32 v14 ffffffff 0xbe387b8a 3d9f72d9 be177145 bd2e0c44 3e44bd30 bd2fd49f 3d85186e bba671dc 3dfe40cb 3df1c684 bd3eaa8b be06cb8e bb968ca6 be1432f1 3e1e1e8d bc707725 3e55f344 bda8ecf2 3c3e5dab be89b2e6 3dd71e4e bbbec6e6 be074bba bdb1697e 3dafa287 bda9799f 3e120bdf 3daeb51f 3e8ca973 3d43efd5 bc85e5c0 bdee1b16  c8_vstart 0x00000000 mem 0x90010c08 mem 0x90010c28 mem 0x90010c48 mem 0x90010c68 mem 0x90010c88 mem 0x90010ca8 mem 0x90010cc8 mem 0x90010ce8 mem 0x90010d08 mem 0x90010d28 mem 0x90010d48 mem 0x90010d68 mem 0x90010d88 mem 0x90010da8 mem 0x90010dc8 mem 0x90010de8 mem 0x90010e08 mem 0x90010e28 mem 0x90010e48 mem 0x90010e68 mem 0x90010e88 mem 0x90010ea8 mem 0x90010ec8 mem 0x90010ee8 mem 0x90010f08 mem 0x90010f28 mem 0x90010f48 mem 0x90010f68 mem 0x90010f88 mem 0x90010fa8 mem 0x90010fc8 mem 0x90010fe8
core   0: 0x800005a4 (0x004526fb) vlw12.v v13, v10, 4
core   0: 3 0x800005a4 (0x004526fb) e32 m1 l32 v13 ffffffff 0x3c2e560c be8d1dbd bb966432 be202451 bd25a851 3dfbfa3c bdb9d4ed be1c15c2 3d8b317b 3ddd18a9 3cf02160 3ca46e25 3e96f42b 3e23de25 3d7088dd be0ab796 be069bf9 bc82f56f be1742c1 bda560d8 be87ee14 3db63863 be19711c 3e653a25 bb3bd208 3e15dfd7 be3505ca bb0fa954 3cf8e21b bc86527d bd9336db beada117  c8_vstart 0x00000000 mem 0x90010c04 mem 0x90010c24 mem 0x90010c44 mem 0x90010c64 mem 0x90010c84 mem 0x90010ca4 mem 0x90010cc4 mem 0x90010ce4 mem 0x90010d04 mem 0x90010d24 mem 0x90010d44 mem 0x90010d64 mem 0x90010d84 mem 0x90010da4 mem 0x90010dc4 mem 0x90010de4 mem 0x90010e04 mem 0x90010e24 mem 0x90010e44 mem 0x90010e64 mem 0x90010e84 mem 0x90010ea4 mem 0x90010ec4 mem 0x90010ee4 mem 0x90010f04 mem 0x90010f24 mem 0x90010f44 mem 0x90010f64 mem 0x90010f84 mem 0x90010fa4 mem 0x90010fc4 mem 0x90010fe4
core   0: 0x800005a8 (0x0005267b) vlw12.v v12, v10, 0
core   0: 3 0x800005a8 (0x0005267b) e32 m1 l32 v12 ffffffff 0x3dec37a4 bdfa5897 bd3b3421 3d4877cf bd141f4a 3e56e4a8 bdf7ee26 3b5d9280 bc94a428 bd8b4ddc 3d204b76 bd194da0 bd502233 bd151058 be7afdbc be3818a6 bdf644fe 3cee891e 3d17e7ad 3df666dd 3b9a3144 3d690c2d bd60dd89 bddc585b 3db2b9ba 3da507db 3c87068f bcf4299e be3fed17 3d38c96e 3ea464e5 bd4a12fe  c8_vstart 0x00000000 mem 0x90010c00 mem 0x90010c20 mem 0x90010c40 mem 0x90010c60 mem 0x90010c80 mem 0x90010ca0 mem 0x90010cc0 mem 0x90010ce0 mem 0x90010d00 mem 0x90010d20 mem 0x90010d40 mem 0x90010d60 mem 0x90010d80 mem 0x90010da0 mem 0x90010dc0 mem 0x90010de0 mem 0x90010e00 mem 0x90010e20 mem 0x90010e40 mem 0x90010e60 mem 0x90010e80 mem 0x90010ea0 mem 0x90010ec0 mem 0x90010ee0 mem 0x90010f00 mem 0x90010f20 mem 0x90010f40 mem 0x90010f60 mem 0x90010f80 mem 0x90010fa0 mem 0x90010fc0 mem 0x90010fe0
core   0: 0x800005ac (0x02899457) vfadd.vv v8, v8, v19
core   0: 3 0x800005ac (0x02899457) c8_vstart 0x00000000 e32 m1 l32 v8  ffffffff 0x00000000 00000000 00000000 00000000 00000000 00000000 00000000 00000000 00000000 00000000 00000000 00000000 00000000 00000000 00000000 00000000 00000000 00000000 00000000 00000000 00000000 00000000 00000000 00000000 00000000 00000000 00000000 00000000 00000000 00000000 00000000 00000000 
core   0: 0x800005b0 (0x027913d7) vfadd.vv v7, v7, v18
core   0: 3 0x800005b0 (0x027913d7) c8_vstart 0x00000000 e32 m1 l32 v7  ffffffff 0x00000000 00000000 00000000 00000000 00000000 00000000 00000000 00000000 00000000 00000000 00000000 00000000 00000000 00000000 00000000 00000000 00000000 00000000 00000000 00000000 00000000 00000000 00000000 00000000 00000000 00000000 00000000 00000000 00000000 00000000 00000000 00000000 
core   0: 0x800005b4 (0x02689357) vfadd.vv v6, v6, v17
core   0: 3 0x800005b4 (0x02689357) c8_vstart 0x00000000 e32 m1 l32 v6  ffffffff 0x00000000 00000000 00000000 00000000 00000000 00000000 00000000 00000000 00000000 00000000 00000000 00000000 00000000 00000000 00000000 00000000 00000000 00000000 00000000 00000000 00000000 00000000 00000000 00000000 00000000 00000000 00000000 00000000 00000000 00000000 00000000 00000000 
core   0: 0x800005b8 (0x025812d7) vfadd.vv v5, v5, v16
core   0: 3 0x800005b8 (0x025812d7) c8_vstart 0x00000000 e32 m1 l32 v5  ffffffff 0x00000000 00000000 00000000 00000000 00000000 00000000 00000000 00000000 00000000 00000000 00000000 00000000 00000000 00000000 00000000 00000000 00000000 00000000 00000000 00000000 00000000 00000000 00000000 00000000 00000000 00000000 00000000 00000000 00000000 00000000 00000000 00000000 
core   0: 0x800005bc (0x02479257) vfadd.vv v4, v4, v15
core   0: 3 0x800005bc (0x02479257) c8_vstart 0x00000000 e32 m1 l32 v4  ffffffff 0x3c1ef25c be26d6de 3c69a68e bde24415 3a14a940 bcd3c637 3cc5053e bc9e6b50 3dab1906 3d6377cd bba178ca bc080cbf bd18f93c bd9705da bd026a38 be68d681 bdd131e6 3e1fe7a9 bc428bd7 bdd0e34a bd7667cd bcc21c13 bd17fee4 3c3a023f 3dc3722b 3d1ddbbb bcdf8839 bdca0e73 3e113333 bc577ddf bd8ae96b 3dca4d02 
core   0: 0x800005c0 (0x023711d7) vfadd.vv v3, v3, v14
core   0: 3 0x800005c0 (0x023711d7) c8_vstart 0x00000000 e32 m1 l32 v3  ffffffff 0xbe387b8a 3d9f72d9 be177145 bd2e0c44 3e44bd30 bd2fd49f 3d85186e bba671dc 3dfe40cb 3df1c684 bd3eaa8b be06cb8e bb968ca6 be1432f1 3e1e1e8d bc707725 3e55f344 bda8ecf2 3c3e5dab be89b2e6 3dd71e4e bbbec6e6 be074bba bdb1697e 3dafa287 bda9799f 3e120bdf 3daeb51f 3e8ca973 3d43efd5 bc85e5c0 bdee1b16 
core   0: 0x800005c4 (0x02269157) vfadd.vv v2, v2, v13
core   0: 3 0x800005c4 (0x02269157) c8_vstart 0x00000000 e32 m1 l32 v2  ffffffff 0x3c2e560c be8d1dbd bb966432 be202451 bd25a851 3dfbfa3c bdb9d4ed be1c15c2 3d8b317b 3ddd18a9 3cf02160 3ca46e25 3e96f42b 3e23de25 3d7088dd be0ab796 be069bf9 bc82f56f be1742c1 bda560d8 be87ee14 3db63863 be19711c 3e653a25 bb3bd208 3e15dfd7 be3505ca bb0fa954 3cf8e21b bc86527d bd9336db beada117 
core   0: 0x800005c8 (0x021610d7) vfadd.vv v1, v1, v12
core   0: 3 0x800005c8 (0x021610d7) c8_vstart 0x00000000 e32 m1 l32 v1  ffffffff 0x3dec37a4 bdfa5897 bd3b3421 3d4877cf bd141f4a 3e56e4a8 bdf7ee26 3b5d9280 bc94a428 bd8b4ddc 3d204b76 bd194da0 bd502233 bd151058 be7afdbc be3818a6 bdf644fe 3cee891e 3d17e7ad 3df666dd 3b9a3144 3d690c2d bd60dd89 bddc585b 3db2b9ba 3da507db 3c87068f bcf4299e be3fed17 3d38c96e 3ea464e5 bd4a12fe 
core   0: 0x800005cc (0x0015958b) vsub12.vi v11, v11, 1
core   0: 3 0x800005cc (0x0015958b) c8_vstart 0x00000000 e32 m1 l32 v11 ffffffff 0x00000000 00000000 00000000 00000000 00000000 00000000 00000000 00000000 00000000 00000000 00000000 00000000 00000000 00000000 00000000 00000000 00000000 00000000 00000000 00000000 00000000 00000000 00000000 00000000 00000000 00000000 00000000 00000000 00000000 00000000 00000000 00000000 
core   0: 0x800005d0 (0x4005050b) vadd12.vi v10, v10, 1024
core   0: 3 0x800005d0 (0x4005050b) c8_vstart 0x00000000 e32 m1 l32 v10 ffffffff 0x900113e0 900113c0 900113a0 90011380 90011360 90011340 90011320 90011300 900112e0 900112c0 900112a0 90011280 90011260 90011240 90011220 90011200 900111e0 900111c0 900111a0 90011180 90011160 90011140 90011120 90011100 900110e0 900110c0 900110a0 90011080 90011060 90011040 90011020 90011000 
core   0: 0x800005d4 (0x00000317) auipc   x6, 0x0
core   0: 3 0x800005d4 (0x00000317) x6  0x800005d4
core   0: 0x800005d8 (0xf7c3305b) setrpc  x0, x6, -132
core   0: 3 0x800005d8 (0xf7c3305b) c2060_rpc 0x80000550 current mask:	ffffffff current npc:	800004d4 stack size: 0
core   0: 0x800005dc (0xf6ba0adb) vbeq    v11, v20, pc - 140
core   0: 3 0x800005dc (0xf6ba0adb) c8_vstart 0x00000000 e32 m1 l32 current mask:	ffffffff current npc:	80000550 stack size: 0
core   0: 0x80000550 (0x0000205b) join    v0, v0, pc + 0
core   0: 3 0x80000550 (0x0000205b) current mask:	ffffffff current npc:	80000550 stack size: 0
core   0: 0x80000554 (0x9692b4d7) vsll.vi v9, v9, 5
core   0: 3 0x80000554 (0x9692b4d7) c8_vstart 0x00000000 e32 m1 l32 v9  ffffffff 0x00000160 00000160 00000160 00000160 00000160 00000160 00000160 00000160 00000160 00000160 00000160 00000160 00000160 00000160 00000160 00000160 00000160 00000160 00000160 00000160 00000160 00000160 00000160 00000160 00000160 00000160 00000160 00000160 00000160 00000160 00000160 00000160 
core   0: 0x80000558 (0x02900057) vadd.vv v0, v9, v0
core   0: 3 0x80000558 (0x02900057) c8_vstart 0x00000000 e32 m1 l32 v0  ffffffff 0x0000017f 0000017e 0000017d 0000017c 0000017b 0000017a 00000179 00000178 00000177 00000176 00000175 00000174 00000173 00000172 00000171 00000170 0000016f 0000016e 0000016d 0000016c 0000016b 0000016a 00000169 00000168 00000167 00000166 00000165 00000164 00000163 00000162 00000161 00000160 
core   0: 0x8000055c (0x9602b057) vsll.vi v0, v0, 5
core   0: 3 0x8000055c (0x9602b057) c8_vstart 0x00000000 e32 m1 l32 v0  ffffffff 0x00002fe0 00002fc0 00002fa0 00002f80 00002f60 00002f40 00002f20 00002f00 00002ee0 00002ec0 00002ea0 00002e80 00002e60 00002e40 00002e20 00002e00 00002de0 00002dc0 00002da0 00002d80 00002d60 00002d40 00002d20 00002d00 00002ce0 00002cc0 00002ca0 00002c80 00002c60 00002c40 00002c20 00002c00 
core   0: 0x80000560 (0xff812283) lw      x5, -8(x2)
core   0: 3 0x80000560 (0xff812283) x5  0x90011000 mem 0x70000010
core   0: 0x80000564 (0x0202c057) vadd.vx v0, v0, x5
core   0: 3 0x80000564 (0x0202c057) c8_vstart 0x00000000 e32 m1 l32 v0  ffffffff 0x90013fe0 90013fc0 90013fa0 90013f80 90013f60 90013f40 90013f20 90013f00 90013ee0 90013ec0 90013ea0 90013e80 90013e60 90013e40 90013e20 90013e00 90013de0 90013dc0 90013da0 90013d80 90013d60 90013d40 90013d20 90013d00 90013ce0 90013cc0 90013ca0 90013c80 90013c60 90013c40 90013c20 90013c00 
core   0: 0x80000568 (0x00806e7b) vsw12.v v8, v0, 28
core   0: 3 0x80000568 (0x00806e7b) c8_vstart 0x00000000 e32 m1 l32 mem 0x90013c1c 0x00000000 mem 0x90013c3c 0x00000000 mem 0x90013c5c 0x00000000 mem 0x90013c7c 0x00000000 mem 0x90013c9c 0x00000000 mem 0x90013cbc 0x00000000 mem 0x90013cdc 0x00000000 mem 0x90013cfc 0x00000000 mem 0x90013d1c 0x00000000 mem 0x90013d3c 0x00000000 mem 0x90013d5c 0x00000000 mem 0x90013d7c 0x00000000 mem 0x90013d9c 0x00000000 mem 0x90013dbc 0x00000000 mem 0x90013ddc 0x00000000 mem 0x90013dfc 0x00000000 mem 0x90013e1c 0x00000000 mem 0x90013e3c 0x00000000 mem 0x90013e5c 0x00000000 mem 0x90013e7c 0x00000000 mem 0x90013e9c 0x00000000 mem 0x90013ebc 0x00000000 mem 0x90013edc 0x00000000 mem 0x90013efc 0x00000000 mem 0x90013f1c 0x00000000 mem 0x90013f3c 0x00000000 mem 0x90013f5c 0x00000000 mem 0x90013f7c 0x00000000 mem 0x90013f9c 0x00000000 mem 0x90013fbc 0x00000000 mem 0x90013fdc 0x00000000 mem 0x90013ffc 0x00000000
core   0: 0x8000056c (0x00706c7b) vsw12.v v7, v0, 24
core   0: 3 0x8000056c (0x00706c7b) c8_vstart 0x00000000 e32 m1 l32 mem 0x90013c18 0x00000000 mem 0x90013c38 0x00000000 mem 0x90013c58 0x00000000 mem 0x90013c78 0x00000000 mem 0x90013c98 0x00000000 mem 0x90013cb8 0x00000000 mem 0x90013cd8 0x00000000 mem 0x90013cf8 0x00000000 mem 0x90013d18 0x00000000 mem 0x90013d38 0x00000000 mem 0x90013d58 0x00000000 mem 0x90013d78 0x00000000 mem 0x90013d98 0x00000000 mem 0x90013db8 0x00000000 mem 0x90013dd8 0x00000000 mem 0x90013df8 0x00000000 mem 0x90013e18 0x00000000 mem 0x90013e38 0x00000000 mem 0x90013e58 0x00000000 mem 0x90013e78 0x00000000 mem 0x90013e98 0x00000000 mem 0x90013eb8 0x00000000 mem 0x90013ed8 0x00000000 mem 0x90013ef8 0x00000000 mem 0x90013f18 0x00000000 mem 0x90013f38 0x00000000 mem 0x90013f58 0x00000000 mem 0x90013f78 0x00000000 mem 0x90013f98 0x00000000 mem 0x90013fb8 0x00000000 mem 0x90013fd8 0x00000000 mem 0x90013ff8 0x00000000
core   0: 0x80000570 (0x00606a7b) vsw12.v v6, v0, 20
core   0: 3 0x80000570 (0x00606a7b) c8_vstart 0x00000000 e32 m1 l32 mem 0x90013c14 0x00000000 mem 0x90013c34 0x00000000 mem 0x90013c54 0x00000000 mem 0x90013c74 0x00000000 mem 0x90013c94 0x00000000 mem 0x90013cb4 0x00000000 mem 0x90013cd4 0x00000000 mem 0x90013cf4 0x00000000 mem 0x90013d14 0x00000000 mem 0x90013d34 0x00000000 mem 0x90013d54 0x00000000 mem 0x90013d74 0x00000000 mem 0x90013d94 0x00000000 mem 0x90013db4 0x00000000 mem 0x90013dd4 0x00000000 mem 0x90013df4 0x00000000 mem 0x90013e14 0x00000000 mem 0x90013e34 0x00000000 mem 0x90013e54 0x00000000 mem 0x90013e74 0x00000000 mem 0x90013e94 0x00000000 mem 0x90013eb4 0x00000000 mem 0x90013ed4 0x00000000 mem 0x90013ef4 0x00000000 mem 0x90013f14 0x00000000 mem 0x90013f34 0x00000000 mem 0x90013f54 0x00000000 mem 0x90013f74 0x00000000 mem 0x90013f94 0x00000000 mem 0x90013fb4 0x00000000 mem 0x90013fd4 0x00000000 mem 0x90013ff4 0x00000000
core   0: 0x80000574 (0x0050687b) vsw12.v v5, v0, 16
core   0: 3 0x80000574 (0x0050687b) c8_vstart 0x00000000 e32 m1 l32 mem 0x90013c10 0x00000000 mem 0x90013c30 0x00000000 mem 0x90013c50 0x00000000 mem 0x90013c70 0x00000000 mem 0x90013c90 0x00000000 mem 0x90013cb0 0x00000000 mem 0x90013cd0 0x00000000 mem 0x90013cf0 0x00000000 mem 0x90013d10 0x00000000 mem 0x90013d30 0x00000000 mem 0x90013d50 0x00000000 mem 0x90013d70 0x00000000 mem 0x90013d90 0x00000000 mem 0x90013db0 0x00000000 mem 0x90013dd0 0x00000000 mem 0x90013df0 0x00000000 mem 0x90013e10 0x00000000 mem 0x90013e30 0x00000000 mem 0x90013e50 0x00000000 mem 0x90013e70 0x00000000 mem 0x90013e90 0x00000000 mem 0x90013eb0 0x00000000 mem 0x90013ed0 0x00000000 mem 0x90013ef0 0x00000000 mem 0x90013f10 0x00000000 mem 0x90013f30 0x00000000 mem 0x90013f50 0x00000000 mem 0x90013f70 0x00000000 mem 0x90013f90 0x00000000 mem 0x90013fb0 0x00000000 mem 0x90013fd0 0x00000000 mem 0x90013ff0 0x00000000
core   0: 0x80000578 (0x0040667b) vsw12.v v4, v0, 12
core   0: 3 0x80000578 (0x0040667b) c8_vstart 0x00000000 e32 m1 l32 mem 0x90013c0c 0x3dca4d02 mem 0x90013c2c 0xbd8ae96b mem 0x90013c4c 0xbc577ddf mem 0x90013c6c 0x3e113333 mem 0x90013c8c 0xbdca0e73 mem 0x90013cac 0xbcdf8839 mem 0x90013ccc 0x3d1ddbbb mem 0x90013cec 0x3dc3722b mem 0x90013d0c 0x3c3a023f mem 0x90013d2c 0xbd17fee4 mem 0x90013d4c 0xbcc21c13 mem 0x90013d6c 0xbd7667cd mem 0x90013d8c 0xbdd0e34a mem 0x90013dac 0xbc428bd7 mem 0x90013dcc 0x3e1fe7a9 mem 0x90013dec 0xbdd131e6 mem 0x90013e0c 0xbe68d681 mem 0x90013e2c 0xbd026a38 mem 0x90013e4c 0xbd9705da mem 0x90013e6c 0xbd18f93c mem 0x90013e8c 0xbc080cbf mem 0x90013eac 0xbba178ca mem 0x90013ecc 0x3d6377cd mem 0x90013eec 0x3dab1906 mem 0x90013f0c 0xbc9e6b50 mem 0x90013f2c 0x3cc5053e mem 0x90013f4c 0xbcd3c637 mem 0x90013f6c 0x3a14a940 mem 0x90013f8c 0xbde24415 mem 0x90013fac 0x3c69a68e mem 0x90013fcc 0xbe26d6de mem 0x90013fec 0x3c1ef25c
core   0: 0x8000057c (0x0030647b) vsw12.v v3, v0, 8
core   0: 3 0x8000057c (0x0030647b) c8_vstart 0x00000000 e32 m1 l32 mem 0x90013c08 0xbdee1b16 mem 0x90013c28 0xbc85e5c0 mem 0x90013c48 0x3d43efd5 mem 0x90013c68 0x3e8ca973 mem 0x90013c88 0x3daeb51f mem 0x90013ca8 0x3e120bdf mem 0x90013cc8 0xbda9799f mem 0x90013ce8 0x3dafa287 mem 0x90013d08 0xbdb1697e mem 0x90013d28 0xbe074bba mem 0x90013d48 0xbbbec6e6 mem 0x90013d68 0x3dd71e4e mem 0x90013d88 0xbe89b2e6 mem 0x90013da8 0x3c3e5dab mem 0x90013dc8 0xbda8ecf2 mem 0x90013de8 0x3e55f344 mem 0x90013e08 0xbc707725 mem 0x90013e28 0x3e1e1e8d mem 0x90013e48 0xbe1432f1 mem 0x90013e68 0xbb968ca6 mem 0x90013e88 0xbe06cb8e mem 0x90013ea8 0xbd3eaa8b mem 0x90013ec8 0x3df1c684 mem 0x90013ee8 0x3dfe40cb mem 0x90013f08 0xbba671dc mem 0x90013f28 0x3d85186e mem 0x90013f48 0xbd2fd49f mem 0x90013f68 0x3e44bd30 mem 0x90013f88 0xbd2e0c44 mem 0x90013fa8 0xbe177145 mem 0x90013fc8 0x3d9f72d9 mem 0x90013fe8 0xbe387b8a
core   0: 0x80000580 (0x0020627b) vsw12.v v2, v0, 4
core   0: 3 0x80000580 (0x0020627b) c8_vstart 0x00000000 e32 m1 l32 mem 0x90013c04 0xbeada117 mem 0x90013c24 0xbd9336db mem 0x90013c44 0xbc86527d mem 0x90013c64 0x3cf8e21b mem 0x90013c84 0xbb0fa954 mem 0x90013ca4 0xbe3505ca mem 0x90013cc4 0x3e15dfd7 mem 0x90013ce4 0xbb3bd208 mem 0x90013d04 0x3e653a25 mem 0x90013d24 0xbe19711c mem 0x90013d44 0x3db63863 mem 0x90013d64 0xbe87ee14 mem 0x90013d84 0xbda560d8 mem 0x90013da4 0xbe1742c1 mem 0x90013dc4 0xbc82f56f mem 0x90013de4 0xbe069bf9 mem 0x90013e04 0xbe0ab796 mem 0x90013e24 0x3d7088dd mem 0x90013e44 0x3e23de25 mem 0x90013e64 0x3e96f42b mem 0x90013e84 0x3ca46e25 mem 0x90013ea4 0x3cf02160 mem 0x90013ec4 0x3ddd18a9 mem 0x90013ee4 0x3d8b317b mem 0x90013f04 0xbe1c15c2 mem 0x90013f24 0xbdb9d4ed mem 0x90013f44 0x3dfbfa3c mem 0x90013f64 0xbd25a851 mem 0x90013f84 0xbe202451 mem 0x90013fa4 0xbb966432 mem 0x90013fc4 0xbe8d1dbd mem 0x90013fe4 0x3c2e560c
core   0: 0x80000584 (0x0010607b) vsw12.v v1, v0, 0
core   0: 3 0x80000584 (0x0010607b) c8_vstart 0x00000000 e32 m1 l32 mem 0x90013c00 0xbd4a12fe mem 0x90013c20 0x3ea464e5 mem 0x90013c40 0x3d38c96e mem 0x90013c60 0xbe3fed17 mem 0x90013c80 0xbcf4299e mem 0x90013ca0 0x3c87068f mem 0x90013cc0 0x3da507db mem 0x90013ce0 0x3db2b9ba mem 0x90013d00 0xbddc585b mem 0x90013d20 0xbd60dd89 mem 0x90013d40 0x3d690c2d mem 0x90013d60 0x3b9a3144 mem 0x90013d80 0x3df666dd mem 0x90013da0 0x3d17e7ad mem 0x90013dc0 0x3cee891e mem 0x90013de0 0xbdf644fe mem 0x90013e00 0xbe3818a6 mem 0x90013e20 0xbe7afdbc mem 0x90013e40 0xbd151058 mem 0x90013e60 0xbd502233 mem 0x90013e80 0xbd194da0 mem 0x90013ea0 0x3d204b76 mem 0x90013ec0 0xbd8b4ddc mem 0x90013ee0 0xbc94a428 mem 0x90013f00 0x3b5d9280 mem 0x90013f20 0xbdf7ee26 mem 0x90013f40 0x3e56e4a8 mem 0x90013f60 0xbd141f4a mem 0x90013f80 0x3d4877cf mem 0x90013fa0 0xbd3b3421 mem 0x90013fc0 0xbdfa5897 mem 0x90013fe0 0x3dec37a4
core   0: 0x80000588 (0x05c0006f) j       pc + 0x5c
core   0: 3 0x80000588 (0x05c0006f)
core   0: 0x800005e4 (0x0000205b) join    v0, v0, pc + 0
core   0: 3 0x800005e4 (0x0000205b) current mask:	ffffffff current npc:	80000550 stack size: 0
core   0: 0x800005e8 (0xfe812083) lw      x1, -24(x2)
core   0: 3 0x800005e8 (0xfe812083) x1  0x800000a0 mem 0x70000000
core   0: 0x800005ec (0xfe810113) addi    x2, x2, -24
core   0: 3 0x800005ec (0xfe810113) x2  0x70000000
core   0: 0x800005f0 (0xffc20213) addi    x4, x4, -4
core   0: 3 0x800005f0 (0xffc20213) x4  0x00000000
core   0: 0x800005f4 (0x0010200b) regext  x0, x0,  0 0 0 1 
core   0: 3 0x800005f4 (0x0010200b)
core   0: 0x800005f8 (0x5e024057) vmv.v.x v0, x4
core   0: 3 0x800005f8 (0x5e024057) c8_vstart 0x00000000 e32 m1 l32 v32 ffffffff 0x00000000 00000000 00000000 00000000 00000000 00000000 00000000 00000000 00000000 00000000 00000000 00000000 00000000 00000000 00000000 00000000 00000000 00000000 00000000 00000000 00000000 00000000 00000000 00000000 00000000 00000000 00000000 00000000 00000000 00000000 00000000 00000000 
core   0: 0x800005fc (0x00008067) ret
core   0: 3 0x800005fc (0x00008067)
core   0: 0x800000a0 (0x0000400b) endprg  x0, x0, x0
core   0: 3 0x800000a0 (0x0000400b)
core   0: 0x800000a4 (0x0040006f) j       pc + 0x4
core   0: 3 0x800000a4 (0x0040006f)
core   0: 0x800000a8 (0x00100313) li      x6, 1
core   0: 3 0x800000a8 (0x00100313) x6  0x00000001
core   0: 0x800000ac (0x00001297) auipc   x5, 0x1
core   0: 3 0x800000ac (0x00001297) x5  0x800010ac
core   0: 0x800000b0 (0xf5428293) addi    x5, x5, -172
core   0: 3 0x800000b0 (0xf5428293) x5  0x80001000
core   0: 0x800000b4 (0x0062a023) sw      x6, 0(x5)
core   0: 3 0x800000b4 (0x0062a023) mem 0x80001000 0x00000001
000 e32 m1 l32 v32 ffffffff 0x00000000 00000000 00000000 00000000 00000000 00000000 00000000 00000000 00000000 00000000 00000000 00000000 00000000 00000000 00000000 00000000 00000000 00000000 00000000 00000000 00000000 00000000 00000000 00000000 00000000 00000000 00000000 00000000 00000000 00000000 00000000 00000000 
core   0: 0x800005fc (0x00008067) ret
core   0: 3 0x800005fc (0x00008067)
core   0: 0x800000a0 (0x0000400b) endprg  x0, x0, x0
core   0: 3 0x800000a0 (0x0000400b)
core   0: 0x800000a4 (0x0040006f) j       pc + 0x4
core   0: 3 0x800000a4 (0x0040006f)
core   0: 0x800000a8 (0x00100313) li      x6, 1
core   0: 3 0x800000a8 (0x00100313) x6  0x00000001
core   0: 0x800000ac (0x00001297) auipc   x5, 0x1
core   0: 3 0x800000ac (0x00001297) x5  0x800010ac
core   0: 0x800000b0 (0xf5428293) addi    x5, x5, -172
core   0: 3 0x800000b0 (0xf5428293) x5  0x80001000
core   0: 0x800000b4 (0x0062a023) sw      x6, 0(x5)
core   0: 3 0x800000b4 (0x0062a023) mem 0x80001000 0x00000001
000 e32 m1 l32 v32 ffffffff 0x00000000 00000000 00000000 00000000 00000000 00000000 00000000 00000000 00000000 00000000 00000000 00000000 00000000 00000000 00000000 00000000 00000000 00000000 00000000 00000000 00000000 00000000 00000000 00000000 00000000 00000000 00000000 00000000 00000000 00000000 00000000 00000000 
core   0: 0x800005fc (0x00008067) ret
core   0: 3 0x800005fc (0x00008067)
core   0: 0x800000a0 (0x0000400b) endprg  x0, x0, x0
core   0: 3 0x800000a0 (0x0000400b)
core   0: 0x800000a4 (0x0040006f) j       pc + 0x4
core   0: 3 0x800000a4 (0x0040006f)
core   0: 0x800000a8 (0x00100313) li      x6, 1
core   0: 3 0x800000a8 (0x00100313) x6  0x00000001
core   0: 0x800000ac (0x00001297) auipc   x5, 0x1
core   0: 3 0x800000ac (0x00001297) x5  0x800010ac
core   0: 0x800000b0 (0xf5428293) addi    x5, x5, -172
core   0: 3 0x800000b0 (0xf5428293) x5  0x80001000
core   0: 0x800000b4 (0x0062a023) sw      x6, 0(x5)
core   0: 3 0x800000b4 (0x0062a023) mem 0x80001000 0x00000001
000 e32 m1 l32 v32 ffffffff 0x00000000 00000000 00000000 00000000 00000000 00000000 00000000 00000000 00000000 00000000 00000000 00000000 00000000 00000000 00000000 00000000 00000000 00000000 00000000 00000000 00000000 00000000 00000000 00000000 00000000 00000000 00000000 00000000 00000000 00000000 00000000 00000000 
core   0: 0x800005fc (0x00008067) ret
core   0: 3 0x800005fc (0x00008067)
core   0: 0x800000a0 (0x0000400b) endprg  x0, x0, x0
core   0: 3 0x800000a0 (0x0000400b)
core   0: 0x800000a4 (0x0040006f) j       pc + 0x4
core   0: 3 0x800000a4 (0x0040006f)
core   0: 0x800000a8 (0x00100313) li      x6, 1
core   0: 3 0x800000a8 (0x00100313) x6  0x00000001
core   0: 0x800000ac (0x00001297) auipc   x5, 0x1
core   0: 3 0x800000ac (0x00001297) x5  0x800010ac
core   0: 0x800000b0 (0xf5428293) addi    x5, x5, -172
core   0: 3 0x800000b0 (0xf5428293) x5  0x80001000
core   0: 0x800000b4 (0x0062a023) sw      x6, 0(x5)
core   0: 3 0x800000b4 (0x0062a023) mem 0x80001000 0x00000001
000 e32 m1 l32 v32 ffffffff 0x00000000 00000000 00000000 00000000 00000000 00000000 00000000 00000000 00000000 00000000 00000000 00000000 00000000 00000000 00000000 00000000 00000000 00000000 00000000 00000000 00000000 00000000 00000000 00000000 00000000 00000000 00000000 00000000 00000000 00000000 00000000 00000000 
core   0: 0x800005fc (0x00008067) ret
core   0: 3 0x800005fc (0x00008067)
core   0: 0x800000a0 (0x0000400b) endprg  x0, x0, x0
core   0: 3 0x800000a0 (0x0000400b)
core   0: 0x800000a4 (0x0040006f) j       pc + 0x4
core   0: 3 0x800000a4 (0x0040006f)
core   0: 0x800000a8 (0x00100313) li      x6, 1
core   0: 3 0x800000a8 (0x00100313) x6  0x00000001
core   0: 0x800000ac (0x00001297) auipc   x5, 0x1
core   0: 3 0x800000ac (0x00001297) x5  0x800010ac
core   0: 0x800000b0 (0xf5428293) addi    x5, x5, -172
core   0: 3 0x800000b0 (0xf5428293) x5  0x80001000
core   0: 0x800000b4 (0x0062a023) sw      x6, 0(x5)
core   0: 3 0x800000b4 (0x0062a023) mem 0x80001000 0x00000001
000 e32 m1 l32 v32 ffffffff 0x00000000 00000000 00000000 00000000 00000000 00000000 00000000 00000000 00000000 00000000 00000000 00000000 00000000 00000000 00000000 00000000 00000000 00000000 00000000 00000000 00000000 00000000 00000000 00000000 00000000 00000000 00000000 00000000 00000000 00000000 00000000 00000000 
core   0: 0x800005fc (0x00008067) ret
core   0: 3 0x800005fc (0x00008067)
core   0: 0x800000a0 (0x0000400b) endprg  x0, x0, x0
core   0: 3 0x800000a0 (0x0000400b)
core   0: 0x800000a4 (0x0040006f) j       pc + 0x4
core   0: 3 0x800000a4 (0x0040006f)
core   0: 0x800000a8 (0x00100313) li      x6, 1
core   0: 3 0x800000a8 (0x00100313) x6  0x00000001
core   0: 0x800000ac (0x00001297) auipc   x5, 0x1
core   0: 3 0x800000ac (0x00001297) x5  0x800010ac
core   0: 0x800000b0 (0xf5428293) addi    x5, x5, -172
core   0: 3 0x800000b0 (0xf5428293) x5  0x80001000
core   0: 0x800000b4 (0x0062a023) sw      x6, 0(x5)
core   0: 3 0x800000b4 (0x0062a023) mem 0x80001000 0x00000001
000 e32 m1 l32 v32 ffffffff 0x00000000 00000000 00000000 00000000 00000000 00000000 00000000 00000000 00000000 00000000 00000000 00000000 00000000 00000000 00000000 00000000 00000000 00000000 00000000 00000000 00000000 00000000 00000000 00000000 00000000 00000000 00000000 00000000 00000000 00000000 00000000 00000000 
core   0: 0x800005fc (0x00008067) ret
core   0: 3 0x800005fc (0x00008067)
core   0: 0x800000a0 (0x0000400b) endprg  x0, x0, x0
core   0: 3 0x800000a0 (0x0000400b)
core   0: 0x800000a4 (0x0040006f) j       pc + 0x4
core   0: 3 0x800000a4 (0x0040006f)
core   0: 0x800000a8 (0x00100313) li      x6, 1
core   0: 3 0x800000a8 (0x00100313) x6  0x00000001
core   0: 0x800000ac (0x00001297) auipc   x5, 0x1
core   0: 3 0x800000ac (0x00001297) x5  0x800010ac
core   0: 0x800000b0 (0xf5428293) addi    x5, x5, -172
core   0: 3 0x800000b0 (0xf5428293) x5  0x80001000
core   0: 0x800000b4 (0x0062a023) sw      x6, 0(x5)
core   0: 3 0x800000b4 (0x0062a023) mem 0x80001000 0x00000001
000 e32 m1 l32 v32 ffffffff 0x00000000 00000000 00000000 00000000 00000000 00000000 00000000 00000000 00000000 00000000 00000000 00000000 00000000 00000000 00000000 00000000 00000000 00000000 00000000 00000000 00000000 00000000 00000000 00000000 00000000 00000000 00000000 00000000 00000000 00000000 00000000 00000000 
core   0: 0x800005fc (0x00008067) ret
core   0: 3 0x800005fc (0x00008067)
core   0: 0x800000a0 (0x0000400b) endprg  x0, x0, x0
core   0: 3 0x800000a0 (0x0000400b)
core   0: 0x800000a4 (0x0040006f) j       pc + 0x4
core   0: 3 0x800000a4 (0x0040006f)
core   0: 0x800000a8 (0x00100313) li      x6, 1
core   0: 3 0x800000a8 (0x00100313) x6  0x00000001
core   0: 0x800000ac (0x00001297) auipc   x5, 0x1
core   0: 3 0x800000ac (0x00001297) x5  0x800010ac
core   0: 0x800000b0 (0xf5428293) addi    x5, x5, -172
core   0: 3 0x800000b0 (0xf5428293) x5  0x80001000
core   0: 0x800000b4 (0x0062a023) sw      x6, 0(x5)
core   0: 3 0x800000b4 (0x0062a023) mem 0x80001000 0x00000001
000 e32 m1 l32 v32 ffffffff 0x00000000 00000000 00000000 00000000 00000000 00000000 00000000 00000000 00000000 00000000 00000000 00000000 00000000 00000000 00000000 00000000 00000000 00000000 00000000 00000000 00000000 00000000 00000000 00000000 00000000 00000000 00000000 00000000 00000000 00000000 00000000 00000000 
core   0: 0x800005fc (0x00008067) ret
core   0: 3 0x800005fc (0x00008067)
core   0: 0x800000a0 (0x0000400b) endprg  x0, x0, x0
core   0: 3 0x800000a0 (0x0000400b)
core   0: 0x800000a4 (0x0040006f) j       pc + 0x4
core   0: 3 0x800000a4 (0x0040006f)
core   0: 0x800000a8 (0x00100313) li      x6, 1
core   0: 3 0x800000a8 (0x00100313) x6  0x00000001
core   0: 0x800000ac (0x00001297) auipc   x5, 0x1
core   0: 3 0x800000ac (0x00001297) x5  0x800010ac
core   0: 0x800000b0 (0xf5428293) addi    x5, x5, -172
core   0: 3 0x800000b0 (0xf5428293) x5  0x80001000
core   0: 0x800000b4 (0x0062a023) sw      x6, 0(x5)
core   0: 3 0x800000b4 (0x0062a023) mem 0x80001000 0x00000001
000 e32 m1 l32 v32 ffffffff 0x00000000 00000000 00000000 00000000 00000000 00000000 00000000 00000000 00000000 00000000 00000000 00000000 00000000 00000000 00000000 00000000 00000000 00000000 00000000 00000000 00000000 00000000 00000000 00000000 00000000 00000000 00000000 00000000 00000000 00000000 00000000 00000000 
core   0: 0x800005fc (0x00008067) ret
core   0: 3 0x800005fc (0x00008067)
core   0: 0x800000a0 (0x0000400b) endprg  x0, x0, x0
core   0: 3 0x800000a0 (0x0000400b)
core   0: 0x800000a4 (0x0040006f) j       pc + 0x4
core   0: 3 0x800000a4 (0x0040006f)
core   0: 0x800000a8 (0x00100313) li      x6, 1
core   0: 3 0x800000a8 (0x00100313) x6  0x00000001
core   0: 0x800000ac (0x00001297) auipc   x5, 0x1
core   0: 3 0x800000ac (0x00001297) x5  0x800010ac
core   0: 0x800000b0 (0xf5428293) addi    x5, x5, -172
core   0: 3 0x800000b0 (0xf5428293) x5  0x80001000
core   0: 0x800000b4 (0x0062a023) sw      x6, 0(x5)
core   0: 3 0x800000b4 (0x0062a023) mem 0x80001000 0x00000001
000 e32 m1 l32 v32 ffffffff 0x00000000 00000000 00000000 00000000 00000000 00000000 00000000 00000000 00000000 00000000 00000000 00000000 00000000 00000000 00000000 00000000 00000000 00000000 00000000 00000000 00000000 00000000 00000000 00000000 00000000 00000000 00000000 00000000 00000000 00000000 00000000 00000000 
core   0: 0x800005fc (0x00008067) ret
core   0: 3 0x800005fc (0x00008067)
core   0: 0x800000a0 (0x0000400b) endprg  x0, x0, x0
core   0: 3 0x800000a0 (0x0000400b)
core   0: 0x800000a4 (0x0040006f) j       pc + 0x4
core   0: 3 0x800000a4 (0x0040006f)
core   0: 0x800000a8 (0x00100313) li      x6, 1
core   0: 3 0x800000a8 (0x00100313) x6  0x00000001
core   0: 0x800000ac (0x00001297) auipc   x5, 0x1
core   0: 3 0x800000ac (0x00001297) x5  0x800010ac
core   0: 0x800000b0 (0xf5428293) addi    x5, x5, -172
core   0: 3 0x800000b0 (0xf5428293) x5  0x80001000
core   0: 0x800000b4 (0x0062a023) sw      x6, 0(x5)
core   0: 3 0x800000b4 (0x0062a023) mem 0x80001000 0x00000001
000 e32 m1 l32 v32 ffffffff 0x00000000 00000000 00000000 00000000 00000000 00000000 00000000 00000000 00000000 00000000 00000000 00000000 00000000 00000000 00000000 00000000 00000000 00000000 00000000 00000000 00000000 00000000 00000000 00000000 00000000 00000000 00000000 00000000 00000000 00000000 00000000 00000000 
core   0: 0x800005fc (0x00008067) ret
core   0: 3 0x800005fc (0x00008067)
core   0: 0x800000a0 (0x0000400b) endprg  x0, x0, x0
core   0: 3 0x800000a0 (0x0000400b)
core   0: 0x800000a4 (0x0040006f) j       pc + 0x4
core   0: 3 0x800000a4 (0x0040006f)
core   0: 0x800000a8 (0x00100313) li      x6, 1
core   0: 3 0x800000a8 (0x00100313) x6  0x00000001
core   0: 0x800000ac (0x00001297) auipc   x5, 0x1
core   0: 3 0x800000ac (0x00001297) x5  0x800010ac
core   0: 0x800000b0 (0xf5428293) addi    x5, x5, -172
core   0: 3 0x800000b0 (0xf5428293) x5  0x80001000
core   0: 0x800000b4 (0x0062a023) sw      x6, 0(x5)
core   0: 3 0x800000b4 (0x0062a023) mem 0x80001000 0x00000001
