core   0: 0x00001000 (0x00000297) auipc   x5, 0x0
core   0: 3 0x00001000 (0x00000297) x5  0x00001000
core   0: 0x00001004 (0x02028593) addi    x11, x5, 32
core   0: 3 0x00001004 (0x02028593) x11 0x00001020
core   0: 0x00001008 (0xf1402573) csrr    x10, mhartid
core   0: 3 0x00001008 (0xf1402573) x10 0x00000000
core   0: 0x0000100c (0x0182a283) lw      x5, 24(x5)
core   0: 3 0x0000100c (0x0182a283) x5  0x80000000 mem 0x00001018
core   0: 0x00001010 (0x00028067) jr      x5
core   0: 3 0x00001010 (0x00028067)
core   0: 0x80000000 (0x00004197) auipc   x3, 0x4
core   0: 3 0x80000000 (0x00004197) x3  0x80004000
core   0: 0x80000004 (0x80818193) addi    x3, x3, -2040
core   0: 3 0x80000004 (0x80818193) x3  0x80003808
core   0: 0x80000008 (0x02000e93) li      x29, 32
core   0: 3 0x80000008 (0x02000e93) x29 0x00000020
core   0: 0x8000000c (0x0d0efed7) vsetvli x29, x29, e32, m1, ta, ma
core   0: 3 0x8000000c (0x0d0efed7) x29 0x00000020 c8_vstart 0x00000000 c3104_vl 0x00000020 c3105_vtype 0x000000d0 c768_mstatus 0x80000600
core   0: 0x80000010 (0x00002eb7) lui     x29, 0x2
core   0: 3 0x80000010 (0x00002eb7) x29 0x00002000
core   0: 0x80000014 (0x300eaef3) csrrs   x29, mstatus, x29
core   0: 3 0x80000014 (0x300eaef3) x29 0x80000600 c768_mstatus 0x80006600
core   0: 0x80000018 (0x00000e93) li      x29, 0
core   0: 3 0x80000018 (0x00000e93) x29 0x00000000
core   0: 0x8000001c (0x80502373) csrr    x6, wid
core   0: 3 0x8000001c (0x80502373) x6  0x00000000
core   0: 0x80000020 (0x806023f3) csrr    x7, lds
core   0: 3 0x80000020 (0x806023f3) x7  0x70000000
core   0: 0x80000024 (0x40000e13) li      x28, 1024
core   0: 3 0x80000024 (0x40000e13) x28 0x00000400
core   0: 0x80000028 (0x03c30333) mul     x6, x6, x28
core   0: 3 0x80000028 (0x03c30333) x6  0x00000000
core   0: 0x8000002c (0x00730133) add     x2, x6, x7
core   0: 3 0x8000002c (0x00730133) x2  0x70000000
core   0: 0x80000030 (0x00000213) li      x4, 0
core   0: 3 0x80000030 (0x00000213) x4  0x00000000
core   0: 0x80000034 (0x80102f73) csrr    x30, numw
core   0: 3 0x80000034 (0x80102f73) x30 0x00000001
core   0: 0x80000038 (0x40000e13) li      x28, 1024
core   0: 3 0x80000038 (0x40000e13) x28 0x00000400
core   0: 0x8000003c (0x03cf0f33) mul     x30, x30, x28
core   0: 3 0x8000003c (0x03cf0f33) x30 0x00000400
core   0: 0x80000040 (0x01e38433) add     x8, x7, x30
core   0: 3 0x80000040 (0x01e38433) x8  0x70000400
core   0: 0x80000044 (0x00003517) auipc   x10, 0x3
core   0: 3 0x80000044 (0x00003517) x10 0x80003044
core   0: 0x80000048 (0xfc450513) addi    x10, x10, -60
core   0: 3 0x80000048 (0xfc450513) x10 0x80003008
core   0: 0x8000004c (0x00003617) auipc   x12, 0x3
core   0: 3 0x8000004c (0x00003617) x12 0x8000304c
core   0: 0x80000050 (0xfbc60613) addi    x12, x12, -68
core   0: 3 0x80000050 (0xfbc60613) x12 0x80003008
core   0: 0x80000054 (0x00c50863) beq     x10, x12, pc + 16
core   0: 3 0x80000054 (0x00c50863)
core   0: 0x80000064 (0x803022f3) csrr    x5, knl
core   0: 3 0x80000064 (0x803022f3) x5  0x90107000
core   0: 0x80000068 (0x0002a303) lw      x6, 0(x5)
core   0: 3 0x80000068 (0x0002a303) x6  0x800000b8 mem 0x90107000
core   0: 0x8000006c (0x0042a503) lw      x10, 4(x5)
core   0: 3 0x8000006c (0x0042a503) x10 0x90006000 mem 0x90107004
core   0: 0x80000070 (0x0302a383) lw      x7, 48(x5)
core   0: 3 0x80000070 (0x0302a383) x7  0x00000000 mem 0x90107030
core   0: 0x80000074 (0x0342ae03) lw      x28, 52(x5)
core   0: 3 0x80000074 (0x0342ae03) x28 0x00000000 mem 0x90107034
core   0: 0x80000078 (0x00003e97) auipc   x29, 0x3
core   0: 3 0x80000078 (0x00003e97) x29 0x80003078
core   0: 0x8000007c (0xf88e8e93) addi    x29, x29, -120
core   0: 3 0x8000007c (0xf88e8e93) x29 0x80003000
core   0: 0x80000080 (0x00003f17) auipc   x30, 0x3
core   0: 3 0x80000080 (0x00003f17) x30 0x80003080
core   0: 0x80000084 (0xf84f0f13) addi    x30, x30, -124
core   0: 3 0x80000084 (0xf84f0f13) x30 0x80003004
core   0: 0x80000088 (0x007ea023) sw      x7, 0(x29)
core   0: 3 0x80000088 (0x007ea023) mem 0x80003000 0x00000000
core   0: 0x8000008c (0x01cf2023) sw      x28, 0(x30)
core   0: 3 0x8000008c (0x01cf2023) mem 0x80003004 0x00000000
core   0: 0x80000090 (0x00000f97) auipc   x31, 0x0
core   0: 3 0x80000090 (0x00000f97) x31 0x80000090
core   0: 0x80000094 (0x018f8f93) addi    x31, x31, 24
core   0: 3 0x80000094 (0x018f8f93) x31 0x800000a8
core   0: 0x80000098 (0x305f9073) csrw    mtvec, x31
core   0: 3 0x80000098 (0x305f9073) c773_mtvec 0x800000a8
core   0: 0x8000009c (0x000300e7) jalr    x6
core   0: 3 0x8000009c (0x000300e7) x1  0x800000a0
core   0: 0x800000b8 (0x02810113) addi    x2, x2, 40
core   0: 3 0x800000b8 (0x02810113) x2  0x70000028
core   0: 0x800000bc (0xfc112c23) sw      x1, -40(x2)
core   0: 3 0x800000bc (0xfc112c23) mem 0x70000000 0x800000a0
core   0: 0x800000c0 (0x02052283) lw      x5, 32(x10)
core   0: 3 0x800000c0 (0x02052283) x5  0x90005000 mem 0x90006020
core   0: 0x800000c4 (0xfc512e23) sw      x5, -36(x2)
core   0: 3 0x800000c4 (0xfc512e23) mem 0x70000004 0x90005000
core   0: 0x800000c8 (0x01c52283) lw      x5, 28(x10)
core   0: 3 0x800000c8 (0x01c52283) x5  0x90004000 mem 0x9000601c
core   0: 0x800000cc (0xfe512a23) sw      x5, -12(x2)
core   0: 3 0x800000cc (0xfe512a23) mem 0x7000001c 0x90004000
core   0: 0x800000d0 (0x01852283) lw      x5, 24(x10)
core   0: 3 0x800000d0 (0x01852283) x5  0x00000002 mem 0x90006018
core   0: 0x800000d4 (0xfe512823) sw      x5, -16(x2)
core   0: 3 0x800000d4 (0xfe512823) mem 0x70000018 0x00000002
core   0: 0x800000d8 (0x00c52283) lw      x5, 12(x10)
core   0: 3 0x800000d8 (0x00c52283) x5  0x90003000 mem 0x9000600c
core   0: 0x800000dc (0xfe512423) sw      x5, -24(x2)
core   0: 3 0x800000dc (0xfe512423) mem 0x70000010 0x90003000
core   0: 0x800000e0 (0x00852283) lw      x5, 8(x10)
core   0: 3 0x800000e0 (0x00852283) x5  0x90002000 mem 0x90006008
core   0: 0x800000e4 (0xfe512223) sw      x5, -28(x2)
core   0: 3 0x800000e4 (0xfe512223) mem 0x7000000c 0x90002000
core   0: 0x800000e8 (0x00452283) lw      x5, 4(x10)
core   0: 3 0x800000e8 (0x00452283) x5  0x90001000 mem 0x90006004
core   0: 0x800000ec (0xfe512023) sw      x5, -32(x2)
core   0: 3 0x800000ec (0xfe512023) mem 0x70000008 0x90001000
core   0: 0x800000f0 (0x00052283) lw      x5, 0(x10)
core   0: 3 0x800000f0 (0x00052283) x5  0x90000000 mem 0x90006000
core   0: 0x800000f4 (0xfe512623) sw      x5, -20(x2)
core   0: 3 0x800000f4 (0xfe512623) mem 0x70000014 0x90000000
core   0: 0x800000f8 (0x01452283) lw      x5, 20(x10)
core   0: 3 0x800000f8 (0x01452283) x5  0x00000010 mem 0x90006014
core   0: 0x800000fc (0xfe512c23) sw      x5, -8(x2)
core   0: 3 0x800000fc (0xfe512c23) mem 0x70000020 0x00000010
core   0: 0x80000100 (0x01052283) lw      x5, 16(x10)
core   0: 3 0x80000100 (0x01052283) x5  0x00000010 mem 0x90006010
core   0: 0x80000104 (0xfe512e23) sw      x5, -4(x2)
core   0: 3 0x80000104 (0xfe512e23) mem 0x70000024 0x00000010
core   0: 0x80000108 (0x5e004057) vmv.v.x v0, x0
core   0: 3 0x80000108 (0x5e004057) c8_vstart 0x00000000 e32 m1 l32 v0  ffffffff 0x00000000 00000000 00000000 00000000 00000000 00000000 00000000 00000000 00000000 00000000 00000000 00000000 00000000 00000000 00000000 00000000 00000000 00000000 00000000 00000000 00000000 00000000 00000000 00000000 00000000 00000000 00000000 00000000 00000000 00000000 00000000 00000000 
core   0: 0x8000010c (0x5e4000ef) jal     pc + 0x5e4
core   0: 3 0x8000010c (0x5e4000ef) x1  0x80000110
core   0: 0x800006f0 (0x00410113) addi    x2, x2, 4
core   0: 3 0x800006f0 (0x00410113) x2  0x7000002c
core   0: 0x800006f4 (0xfe112e23) sw      x1, -4(x2)
core   0: 3 0x800006f4 (0xfe112e23) mem 0x70000028 0x80000110
core   0: 0x800006f8 (0x020040d7) vadd.vx v1, v0, x0
core   0: 3 0x800006f8 (0x020040d7) c8_vstart 0x00000000 e32 m1 l32 v1  ffffffff 0x00000000 00000000 00000000 00000000 00000000 00000000 00000000 00000000 00000000 00000000 00000000 00000000 00000000 00000000 00000000 00000000 00000000 00000000 00000000 00000000 00000000 00000000 00000000 00000000 00000000 00000000 00000000 00000000 00000000 00000000 00000000 00000000 
core   0: 0x800006fc (0x00200293) li      x5, 2
core   0: 3 0x800006fc (0x00200293) x5  0x00000002
core   0: 0x80000700 (0x5e02c057) vmv.v.x v0, x5
core   0: 3 0x80000700 (0x5e02c057) c8_vstart 0x00000000 e32 m1 l32 v0  ffffffff 0x00000002 00000002 00000002 00000002 00000002 00000002 00000002 00000002 00000002 00000002 00000002 00000002 00000002 00000002 00000002 00000002 00000002 00000002 00000002 00000002 00000002 00000002 00000002 00000002 00000002 00000002 00000002 00000002 00000002 00000002 00000002 00000002 
core   0: 0x80000704 (0x00000317) auipc   x6, 0x0
core   0: 3 0x80000704 (0x00000317) x6  0x80000704
core   0: 0x80000708 (0x0543305b) setrpc  x0, x6, 84
core   0: 3 0x80000708 (0x0543305b) c2060_rpc 0x80000758 current mask:	ffffffff current npc:	00000000 stack size: 0
core   0: 0x8000070c (0x0410045b) vbeq    v1, v0, pc + 72
core   0: 3 0x8000070c (0x0410045b) c8_vstart 0x00000000 e32 m1 l32 current mask:	ffffffff current npc:	80000710 stack size: 0
core   0: 0x80000710 (0x0040006f) j       pc + 0x4
core   0: 3 0x80000710 (0x0040006f)
core   0: 0x80000714 (0x00100293) li      x5, 1
core   0: 3 0x80000714 (0x00100293) x5  0x00000001
core   0: 0x80000718 (0x5e02c057) vmv.v.x v0, x5
core   0: 3 0x80000718 (0x5e02c057) c8_vstart 0x00000000 e32 m1 l32 v0  ffffffff 0x00000001 00000001 00000001 00000001 00000001 00000001 00000001 00000001 00000001 00000001 00000001 00000001 00000001 00000001 00000001 00000001 00000001 00000001 00000001 00000001 00000001 00000001 00000001 00000001 00000001 00000001 00000001 00000001 00000001 00000001 00000001 00000001 
core   0: 0x8000071c (0x00000317) auipc   x6, 0x0
core   0: 3 0x8000071c (0x00000317) x6  0x8000071c
core   0: 0x80000720 (0x03c3305b) setrpc  x0, x6, 60
core   0: 3 0x80000720 (0x03c3305b) c2060_rpc 0x80000758 current mask:	ffffffff current npc:	80000710 stack size: 0
core   0: 0x80000724 (0x0210045b) vbeq    v1, v0, pc + 40
core   0: 3 0x80000724 (0x0210045b) c8_vstart 0x00000000 e32 m1 l32 current mask:	ffffffff current npc:	80000728 stack size: 0
core   0: 0x80000728 (0x0040006f) j       pc + 0x4
core   0: 3 0x80000728 (0x0040006f)
core   0: 0x8000072c (0x5e004157) vmv.v.x v2, x0
core   0: 3 0x8000072c (0x5e004157) c8_vstart 0x00000000 e32 m1 l32 v2  ffffffff 0x00000000 00000000 00000000 00000000 00000000 00000000 00000000 00000000 00000000 00000000 00000000 00000000 00000000 00000000 00000000 00000000 00000000 00000000 00000000 00000000 00000000 00000000 00000000 00000000 00000000 00000000 00000000 00000000 00000000 00000000 00000000 00000000 
core   0: 0x80000730 (0x5e004057) vmv.v.x v0, x0
core   0: 3 0x80000730 (0x5e004057) c8_vstart 0x00000000 e32 m1 l32 v0  ffffffff 0x00000000 00000000 00000000 00000000 00000000 00000000 00000000 00000000 00000000 00000000 00000000 00000000 00000000 00000000 00000000 00000000 00000000 00000000 00000000 00000000 00000000 00000000 00000000 00000000 00000000 00000000 00000000 00000000 00000000 00000000 00000000 00000000 
core   0: 0x80000734 (0x00000317) auipc   x6, 0x0
core   0: 3 0x80000734 (0x00000317) x6  0x80000734
core   0: 0x80000738 (0x0243305b) setrpc  x0, x6, 36
core   0: 3 0x80000738 (0x0243305b) c2060_rpc 0x80000758 current mask:	ffffffff current npc:	80000728 stack size: 0
core   0: 0x8000073c (0x00111e5b) vbne    v1, v2, pc + 28
core   0: 3 0x8000073c (0x00111e5b) c8_vstart 0x00000000 e32 m1 l32 current mask:	ffffffff current npc:	80000740 stack size: 0
core   0: 0x80000740 (0x0040006f) j       pc + 0x4
core   0: 3 0x80000740 (0x0040006f)
core   0: 0x80000744 (0x124000ef) jal     pc + 0x124
core   0: 3 0x80000744 (0x124000ef) x1  0x80000748
core   0: 0x80000868 (0x00410113) addi    x2, x2, 4
core   0: 3 0x80000868 (0x00410113) x2  0x70000030
core   0: 0x8000086c (0xfe112e23) sw      x1, -4(x2)
core   0: 3 0x8000086c (0xfe112e23) mem 0x7000002c 0x80000748
core   0: 0x80000870 (0xf1dff0ef) jal     pc - 0xe4
core   0: 3 0x80000870 (0xf1dff0ef) x1  0x80000874
core   0: 0x8000078c (0x00410113) addi    x2, x2, 4
core   0: 3 0x8000078c (0x00410113) x2  0x70000034
core   0: 0x80000790 (0xfe112e23) sw      x1, -4(x2)
core   0: 3 0x80000790 (0xfe112e23) mem 0x70000030 0x80000874
core   0: 0x80000794 (0x80302573) csrr    x10, knl
core   0: 3 0x80000794 (0x80302573) x10 0x90107000
core   0: 0x80000798 (0x00852283) lw      x5, 8(x10)
core   0: 3 0x80000798 (0x00852283) x5  0x00000001 mem 0x90107008
core   0: 0x8000079c (0x80002373) csrr    x6, tid
core   0: 3 0x8000079c (0x80002373) x6  0x00000000
core   0: 0x800007a0 (0x5208a157) vid.v   v2
core   0: 3 0x800007a0 (0x5208a157) c8_vstart 0x00000000 e32 m1 l32 v2  ffffffff 0x0000001f 0000001e 0000001d 0000001c 0000001b 0000001a 00000019 00000018 00000017 00000016 00000015 00000014 00000013 00000012 00000011 00000010 0000000f 0000000e 0000000d 0000000c 0000000b 0000000a 00000009 00000008 00000007 00000006 00000005 00000004 00000003 00000002 00000001 00000000 
core   0: 0x800007a4 (0x02234057) vadd.vx v0, v2, x6
core   0: 3 0x800007a4 (0x02234057) c8_vstart 0x00000000 e32 m1 l32 v0  ffffffff 0x0000001f 0000001e 0000001d 0000001c 0000001b 0000001a 00000019 00000018 00000017 00000016 00000015 00000014 00000013 00000012 00000011 00000010 0000000f 0000000e 0000000d 0000000c 0000000b 0000000a 00000009 00000008 00000007 00000006 00000005 00000004 00000003 00000002 00000001 00000000 
core   0: 0x800007a8 (0x01852e03) lw      x28, 24(x10)
core   0: 3 0x800007a8 (0x01852e03) x28 0x00000020 mem 0x90107018
core   0: 0x800007ac (0x8a0e6057) vremu.vx v0, v0, x28
core   0: 3 0x800007ac (0x8a0e6057) c8_vstart 0x00000000 e32 m1 l32 v0  ffffffff 0x0000001f 0000001e 0000001d 0000001c 0000001b 0000001a 00000019 00000018 00000017 00000016 00000015 00000014 00000013 00000012 00000011 00000010 0000000f 0000000e 0000000d 0000000c 0000000b 0000000a 00000009 00000008 00000007 00000006 00000005 00000004 00000003 00000002 00000001 00000000 
core   0: 0x800007b0 (0xffc12083) lw      x1, -4(x2)
core   0: 3 0x800007b0 (0xffc12083) x1  0x80000874 mem 0x70000030
core   0: 0x800007b4 (0xffc10113) addi    x2, x2, -4
core   0: 3 0x800007b4 (0xffc10113) x2  0x70000030
core   0: 0x800007b8 (0x00008067) ret
core   0: 3 0x800007b8 (0x00008067)
core   0: 0x80000874 (0x80302573) csrr    x10, knl
core   0: 3 0x80000874 (0x80302573) x10 0x90107000
core   0: 0x80000878 (0x80802373) csrr    x6, gidx
core   0: 3 0x80000878 (0x80802373) x6  0x00000000
core   0: 0x8000087c (0x01852e03) lw      x28, 24(x10)
core   0: 3 0x8000087c (0x01852e03) x28 0x00000020 mem 0x90107018
core   0: 0x80000880 (0x02452e83) lw      x29, 36(x10)
core   0: 3 0x80000880 (0x02452e83) x29 0x00000000 mem 0x90107024
core   0: 0x80000884 (0x03c30fb3) mul     x31, x6, x28
core   0: 3 0x80000884 (0x03c30fb3) x31 0x00000000
core   0: 0x80000888 (0x01df8fb3) add     x31, x31, x29
core   0: 3 0x80000888 (0x01df8fb3) x31 0x00000000
core   0: 0x8000088c (0x020fc057) vadd.vx v0, v0, x31
core   0: 3 0x8000088c (0x020fc057) c8_vstart 0x00000000 e32 m1 l32 v0  ffffffff 0x0000001f 0000001e 0000001d 0000001c 0000001b 0000001a 00000019 00000018 00000017 00000016 00000015 00000014 00000013 00000012 00000011 00000010 0000000f 0000000e 0000000d 0000000c 0000000b 0000000a 00000009 00000008 00000007 00000006 00000005 00000004 00000003 00000002 00000001 00000000 
core   0: 0x80000890 (0xffc12083) lw      x1, -4(x2)
core   0: 3 0x80000890 (0xffc12083) x1  0x80000748 mem 0x7000002c
core   0: 0x80000894 (0xffc10113) addi    x2, x2, -4
core   0: 3 0x80000894 (0xffc10113) x2  0x7000002c
core   0: 0x80000898 (0x00008067) ret
core   0: 3 0x80000898 (0x00008067)
core   0: 0x80000748 (0x0100006f) j       pc + 0x10
core   0: 3 0x80000748 (0x0100006f)
core   0: 0x80000758 (0x0000205b) join    v0, v0, pc + 0
core   0: 3 0x80000758 (0x0000205b) current mask:	ffffffff current npc:	80000740 stack size: 0
core   0: 0x8000075c (0xffc12083) lw      x1, -4(x2)
core   0: 3 0x8000075c (0xffc12083) x1  0x80000110 mem 0x70000028
core   0: 0x80000760 (0xffc10113) addi    x2, x2, -4
core   0: 3 0x80000760 (0xffc10113) x2  0x70000028
core   0: 0x80000764 (0x00008067) ret
core   0: 3 0x80000764 (0x00008067)
core   0: 0x80000110 (0xff812383) lw      x7, -8(x2)
core   0: 3 0x80000110 (0xff812383) x7  0x00000010 mem 0x70000020
core   0: 0x80000114 (0xffc12283) lw      x5, -4(x2)
core   0: 3 0x80000114 (0xffc12283) x5  0x00000010 mem 0x70000024
core   0: 0x80000118 (0x025382b3) mul     x5, x7, x5
core   0: 3 0x80000118 (0x025382b3) x5  0x00000100
core   0: 0x8000011c (0x5e02c0d7) vmv.v.x v1, x5
core   0: 3 0x8000011c (0x5e02c0d7) c8_vstart 0x00000000 e32 m1 l32 v1  ffffffff 0x00000100 00000100 00000100 00000100 00000100 00000100 00000100 00000100 00000100 00000100 00000100 00000100 00000100 00000100 00000100 00000100 00000100 00000100 00000100 00000100 00000100 00000100 00000100 00000100 00000100 00000100 00000100 00000100 00000100 00000100 00000100 00000100 
core   0: 0x80000120 (0x00000317) auipc   x6, 0x0
core   0: 3 0x80000120 (0x00000317) x6  0x80000120
core   0: 0x80000124 (0x0d03305b) setrpc  x0, x6, 208
core   0: 3 0x80000124 (0x0d03305b) c2060_rpc 0x800001f0 current mask:	ffffffff current npc:	80000740 stack size: 0
core   0: 0x80000128 (0x0c00d45b) vbge    v0, v1, pc + 200
core   0: 3 0x80000128 (0x0c00d45b) c8_vstart 0x00000000 e32 m1 l32 current mask:	ffffffff current npc:	8000012c stack size: 0
core   0: 0x8000012c (0x0040006f) j       pc + 0x4
core   0: 3 0x8000012c (0x0040006f)
core   0: 0x80000130 (0x5e0041d7) vmv.v.x v3, x0
core   0: 3 0x80000130 (0x5e0041d7) c8_vstart 0x00000000 e32 m1 l32 v3  ffffffff 0x00000000 00000000 00000000 00000000 00000000 00000000 00000000 00000000 00000000 00000000 00000000 00000000 00000000 00000000 00000000 00000000 00000000 00000000 00000000 00000000 00000000 00000000 00000000 00000000 00000000 00000000 00000000 00000000 00000000 00000000 00000000 00000000 
core   0: 0x80000134 (0x5e03c157) vmv.v.x v2, x7
core   0: 3 0x80000134 (0x5e03c157) c8_vstart 0x00000000 e32 m1 l32 v2  ffffffff 0x00000010 00000010 00000010 00000010 00000010 00000010 00000010 00000010 00000010 00000010 00000010 00000010 00000010 00000010 00000010 00000010 00000010 00000010 00000010 00000010 00000010 00000010 00000010 00000010 00000010 00000010 00000010 00000010 00000010 00000010 00000010 00000010 
core   0: 0x80000138 (0x8603e0d7) vdiv.vx v1, v0, x7
core   0: 3 0x80000138 (0x8603e0d7) c8_vstart 0x00000000 e32 m1 l32 v1  ffffffff 0x00000001 00000001 00000001 00000001 00000001 00000001 00000001 00000001 00000001 00000001 00000001 00000001 00000001 00000001 00000001 00000001 00000000 00000000 00000000 00000000 00000000 00000000 00000000 00000000 00000000 00000000 00000000 00000000 00000000 00000000 00000000 00000000 
core   0: 0x8000013c (0x02104257) vadd.vx v4, v1, x0
core   0: 3 0x8000013c (0x02104257) c8_vstart 0x00000000 e32 m1 l32 v4  ffffffff 0x00000001 00000001 00000001 00000001 00000001 00000001 00000001 00000001 00000001 00000001 00000001 00000001 00000001 00000001 00000001 00000001 00000000 00000000 00000000 00000000 00000000 00000000 00000000 00000000 00000000 00000000 00000000 00000000 00000000 00000000 00000000 00000000 
core   0: 0x80000140 (0x961132d7) vsll.vi v5, v1, 2
core   0: 3 0x80000140 (0x961132d7) c8_vstart 0x00000000 e32 m1 l32 v5  ffffffff 0x00000004 00000004 00000004 00000004 00000004 00000004 00000004 00000004 00000004 00000004 00000004 00000004 00000004 00000004 00000004 00000004 00000000 00000000 00000000 00000000 00000000 00000000 00000000 00000000 00000000 00000000 00000000 00000000 00000000 00000000 00000000 00000000 
core   0: 0x80000144 (0xfe012283) lw      x5, -32(x2)
core   0: 3 0x80000144 (0xfe012283) x5  0x90001000 mem 0x70000008
core   0: 0x80000148 (0x0252c357) vadd.vx v6, v5, x5
core   0: 3 0x80000148 (0x0252c357) c8_vstart 0x00000000 e32 m1 l32 v6  ffffffff 0x90001004 90001004 90001004 90001004 90001004 90001004 90001004 90001004 90001004 90001004 90001004 90001004 90001004 90001004 90001004 90001004 90001000 90001000 90001000 90001000 90001000 90001000 90001000 90001000 90001000 90001000 90001000 90001000 90001000 90001000 90001000 90001000 
core   0: 0x8000014c (0x0003237b) vlw12.v v6, v6, 0
core   0: 3 0x8000014c (0x0003237b) e32 m1 l32 v6  ffffffff 0x00000001 00000001 00000001 00000001 00000001 00000001 00000001 00000001 00000001 00000001 00000001 00000001 00000001 00000001 00000001 00000001 00000000 00000000 00000000 00000000 00000000 00000000 00000000 00000000 00000000 00000000 00000000 00000000 00000000 00000000 00000000 00000000  c8_vstart 0x00000000 mem 0x90001000 mem 0x90001000 mem 0x90001000 mem 0x90001000 mem 0x90001000 mem 0x90001000 mem 0x90001000 mem 0x90001000 mem 0x90001000 mem 0x90001000 mem 0x90001000 mem 0x90001000 mem 0x90001000 mem 0x90001000 mem 0x90001000 mem 0x90001000 mem 0x90001004 mem 0x90001004 mem 0x90001004 mem 0x90001004 mem 0x90001004 mem 0x90001004 mem 0x90001004 mem 0x90001004 mem 0x90001004 mem 0x90001004 mem 0x90001004 mem 0x90001004 mem 0x90001004 mem 0x90001004 mem 0x90001004 mem 0x90001004
core   0: 0x80000150 (0xae012257) vnmsub.vv v4, v0, v2
core   0: 3 0x80000150 (0xae012257) c8_vstart 0x00000000 e32 m1 l32 v4  ffffffff 0x0000000f 0000000e 0000000d 0000000c 0000000b 0000000a 00000009 00000008 00000007 00000006 00000005 00000004 00000003 00000002 00000001 00000000 0000000f 0000000e 0000000d 0000000c 0000000b 0000000a 00000009 00000008 00000007 00000006 00000005 00000004 00000003 00000002 00000001 00000000 
core   0: 0x80000154 (0x96613157) vsll.vi v2, v6, 2
core   0: 3 0x80000154 (0x96613157) c8_vstart 0x00000000 e32 m1 l32 v2  ffffffff 0x00000004 00000004 00000004 00000004 00000004 00000004 00000004 00000004 00000004 00000004 00000004 00000004 00000004 00000004 00000004 00000004 00000000 00000000 00000000 00000000 00000000 00000000 00000000 00000000 00000000 00000000 00000000 00000000 00000000 00000000 00000000 00000000 
core   0: 0x80000158 (0xfe812283) lw      x5, -24(x2)
core   0: 3 0x80000158 (0xfe812283) x5  0x90003000 mem 0x70000010
core   0: 0x8000015c (0x0222c157) vadd.vx v2, v2, x5
core   0: 3 0x8000015c (0x0222c157) c8_vstart 0x00000000 e32 m1 l32 v2  ffffffff 0x90003004 90003004 90003004 90003004 90003004 90003004 90003004 90003004 90003004 90003004 90003004 90003004 90003004 90003004 90003004 90003004 90003000 90003000 90003000 90003000 90003000 90003000 90003000 90003000 90003000 90003000 90003000 90003000 90003000 90003000 90003000 90003000 
core   0: 0x80000160 (0x0001217b) vlw12.v v2, v2, 0
core   0: 3 0x80000160 (0x0001217b) e32 m1 l32 v2  ffffffff 0x00000010 00000010 00000010 00000010 00000010 00000010 00000010 00000010 00000010 00000010 00000010 00000010 00000010 00000010 00000010 00000010 00000000 00000000 00000000 00000000 00000000 00000000 00000000 00000000 00000000 00000000 00000000 00000000 00000000 00000000 00000000 00000000  c8_vstart 0x00000000 mem 0x90003000 mem 0x90003000 mem 0x90003000 mem 0x90003000 mem 0x90003000 mem 0x90003000 mem 0x90003000 mem 0x90003000 mem 0x90003000 mem 0x90003000 mem 0x90003000 mem 0x90003000 mem 0x90003000 mem 0x90003000 mem 0x90003000 mem 0x90003000 mem 0x90003004 mem 0x90003004 mem 0x90003004 mem 0x90003004 mem 0x90003004 mem 0x90003004 mem 0x90003004 mem 0x90003004 mem 0x90003004 mem 0x90003004 mem 0x90003004 mem 0x90003004 mem 0x90003004 mem 0x90003004 mem 0x90003004 mem 0x90003004
core   0: 0x80000164 (0xfe412303) lw      x6, -28(x2)
core   0: 3 0x80000164 (0xfe412303) x6  0x90002000 mem 0x7000000c
core   0: 0x80000168 (0x025342d7) vadd.vx v5, v5, x6
core   0: 3 0x80000168 (0x025342d7) c8_vstart 0x00000000 e32 m1 l32 v5  ffffffff 0x90002004 90002004 90002004 90002004 90002004 90002004 90002004 90002004 90002004 90002004 90002004 90002004 90002004 90002004 90002004 90002004 90002000 90002000 90002000 90002000 90002000 90002000 90002000 90002000 90002000 90002000 90002000 90002000 90002000 90002000 90002000 90002000 
core   0: 0x8000016c (0x0002a2fb) vlw12.v v5, v5, 0
core   0: 3 0x8000016c (0x0002a2fb) e32 m1 l32 v5  ffffffff 0x00000000 00000000 00000000 00000000 00000000 00000000 00000000 00000000 00000000 00000000 00000000 00000000 00000000 00000000 00000000 00000000 00000000 00000000 00000000 00000000 00000000 00000000 00000000 00000000 00000000 00000000 00000000 00000000 00000000 00000000 00000000 00000000  c8_vstart 0x00000000 mem 0x90002000 mem 0x90002000 mem 0x90002000 mem 0x90002000 mem 0x90002000 mem 0x90002000 mem 0x90002000 mem 0x90002000 mem 0x90002000 mem 0x90002000 mem 0x90002000 mem 0x90002000 mem 0x90002000 mem 0x90002000 mem 0x90002000 mem 0x90002000 mem 0x90002004 mem 0x90002004 mem 0x90002004 mem 0x90002004 mem 0x90002004 mem 0x90002004 mem 0x90002004 mem 0x90002004 mem 0x90002004 mem 0x90002004 mem 0x90002004 mem 0x90002004 mem 0x90002004 mem 0x90002004 mem 0x90002004 mem 0x90002004
core   0: 0x80000170 (0x02510157) vadd.vv v2, v5, v2
core   0: 3 0x80000170 (0x02510157) c8_vstart 0x00000000 e32 m1 l32 v2  ffffffff 0x00000010 00000010 00000010 00000010 00000010 00000010 00000010 00000010 00000010 00000010 00000010 00000010 00000010 00000010 00000010 00000010 00000000 00000000 00000000 00000000 00000000 00000000 00000000 00000000 00000000 00000000 00000000 00000000 00000000 00000000 00000000 00000000 
core   0: 0x80000174 (0xa22232d7) vsrl.vi v5, v2, 4
core   0: 3 0x80000174 (0xa22232d7) c8_vstart 0x00000000 e32 m1 l32 v5  ffffffff 0x00000001 00000001 00000001 00000001 00000001 00000001 00000001 00000001 00000001 00000001 00000001 00000001 00000001 00000001 00000001 00000001 00000000 00000000 00000000 00000000 00000000 00000000 00000000 00000000 00000000 00000000 00000000 00000000 00000000 00000000 00000000 00000000 
core   0: 0x80000178 (0xa241b357) vsrl.vi v6, v4, 3
core   0: 3 0x80000178 (0xa241b357) c8_vstart 0x00000000 e32 m1 l32 v6  ffffffff 0x00000001 00000001 00000001 00000001 00000001 00000001 00000001 00000001 00000000 00000000 00000000 00000000 00000000 00000000 00000000 00000000 00000001 00000001 00000001 00000001 00000001 00000001 00000001 00000001 00000000 00000000 00000000 00000000 00000000 00000000 00000000 00000000 
core   0: 0x8000017c (0x2643b3d7) vand.vi v7, v4, 7
core   0: 3 0x8000017c (0x2643b3d7) c8_vstart 0x00000000 e32 m1 l32 v7  ffffffff 0x00000007 00000006 00000005 00000004 00000003 00000002 00000001 00000000 00000007 00000006 00000005 00000004 00000003 00000002 00000001 00000000 00000007 00000006 00000005 00000004 00000003 00000002 00000001 00000000 00000007 00000006 00000005 00000004 00000003 00000002 00000001 00000000 
core   0: 0x80000180 (0x9621b457) vsll.vi v8, v2, 3
core   0: 3 0x80000180 (0x9621b457) c8_vstart 0x00000000 e32 m1 l32 v8  ffffffff 0x00000080 00000080 00000080 00000080 00000080 00000080 00000080 00000080 00000080 00000080 00000080 00000080 00000080 00000080 00000080 00000080 00000000 00000000 00000000 00000000 00000000 00000000 00000000 00000000 00000000 00000000 00000000 00000000 00000000 00000000 00000000 00000000 
core   0: 0x80000184 (0xa22134d7) vsrl.vi v9, v2, 2
core   0: 3 0x80000184 (0xa22134d7) c8_vstart 0x00000000 e32 m1 l32 v9  ffffffff 0x00000004 00000004 00000004 00000004 00000004 00000004 00000004 00000004 00000004 00000004 00000004 00000004 00000004 00000004 00000004 00000004 00000000 00000000 00000000 00000000 00000000 00000000 00000000 00000000 00000000 00000000 00000000 00000000 00000000 00000000 00000000 00000000 
core   0: 0x80000188 (0x2691b4d7) vand.vi v9, v9, 3
core   0: 3 0x80000188 (0x2691b4d7) c8_vstart 0x00000000 e32 m1 l32 v9  ffffffff 0x00000000 00000000 00000000 00000000 00000000 00000000 00000000 00000000 00000000 00000000 00000000 00000000 00000000 00000000 00000000 00000000 00000000 00000000 00000000 00000000 00000000 00000000 00000000 00000000 00000000 00000000 00000000 00000000 00000000 00000000 00000000 00000000 
core   0: 0x8000018c (0x0000300b) regexti x0, x0,  0 0 0 
core   0: 3 0x8000018c (0x0000300b)
core   0: 0x80000190 (0x268c3457) vand.vi v8, v8, -8
core   0: 3 0x80000190 (0x268c3457) c8_vstart 0x00000000 e32 m1 l32 v8  ffffffff 0x00000000 00000000 00000000 00000000 00000000 00000000 00000000 00000000 00000000 00000000 00000000 00000000 00000000 00000000 00000000 00000000 00000000 00000000 00000000 00000000 00000000 00000000 00000000 00000000 00000000 00000000 00000000 00000000 00000000 00000000 00000000 00000000 
core   0: 0x80000194 (0x2a8383d7) vor.vv  v7, v8, v7
core   0: 3 0x80000194 (0x2a8383d7) c8_vstart 0x00000000 e32 m1 l32 v7  ffffffff 0x00000007 00000006 00000005 00000004 00000003 00000002 00000001 00000000 00000007 00000006 00000005 00000004 00000003 00000002 00000001 00000000 00000007 00000006 00000005 00000004 00000003 00000002 00000001 00000000 00000007 00000006 00000005 00000004 00000003 00000002 00000001 00000000 
core   0: 0x80000198 (0xff012283) lw      x5, -16(x2)
core   0: 3 0x80000198 (0xff012283) x5  0x00000002 mem 0x70000018
core   0: 0x8000019c (0xa662e2d7) vmadd.vx v5, v6, x5
core   0: 3 0x8000019c (0xa662e2d7) c8_vstart 0x00000000 e32 m1 l32 v5  ffffffff 0x00000003 00000003 00000003 00000003 00000003 00000003 00000003 00000003 00000002 00000002 00000002 00000002 00000002 00000002 00000002 00000002 00000001 00000001 00000001 00000001 00000001 00000001 00000001 00000001 00000000 00000000 00000000 00000000 00000000 00000000 00000000 00000000 
core   0: 0x800001a0 (0x9653b2d7) vsll.vi v5, v5, 7
core   0: 3 0x800001a0 (0x9653b2d7) c8_vstart 0x00000000 e32 m1 l32 v5  ffffffff 0x00000180 00000180 00000180 00000180 00000180 00000180 00000180 00000180 00000100 00000100 00000100 00000100 00000100 00000100 00000100 00000100 00000080 00000080 00000080 00000080 00000080 00000080 00000080 00000080 00000000 00000000 00000000 00000000 00000000 00000000 00000000 00000000 
core   0: 0x800001a4 (0x96713357) vsll.vi v6, v7, 2
core   0: 3 0x800001a4 (0x96713357) c8_vstart 0x00000000 e32 m1 l32 v6  ffffffff 0x0000001c 00000018 00000014 00000010 0000000c 00000008 00000004 00000000 0000001c 00000018 00000014 00000010 0000000c 00000008 00000004 00000000 0000001c 00000018 00000014 00000010 0000000c 00000008 00000004 00000000 0000001c 00000018 00000014 00000010 0000000c 00000008 00000004 00000000 
core   0: 0x800001a8 (0x2a5302d7) vor.vv  v5, v5, v6
core   0: 3 0x800001a8 (0x2a5302d7) c8_vstart 0x00000000 e32 m1 l32 v5  ffffffff 0x0000019c 00000198 00000194 00000190 0000018c 00000188 00000184 00000180 0000011c 00000118 00000114 00000110 0000010c 00000108 00000104 00000100 0000009c 00000098 00000094 00000090 0000008c 00000088 00000084 00000080 0000001c 00000018 00000014 00000010 0000000c 00000008 00000004 00000000 
core   0: 0x800001ac (0x96013057) vsll.vi v0, v0, 2
core   0: 3 0x800001ac (0x96013057) c8_vstart 0x00000000 e32 m1 l32 v0  ffffffff 0x0000007c 00000078 00000074 00000070 0000006c 00000068 00000064 00000060 0000005c 00000058 00000054 00000050 0000004c 00000048 00000044 00000040 0000003c 00000038 00000034 00000030 0000002c 00000028 00000024 00000020 0000001c 00000018 00000014 00000010 0000000c 00000008 00000004 00000000 
core   0: 0x800001b0 (0xfec12283) lw      x5, -20(x2)
core   0: 3 0x800001b0 (0xfec12283) x5  0x90000000 mem 0x70000014
core   0: 0x800001b4 (0x0202c057) vadd.vx v0, v0, x5
core   0: 3 0x800001b4 (0x0202c057) c8_vstart 0x00000000 e32 m1 l32 v0  ffffffff 0x9000007c 90000078 90000074 90000070 9000006c 90000068 90000064 90000060 9000005c 90000058 90000054 90000050 9000004c 90000048 90000044 90000040 9000003c 90000038 90000034 90000030 9000002c 90000028 90000024 90000020 9000001c 90000018 90000014 90000010 9000000c 90000008 90000004 90000000 
core   0: 0x800001b8 (0x0000207b) vlw12.v v0, v0, 0
core   0: 3 0x800001b8 (0x0000207b) e32 m1 l32 v0  ffffffff 0x2ebc2d7e afc8a995 30edaed6 ada12e88 ac0c2f7d b099b08a 2f9eaecd 3341aa87 b0dbb1af 0b773161 2deeb336 2fcb9dd0 b1a4abfb 325fa595 2cebaaf2 a81d31a6 304c2951 26482e60 32a3aa45 30ff3203 33afb1a6 22ec2d81 2cc630c3 33072cef 21deb213 b1cbb3fc 9ce8b092 b1cfb115 afb3ab77 2f9a1e2b a84bac8b 3222ad30  c8_vstart 0x00000000 mem 0x90000000 mem 0x90000004 mem 0x90000008 mem 0x9000000c mem 0x90000010 mem 0x90000014 mem 0x90000018 mem 0x9000001c mem 0x90000020 mem 0x90000024 mem 0x90000028 mem 0x9000002c mem 0x90000030 mem 0x90000034 mem 0x90000038 mem 0x9000003c mem 0x90000040 mem 0x90000044 mem 0x90000048 mem 0x9000004c mem 0x90000050 mem 0x90000054 mem 0x90000058 mem 0x9000005c mem 0x90000060 mem 0x90000064 mem 0x90000068 mem 0x9000006c mem 0x90000070 mem 0x90000074 mem 0x90000078 mem 0x9000007c
core   0: 0x800001bc (0x2a5482d7) vor.vv  v5, v5, v9
core   0: 3 0x800001bc (0x2a5482d7) c8_vstart 0x00000000 e32 m1 l32 v5  ffffffff 0x0000019c 00000198 00000194 00000190 0000018c 00000188 00000184 00000180 0000011c 00000118 00000114 00000110 0000010c 00000108 00000104 00000100 0000009c 00000098 00000094 00000090 0000008c 00000088 00000084 00000080 0000001c 00000018 00000014 00000010 0000000c 00000008 00000004 00000000 
core   0: 0x800001c0 (0x965132d7) vsll.vi v5, v5, 2
core   0: 3 0x800001c0 (0x965132d7) c8_vstart 0x00000000 e32 m1 l32 v5  ffffffff 0x00000670 00000660 00000650 00000640 00000630 00000620 00000610 00000600 00000470 00000460 00000450 00000440 00000430 00000420 00000410 00000400 00000270 00000260 00000250 00000240 00000230 00000220 00000210 00000200 00000070 00000060 00000050 00000040 00000030 00000020 00000010 00000000 
core   0: 0x800001c4 (0xff412283) lw      x5, -12(x2)
core   0: 3 0x800001c4 (0xff412283) x5  0x90004000 mem 0x7000001c
core   0: 0x800001c8 (0x0252c2d7) vadd.vx v5, v5, x5
core   0: 3 0x800001c8 (0x0252c2d7) c8_vstart 0x00000000 e32 m1 l32 v5  ffffffff 0x90004670 90004660 90004650 90004640 90004630 90004620 90004610 90004600 90004470 90004460 90004450 90004440 90004430 90004420 90004410 90004400 90004270 90004260 90004250 90004240 90004230 90004220 90004210 90004200 90004070 90004060 90004050 90004040 90004030 90004020 90004010 90004000 
core   0: 0x800001cc (0x0002e07b) vsw12.v v0, v5, 0
core   0: 3 0x800001cc (0x0002e07b) c8_vstart 0x00000000 e32 m1 l32 mem 0x90004000 0x3222ad30 mem 0x90004010 0xa84bac8b mem 0x90004020 0x2f9a1e2b mem 0x90004030 0xafb3ab77 mem 0x90004040 0xb1cfb115 mem 0x90004050 0x9ce8b092 mem 0x90004060 0xb1cbb3fc mem 0x90004070 0x21deb213 mem 0x90004200 0x33072cef mem 0x90004210 0x2cc630c3 mem 0x90004220 0x22ec2d81 mem 0x90004230 0x33afb1a6 mem 0x90004240 0x30ff3203 mem 0x90004250 0x32a3aa45 mem 0x90004260 0x26482e60 mem 0x90004270 0x304c2951 mem 0x90004400 0xa81d31a6 mem 0x90004410 0x2cebaaf2 mem 0x90004420 0x325fa595 mem 0x90004430 0xb1a4abfb mem 0x90004440 0x2fcb9dd0 mem 0x90004450 0x2deeb336 mem 0x90004460 0x0b773161 mem 0x90004470 0xb0dbb1af mem 0x90004600 0x3341aa87 mem 0x90004610 0x2f9eaecd mem 0x90004620 0xb099b08a mem 0x90004630 0xac0c2f7d mem 0x90004640 0xada12e88 mem 0x90004650 0x30edaed6 mem 0x90004660 0xafc8a995 mem 0x90004670 0x2ebc2d7e
core   0: 0x800001d0 (0x00000317) auipc   x6, 0x0
core   0: 3 0x800001d0 (0x00000317) x6  0x800001d0
core   0: 0x800001d4 (0x0203305b) setrpc  x0, x6, 32
core   0: 3 0x800001d4 (0x0203305b) c2060_rpc 0x800001f0 current mask:	ffffffff current npc:	8000012c stack size: 0
core   0: 0x800001d8 (0x00419c5b) vbne    v4, v3, pc + 24
core   0: 3 0x800001d8 (0x00419c5b) c8_vstart 0x00000000 e32 m1 l32 current mask:	00010001 current npc:	800001dc stack size: 2
[r_pc] 800001f0 [else_pc] 800001f0 [else_mask] fffefffe 
[r_pc] 800001f0 [else_pc] 800001f0 [else_mask] ffffffff 
core   0: 0x800001dc (0x0040006f) j       pc + 0x4
core   0: 3 0x800001dc (0x0040006f)
core   0: 0x800001e0 (0x96213057) vsll.vi v0, v2, 2
core   0: 3 0x800001e0 (0x96213057) c8_vstart 0x00000000 e32 m1 l32 v0  00010001 0x2ebc2d7e afc8a995 30edaed6 ada12e88 ac0c2f7d b099b08a 2f9eaecd 3341aa87 b0dbb1af 0b773161 2deeb336 2fcb9dd0 b1a4abfb 325fa595 2cebaaf2 00000040 304c2951 26482e60 32a3aa45 30ff3203 33afb1a6 22ec2d81 2cc630c3 33072cef 21deb213 b1cbb3fc 9ce8b092 b1cfb115 afb3ab77 2f9a1e2b a84bac8b 00000000 
core   0: 0x800001e4 (0xfdc12283) lw      x5, -36(x2)
core   0: 3 0x800001e4 (0xfdc12283) x5  0x90005000 mem 0x70000004
core   0: 0x800001e8 (0x0202c057) vadd.vx v0, v0, x5
core   0: 3 0x800001e8 (0x0202c057) c8_vstart 0x00000000 e32 m1 l32 v0  00010001 0x2ebc2d7e afc8a995 30edaed6 ada12e88 ac0c2f7d b099b08a 2f9eaecd 3341aa87 b0dbb1af 0b773161 2deeb336 2fcb9dd0 b1a4abfb 325fa595 2cebaaf2 90005040 304c2951 26482e60 32a3aa45 30ff3203 33afb1a6 22ec2d81 2cc630c3 33072cef 21deb213 b1cbb3fc 9ce8b092 b1cfb115 afb3ab77 2f9a1e2b a84bac8b 90005000 
core   0: 0x800001ec (0x0010607b) vsw12.v v1, v0, 0
core   0: 3 0x800001ec (0x0010607b) c8_vstart 0x00000000 e32 m1 l32 mem 0x90005000 0x00000000 mem 0x90005040 0x00000001
core   0: 0x800001f0 (0x0000205b) join    v0, v0, pc + 0
core   0: 3 0x800001f0 (0x0000205b) current mask:	fffefffe current npc:	800001f0 stack size: 1
[r_pc] 800001f0 [else_pc] 800001f0 [else_mask] ffffffff 
core   0: 3 0x800001f0 (0x0000205b) current mask:	ffffffff current npc:	800001f0 stack size: 0
core   0: 3 0x800001f0 (0x0000205b) current mask:	ffcore   0: 0x00001000 (0x00000297) auipc   x5, 0x0
core   0: 3 0x00001000 (0x00000297) x5  0x00001000
core   0: 0x00001004 (0x02028593) addi    x11, x5, 32
core   0: 3 0x00001004 (0x02028593) x11 0x00001020
core   0: 0x00001008 (0xf1402573) csrr    x10, mhartid
core   0: 3 0x00001008 (0xf1402573) x10 0x00000000
core   0: 0x0000100c (0x0182a283) lw      x5, 24(x5)
core   0: 3 0x0000100c (0x0182a283) x5  0x80000000 mem 0x00001018
core   0: 0x00001010 (0x00028067) jr      x5
core   0: 3 0x00001010 (0x00028067)
core   0: 0x80000000 (0x00004197) auipc   x3, 0x4
core   0: 3 0x80000000 (0x00004197) x3  0x80004000
core   0: 0x80000004 (0x80818193) addi    x3, x3, -2040
core   0: 3 0x80000004 (0x80818193) x3  0x80003808
core   0: 0x80000008 (0x02000e93) li      x29, 32
core   0: 3 0x80000008 (0x02000e93) x29 0x00000020
core   0: 0x8000000c (0x0d0efed7) vsetvli x29, x29, e32, m1, ta, ma
core   0: 3 0x8000000c (0x0d0efed7) x29 0x00000020 c8_vstart 0x00000000 c3104_vl 0x00000020 c3105_vtype 0x000000d0 c768_mstatus 0x80000600
core   0: 0x80000010 (0x00002eb7) lui     x29, 0x2
core   0: 3 0x80000010 (0x00002eb7) x29 0x00002000
core   0: 0x80000014 (0x300eaef3) csrrs   x29, mstatus, x29
core   0: 3 0x80000014 (0x300eaef3) x29 0x80000600 c768_mstatus 0x80006600
core   0: 0x80000018 (0x00000e93) li      x29, 0
core   0: 3 0x80000018 (0x00000e93) x29 0x00000000
core   0: 0x8000001c (0x80502373) csrr    x6, wid
core   0: 3 0x8000001c (0x80502373) x6  0x00000000
core   0: 0x80000020 (0x806023f3) csrr    x7, lds
core   0: 3 0x80000020 (0x806023f3) x7  0x70000000
core   0: 0x80000024 (0x40000e13) li      x28, 1024
core   0: 3 0x80000024 (0x40000e13) x28 0x00000400
core   0: 0x80000028 (0x03c30333) mul     x6, x6, x28
core   0: 3 0x80000028 (0x03c30333) x6  0x00000000
core   0: 0x8000002c (0x00730133) add     x2, x6, x7
core   0: 3 0x8000002c (0x00730133) x2  0x70000000
core   0: 0x80000030 (0x00000213) li      x4, 0
core   0: 3 0x80000030 (0x00000213) x4  0x00000000
core   0: 0x80000034 (0x80102f73) csrr    x30, numw
core   0: 3 0x80000034 (0x80102f73) x30 0x00000001
core   0: 0x80000038 (0x40000e13) li      x28, 1024
core   0: 3 0x80000038 (0x40000e13) x28 0x00000400
core   0: 0x8000003c (0x03cf0f33) mul     x30, x30, x28
core   0: 3 0x8000003c (0x03cf0f33) x30 0x00000400
core   0: 0x80000040 (0x01e38433) add     x8, x7, x30
core   0: 3 0x80000040 (0x01e38433) x8  0x70000400
core   0: 0x80000044 (0x00003517) auipc   x10, 0x3
core   0: 3 0x80000044 (0x00003517) x10 0x80003044
core   0: 0x80000048 (0xfc450513) addi    x10, x10, -60
core   0: 3 0x80000048 (0xfc450513) x10 0x80003008
core   0: 0x8000004c (0x00003617) auipc   x12, 0x3
core   0: 3 0x8000004c (0x00003617) x12 0x8000304c
core   0: 0x80000050 (0xfbc60613) addi    x12, x12, -68
core   0: 3 0x80000050 (0xfbc60613) x12 0x80003008
core   0: 0x80000054 (0x00c50863) beq     x10, x12, pc + 16
core   0: 3 0x80000054 (0x00c50863)
core   0: 0x80000064 (0x803022f3) csrr    x5, knl
core   0: 3 0x80000064 (0x803022f3) x5  0x90107000
core   0: 0x80000068 (0x0002a303) lw      x6, 0(x5)
core   0: 3 0x80000068 (0x0002a303) x6  0x800000b8 mem 0x90107000
core   0: 0x8000006c (0x0042a503) lw      x10, 4(x5)
core   0: 3 0x8000006c (0x0042a503) x10 0x90006000 mem 0x90107004
core   0: 0x80000070 (0x0302a383) lw      x7, 48(x5)
core   0: 3 0x80000070 (0x0302a383) x7  0x00000000 mem 0x90107030
core   0: 0x80000074 (0x0342ae03) lw      x28, 52(x5)
core   0: 3 0x80000074 (0x0342ae03) x28 0x00000000 mem 0x90107034
core   0: 0x80000078 (0x00003e97) auipc   x29, 0x3
core   0: 3 0x80000078 (0x00003e97) x29 0x80003078
core   0: 0x8000007c (0xf88e8e93) addi    x29, x29, -120
core   0: 3 0x8000007c (0xf88e8e93) x29 0x80003000
core   0: 0x80000080 (0x00003f17) auipc   x30, 0x3
core   0: 3 0x80000080 (0x00003f17) x30 0x80003080
core   0: 0x80000084 (0xf84f0f13) addi    x30, x30, -124
core   0: 3 0x80000084 (0xf84f0f13) x30 0x80003004
core   0: 0x80000088 (0x007ea023) sw      x7, 0(x29)
core   0: 3 0x80000088 (0x007ea023) mem 0x80003000 0x00000000
core   0: 0x8000008c (0x01cf2023) sw      x28, 0(x30)
core   0: 3 0x8000008c (0x01cf2023) mem 0x80003004 0x00000000
core   0: 0x80000090 (0x00000f97) auipc   x31, 0x0
core   0: 3 0x80000090 (0x00000f97) x31 0x80000090
core   0: 0x80000094 (0x018f8f93) addi    x31, x31, 24
core   0: 3 0x80000094 (0x018f8f93) x31 0x800000a8
core   0: 0x80000098 (0x305f9073) csrw    mtvec, x31
core   0: 3 0x80000098 (0x305f9073) c773_mtvec 0x800000a8
core   0: 0x8000009c (0x000300e7) jalr    x6
core   0: 3 0x8000009c (0x000300e7) x1  0x800000a0
core   0: 0x800000b8 (0x02810113) addi    x2, x2, 40
core   0: 3 0x800000b8 (0x02810113) x2  0x70000028
core   0: 0x800000bc (0xfc112c23) sw      x1, -40(x2)
core   0: 3 0x800000bc (0xfc112c23) mem 0x70000000 0x800000a0
core   0: 0x800000c0 (0x02052283) lw      x5, 32(x10)
core   0: 3 0x800000c0 (0x02052283) x5  0x90005000 mem 0x90006020
core   0: 0x800000c4 (0xfc512e23) sw      x5, -36(x2)
core   0: 3 0x800000c4 (0xfc512e23) mem 0x70000004 0x90005000
core   0: 0x800000c8 (0x01c52283) lw      x5, 28(x10)
core   0: 3 0x800000c8 (0x01c52283) x5  0x90004000 mem 0x9000601c
core   0: 0x800000cc (0xfe512a23) sw      x5, -12(x2)
core   0: 3 0x800000cc (0xfe512a23) mem 0x7000001c 0x90004000
core   0: 0x800000d0 (0x01852283) lw      x5, 24(x10)
core   0: 3 0x800000d0 (0x01852283) x5  0x00000002 mem 0x90006018
core   0: 0x800000d4 (0xfe512823) sw      x5, -16(x2)
core   0: 3 0x800000d4 (0xfe512823) mem 0x70000018 0x00000002
core   0: 0x800000d8 (0x00c52283) lw      x5, 12(x10)
core   0: 3 0x800000d8 (0x00c52283) x5  0x90003000 mem 0x9000600c
core   0: 0x800000dc (0xfe512423) sw      x5, -24(x2)
core   0: 3 0x800000dc (0xfe512423) mem 0x70000010 0x90003000
core   0: 0x800000e0 (0x00852283) lw      x5, 8(x10)
core   0: 3 0x800000e0 (0x00852283) x5  0x90002000 mem 0x90006008
core   0: 0x800000e4 (0xfe512223) sw      x5, -28(x2)
core   0: 3 0x800000e4 (0xfe512223) mem 0x7000000c 0x90002000
core   0: 0x800000e8 (0x00452283) lw      x5, 4(x10)
core   0: 3 0x800000e8 (0x00452283) x5  0x90001000 mem 0x90006004
core   0: 0x800000ec (0xfe512023) sw      x5, -32(x2)
core   0: 3 0x800000ec (0xfe512023) mem 0x70000008 0x90001000
core   0: 0x800000f0 (0x00052283) lw      x5, 0(x10)
core   0: 3 0x800000f0 (0x00052283) x5  0x90000000 mem 0x90006000
core   0: 0x800000f4 (0xfe512623) sw      x5, -20(x2)
core   0: 3 0x800000f4 (0xfe512623) mem 0x70000014 0x90000000
core   0: 0x800000f8 (0x01452283) lw      x5, 20(x10)
core   0: 3 0x800000f8 (0x01452283) x5  0x00000010 mem 0x90006014
core   0: 0x800000fc (0xfe512c23) sw      x5, -8(x2)
core   0: 3 0x800000fc (0xfe512c23) mem 0x70000020 0x00000010
core   0: 0x80000100 (0x01052283) lw      x5, 16(x10)
core   0: 3 0x80000100 (0x01052283) x5  0x00000010 mem 0x90006010
core   0: 0x80000104 (0xfe512e23) sw      x5, -4(x2)
core   0: 3 0x80000104 (0xfe512e23) mem 0x70000024 0x00000010
core   0: 0x80000108 (0x5e004057) vmv.v.x v0, x0
core   0: 3 0x80000108 (0x5e004057) c8_vstart 0x00000000 e32 m1 l32 v0  ffffffff 0x00000000 00000000 00000000 00000000 00000000 00000000 00000000 00000000 00000000 00000000 00000000 00000000 00000000 00000000 00000000 00000000 00000000 00000000 00000000 00000000 00000000 00000000 00000000 00000000 00000000 00000000 00000000 00000000 00000000 00000000 00000000 00000000 
core   0: 0x8000010c (0x5e4000ef) jal     pc + 0x5e4
core   0: 3 0x8000010c (0x5e4000ef) x1  0x80000110
core   0: 0x800006f0 (0x00410113) addi    x2, x2, 4
core   0: 3 0x800006f0 (0x00410113) x2  0x7000002c
core   0: 0x800006f4 (0xfe112e23) sw      x1, -4(x2)
core   0: 3 0x800006f4 (0xfe112e23) mem 0x70000028 0x80000110
core   0: 0x800006f8 (0x020040d7) vadd.vx v1, v0, x0
core   0: 3 0x800006f8 (0x020040d7) c8_vstart 0x00000000 e32 m1 l32 v1  ffffffff 0x00000000 00000000 00000000 00000000 00000000 00000000 00000000 00000000 00000000 00000000 00000000 00000000 00000000 00000000 00000000 00000000 00000000 00000000 00000000 00000000 00000000 00000000 00000000 00000000 00000000 00000000 00000000 00000000 00000000 00000000 00000000 00000000 
core   0: 0x800006fc (0x00200293) li      x5, 2
core   0: 3 0x800006fc (0x00200293) x5  0x00000002
core   0: 0x80000700 (0x5e02c057) vmv.v.x v0, x5
core   0: 3 0x80000700 (0x5e02c057) c8_vstart 0x00000000 e32 m1 l32 v0  ffffffff 0x00000002 00000002 00000002 00000002 00000002 00000002 00000002 00000002 00000002 00000002 00000002 00000002 00000002 00000002 00000002 00000002 00000002 00000002 00000002 00000002 00000002 00000002 00000002 00000002 00000002 00000002 00000002 00000002 00000002 00000002 00000002 00000002 
core   0: 0x80000704 (0x00000317) auipc   x6, 0x0
core   0: 3 0x80000704 (0x00000317) x6  0x80000704
core   0: 0x80000708 (0x0543305b) setrpc  x0, x6, 84
core   0: 3 0x80000708 (0x0543305b) c2060_rpc 0x80000758 current mask:	ffffffff current npc:	00000000 stack size: 0
core   0: 0x8000070c (0x0410045b) vbeq    v1, v0, pc + 72
core   0: 3 0x8000070c (0x0410045b) c8_vstart 0x00000000 e32 m1 l32 current mask:	ffffffff current npc:	80000710 stack size: 0
core   0: 0x80000710 (0x0040006f) j       pc + 0x4
core   0: 3 0x80000710 (0x0040006f)
core   0: 0x80000714 (0x00100293) li      x5, 1
core   0: 3 0x80000714 (0x00100293) x5  0x00000001
core   0: 0x80000718 (0x5e02c057) vmv.v.x v0, x5
core   0: 3 0x80000718 (0x5e02c057) c8_vstart 0x00000000 e32 m1 l32 v0  ffffffff 0x00000001 00000001 00000001 00000001 00000001 00000001 00000001 00000001 00000001 00000001 00000001 00000001 00000001 00000001 00000001 00000001 00000001 00000001 00000001 00000001 00000001 00000001 00000001 00000001 00000001 00000001 00000001 00000001 00000001 00000001 00000001 00000001 
core   0: 0x8000071c (0x00000317) auipc   x6, 0x0
core   0: 3 0x8000071c (0x00000317) x6  0x8000071c
core   0: 0x80000720 (0x03c3305b) setrpc  x0, x6, 60
core   0: 3 0x80000720 (0x03c3305b) c2060_rpc 0x80000758 current mask:	ffffffff current npc:	80000710 stack size: 0
core   0: 0x80000724 (0x0210045b) vbeq    v1, v0, pc + 40
core   0: 3 0x80000724 (0x0210045b) c8_vstart 0x00000000 e32 m1 l32 current mask:	ffffffff current npc:	80000728 stack size: 0
core   0: 0x80000728 (0x0040006f) j       pc + 0x4
core   0: 3 0x80000728 (0x0040006f)
core   0: 0x8000072c (0x5e004157) vmv.v.x v2, x0
core   0: 3 0x8000072c (0x5e004157) c8_vstart 0x00000000 e32 m1 l32 v2  ffffffff 0x00000000 00000000 00000000 00000000 00000000 00000000 00000000 00000000 00000000 00000000 00000000 00000000 00000000 00000000 00000000 00000000 00000000 00000000 00000000 00000000 00000000 00000000 00000000 00000000 00000000 00000000 00000000 00000000 00000000 00000000 00000000 00000000 
core   0: 0x80000730 (0x5e004057) vmv.v.x v0, x0
core   0: 3 0x80000730 (0x5e004057) c8_vstart 0x00000000 e32 m1 l32 v0  ffffffff 0x00000000 00000000 00000000 00000000 00000000 00000000 00000000 00000000 00000000 00000000 00000000 00000000 00000000 00000000 00000000 00000000 00000000 00000000 00000000 00000000 00000000 00000000 00000000 00000000 00000000 00000000 00000000 00000000 00000000 00000000 00000000 00000000 
core   0: 0x80000734 (0x00000317) auipc   x6, 0x0
core   0: 3 0x80000734 (0x00000317) x6  0x80000734
core   0: 0x80000738 (0x0243305b) setrpc  x0, x6, 36
core   0: 3 0x80000738 (0x0243305b) c2060_rpc 0x80000758 current mask:	ffffffff current npc:	80000728 stack size: 0
core   0: 0x8000073c (0x00111e5b) vbne    v1, v2, pc + 28
core   0: 3 0x8000073c (0x00111e5b) c8_vstart 0x00000000 e32 m1 l32 current mask:	ffffffff current npc:	80000740 stack size: 0
core   0: 0x80000740 (0x0040006f) j       pc + 0x4
core   0: 3 0x80000740 (0x0040006f)
core   0: 0x80000744 (0x124000ef) jal     pc + 0x124
core   0: 3 0x80000744 (0x124000ef) x1  0x80000748
core   0: 0x80000868 (0x00410113) addi    x2, x2, 4
core   0: 3 0x80000868 (0x00410113) x2  0x70000030
core   0: 0x8000086c (0xfe112e23) sw      x1, -4(x2)
core   0: 3 0x8000086c (0xfe112e23) mem 0x7000002c 0x80000748
core   0: 0x80000870 (0xf1dff0ef) jal     pc - 0xe4
core   0: 3 0x80000870 (0xf1dff0ef) x1  0x80000874
core   0: 0x8000078c (0x00410113) addi    x2, x2, 4
core   0: 3 0x8000078c (0x00410113) x2  0x70000034
core   0: 0x80000790 (0xfe112e23) sw      x1, -4(x2)
core   0: 3 0x80000790 (0xfe112e23) mem 0x70000030 0x80000874
core   0: 0x80000794 (0x80302573) csrr    x10, knl
core   0: 3 0x80000794 (0x80302573) x10 0x90107000
core   0: 0x80000798 (0x00852283) lw      x5, 8(x10)
core   0: 3 0x80000798 (0x00852283) x5  0x00000001 mem 0x90107008
core   0: 0x8000079c (0x80002373) csrr    x6, tid
core   0: 3 0x8000079c (0x80002373) x6  0x00000000
core   0: 0x800007a0 (0x5208a157) vid.v   v2
core   0: 3 0x800007a0 (0x5208a157) c8_vstart 0x00000000 e32 m1 l32 v2  ffffffff 0x0000001f 0000001e 0000001d 0000001c 0000001b 0000001a 00000019 00000018 00000017 00000016 00000015 00000014 00000013 00000012 00000011 00000010 0000000f 0000000e 0000000d 0000000c 0000000b 0000000a 00000009 00000008 00000007 00000006 00000005 00000004 00000003 00000002 00000001 00000000 
core   0: 0x800007a4 (0x02234057) vadd.vx v0, v2, x6
core   0: 3 0x800007a4 (0x02234057) c8_vstart 0x00000000 e32 m1 l32 v0  ffffffff 0x0000001f 0000001e 0000001d 0000001c 0000001b 0000001a 00000019 00000018 00000017 00000016 00000015 00000014 00000013 00000012 00000011 00000010 0000000f 0000000e 0000000d 0000000c 0000000b 0000000a 00000009 00000008 00000007 00000006 00000005 00000004 00000003 00000002 00000001 00000000 
core   0: 0x800007a8 (0x01852e03) lw      x28, 24(x10)
core   0: 3 0x800007a8 (0x01852e03) x28 0x00000020 mem 0x90107018
core   0: 0x800007ac (0x8a0e6057) vremu.vx v0, v0, x28
core   0: 3 0x800007ac (0x8a0e6057) c8_vstart 0x00000000 e32 m1 l32 v0  ffffffff 0x0000001f 0000001e 0000001d 0000001c 0000001b 0000001a 00000019 00000018 00000017 00000016 00000015 00000014 00000013 00000012 00000011 00000010 0000000f 0000000e 0000000d 0000000c 0000000b 0000000a 00000009 00000008 00000007 00000006 00000005 00000004 00000003 00000002 00000001 00000000 
core   0: 0x800007b0 (0xffc12083) lw      x1, -4(x2)
core   0: 3 0x800007b0 (0xffc12083) x1  0x80000874 mem 0x70000030
core   0: 0x800007b4 (0xffc10113) addi    x2, x2, -4
core   0: 3 0x800007b4 (0xffc10113) x2  0x70000030
core   0: 0x800007b8 (0x00008067) ret
core   0: 3 0x800007b8 (0x00008067)
core   0: 0x80000874 (0x80302573) csrr    x10, knl
core   0: 3 0x80000874 (0x80302573) x10 0x90107000
core   0: 0x80000878 (0x80802373) csrr    x6, gidx
core   0: 3 0x80000878 (0x80802373) x6  0x00000001
core   0: 0x8000087c (0x01852e03) lw      x28, 24(x10)
core   0: 3 0x8000087c (0x01852e03) x28 0x00000020 mem 0x90107018
core   0: 0x80000880 (0x02452e83) lw      x29, 36(x10)
core   0: 3 0x80000880 (0x02452e83) x29 0x00000000 mem 0x90107024
core   0: 0x80000884 (0x03c30fb3) mul     x31, x6, x28
core   0: 3 0x80000884 (0x03c30fb3) x31 0x00000020
core   0: 0x80000888 (0x01df8fb3) add     x31, x31, x29
core   0: 3 0x80000888 (0x01df8fb3) x31 0x00000020
core   0: 0x8000088c (0x020fc057) vadd.vx v0, v0, x31
core   0: 3 0x8000088c (0x020fc057) c8_vstart 0x00000000 e32 m1 l32 v0  ffffffff 0x0000003f 0000003e 0000003d 0000003c 0000003b 0000003a 00000039 00000038 00000037 00000036 00000035 00000034 00000033 00000032 00000031 00000030 0000002f 0000002e 0000002d 0000002c 0000002b 0000002a 00000029 00000028 00000027 00000026 00000025 00000024 00000023 00000022 00000021 00000020 
core   0: 0x80000890 (0xffc12083) lw      x1, -4(x2)
core   0: 3 0x80000890 (0xffc12083) x1  0x80000748 mem 0x7000002c
core   0: 0x80000894 (0xffc10113) addi    x2, x2, -4
core   0: 3 0x80000894 (0xffc10113) x2  0x7000002c
core   0: 0x80000898 (0x00008067) ret
core   0: 3 0x80000898 (0x00008067)
core   0: 0x80000748 (0x0100006f) j       pc + 0x10
core   0: 3 0x80000748 (0x0100006f)
core   0: 0x80000758 (0x0000205b) join    v0, v0, pc + 0
core   0: 3 0x80000758 (0x0000205b) current mask:	ffffffff current npc:	80000740 stack size: 0
core   0: 0x8000075c (0xffc12083) lw      x1, -4(x2)
core   0: 3 0x8000075c (0xffc12083) x1  0x80000110 mem 0x70000028
core   0: 0x80000760 (0xffc10113) addi    x2, x2, -4
core   0: 3 0x80000760 (0xffc10113) x2  0x70000028
core   0: 0x80000764 (0x00008067) ret
core   0: 3 0x80000764 (0x00008067)
core   0: 0x80000110 (0xff812383) lw      x7, -8(x2)
core   0: 3 0x80000110 (0xff812383) x7  0x00000010 mem 0x70000020
core   0: 0x80000114 (0xffc12283) lw      x5, -4(x2)
core   0: 3 0x80000114 (0xffc12283) x5  0x00000010 mem 0x70000024
core   0: 0x80000118 (0x025382b3) mul     x5, x7, x5
core   0: 3 0x80000118 (0x025382b3) x5  0x00000100
core   0: 0x8000011c (0x5e02c0d7) vmv.v.x v1, x5
core   0: 3 0x8000011c (0x5e02c0d7) c8_vstart 0x00000000 e32 m1 l32 v1  ffffffff 0x00000100 00000100 00000100 00000100 00000100 00000100 00000100 00000100 00000100 00000100 00000100 00000100 00000100 00000100 00000100 00000100 00000100 00000100 00000100 00000100 00000100 00000100 00000100 00000100 00000100 00000100 00000100 00000100 00000100 00000100 00000100 00000100 
core   0: 0x80000120 (0x00000317) auipc   x6, 0x0
core   0: 3 0x80000120 (0x00000317) x6  0x80000120
core   0: 0x80000124 (0x0d03305b) setrpc  x0, x6, 208
core   0: 3 0x80000124 (0x0d03305b) c2060_rpc 0x800001f0 current mask:	ffffffff current npc:	80000740 stack size: 0
core   0: 0x80000128 (0x0c00d45b) vbge    v0, v1, pc + 200
core   0: 3 0x80000128 (0x0c00d45b) c8_vstart 0x00000000 e32 m1 l32 current mask:	ffffffff current npc:	8000012c stack size: 0
core   0: 0x8000012c (0x0040006f) j       pc + 0x4
core   0: 3 0x8000012c (0x0040006f)
core   0: 0x80000130 (0x5e0041d7) vmv.v.x v3, x0
core   0: 3 0x80000130 (0x5e0041d7) c8_vstart 0x00000000 e32 m1 l32 v3  ffffffff 0x00000000 00000000 00000000 00000000 00000000 00000000 00000000 00000000 00000000 00000000 00000000 00000000 00000000 00000000 00000000 00000000 00000000 00000000 00000000 00000000 00000000 00000000 00000000 00000000 00000000 00000000 00000000 00000000 00000000 00000000 00000000 00000000 
core   0: 0x80000134 (0x5e03c157) vmv.v.x v2, x7
core   0: 3 0x80000134 (0x5e03c157) c8_vstart 0x00000000 e32 m1 l32 v2  ffffffff 0x00000010 00000010 00000010 00000010 00000010 00000010 00000010 00000010 00000010 00000010 00000010 00000010 00000010 00000010 00000010 00000010 00000010 00000010 00000010 00000010 00000010 00000010 00000010 00000010 00000010 00000010 00000010 00000010 00000010 00000010 00000010 00000010 
core   0: 0x80000138 (0x8603e0d7) vdiv.vx v1, v0, x7
core   0: 3 0x80000138 (0x8603e0d7) c8_vstart 0x00000000 e32 m1 l32 v1  ffffffff 0x00000003 00000003 00000003 00000003 00000003 00000003 00000003 00000003 00000003 00000003 00000003 00000003 00000003 00000003 00000003 00000003 00000002 00000002 00000002 00000002 00000002 00000002 00000002 00000002 00000002 00000002 00000002 00000002 00000002 00000002 00000002 00000002 
core   0: 0x8000013c (0x02104257) vadd.vx v4, v1, x0
core   0: 3 0x8000013c (0x02104257) c8_vstart 0x00000000 e32 m1 l32 v4  ffffffff 0x00000003 00000003 00000003 00000003 00000003 00000003 00000003 00000003 00000003 00000003 00000003 00000003 00000003 00000003 00000003 00000003 00000002 00000002 00000002 00000002 00000002 00000002 00000002 00000002 00000002 00000002 00000002 00000002 00000002 00000002 00000002 00000002 
core   0: 0x80000140 (0x961132d7) vsll.vi v5, v1, 2
core   0: 3 0x80000140 (0x961132d7) c8_vstart 0x00000000 e32 m1 l32 v5  ffffffff 0x0000000c 0000000c 0000000c 0000000c 0000000c 0000000c 0000000c 0000000c 0000000c 0000000c 0000000c 0000000c 0000000c 0000000c 0000000c 0000000c 00000008 00000008 00000008 00000008 00000008 00000008 00000008 00000008 00000008 00000008 00000008 00000008 00000008 00000008 00000008 00000008 
core   0: 0x80000144 (0xfe012283) lw      x5, -32(x2)
core   0: 3 0x80000144 (0xfe012283) x5  0x90001000 mem 0x70000008
core   0: 0x80000148 (0x0252c357) vadd.vx v6, v5, x5
core   0: 3 0x80000148 (0x0252c357) c8_vstart 0x00000000 e32 m1 l32 v6  ffffffff 0x9000100c 9000100c 9000100c 9000100c 9000100c 9000100c 9000100c 9000100c 9000100c 9000100c 9000100c 9000100c 9000100c 9000100c 9000100c 9000100c 90001008 90001008 90001008 90001008 90001008 90001008 90001008 90001008 90001008 90001008 90001008 90001008 90001008 90001008 90001008 90001008 
core   0: 0x8000014c (0x0003237b) vlw12.v v6, v6, 0
core   0: 3 0x8000014c (0x0003237b) e32 m1 l32 v6  ffffffff 0x00000000 00000000 00000000 00000000 00000000 00000000 00000000 00000000 00000000 00000000 00000000 00000000 00000000 00000000 00000000 00000000 00000001 00000001 00000001 00000001 00000001 00000001 00000001 00000001 00000001 00000001 00000001 00000001 00000001 00000001 00000001 00000001  c8_vstart 0x00000000 mem 0x90001008 mem 0x90001008 mem 0x90001008 mem 0x90001008 mem 0x90001008 mem 0x90001008 mem 0x90001008 mem 0x90001008 mem 0x90001008 mem 0x90001008 mem 0x90001008 mem 0x90001008 mem 0x90001008 mem 0x90001008 mem 0x90001008 mem 0x90001008 mem 0x9000100c mem 0x9000100c mem 0x9000100c mem 0x9000100c mem 0x9000100c mem 0x9000100c mem 0x9000100c mem 0x9000100c mem 0x9000100c mem 0x9000100c mem 0x9000100c mem 0x9000100c mem 0x9000100c mem 0x9000100c mem 0x9000100c mem 0x9000100c
core   0: 0x80000150 (0xae012257) vnmsub.vv v4, v0, v2
core   0: 3 0x80000150 (0xae012257) c8_vstart 0x00000000 e32 m1 l32 v4  ffffffff 0x0000000f 0000000e 0000000d 0000000c 0000000b 0000000a 00000009 00000008 00000007 00000006 00000005 00000004 00000003 00000002 00000001 00000000 0000000f 0000000e 0000000d 0000000c 0000000b 0000000a 00000009 00000008 00000007 00000006 00000005 00000004 00000003 00000002 00000001 00000000 
core   0: 0x80000154 (0x96613157) vsll.vi v2, v6, 2
core   0: 3 0x80000154 (0x96613157) c8_vstart 0x00000000 e32 m1 l32 v2  ffffffff 0x00000000 00000000 00000000 00000000 00000000 00000000 00000000 00000000 00000000 00000000 00000000 00000000 00000000 00000000 00000000 00000000 00000004 00000004 00000004 00000004 00000004 00000004 00000004 00000004 00000004 00000004 00000004 00000004 00000004 00000004 00000004 00000004 
core   0: 0x80000158 (0xfe812283) lw      x5, -24(x2)
core   0: 3 0x80000158 (0xfe812283) x5  0x90003000 mem 0x70000010
core   0: 0x8000015c (0x0222c157) vadd.vx v2, v2, x5
core   0: 3 0x8000015c (0x0222c157) c8_vstart 0x00000000 e32 m1 l32 v2  ffffffff 0x90003000 90003000 90003000 90003000 90003000 90003000 90003000 90003000 90003000 90003000 90003000 90003000 90003000 90003000 90003000 90003000 90003004 90003004 90003004 90003004 90003004 90003004 90003004 90003004 90003004 90003004 90003004 90003004 90003004 90003004 90003004 90003004 
core   0: 0x80000160 (0x0001217b) vlw12.v v2, v2, 0
core   0: 3 0x80000160 (0x0001217b) e32 m1 l32 v2  ffffffff 0x00000000 00000000 00000000 00000000 00000000 00000000 00000000 00000000 00000000 00000000 00000000 00000000 00000000 00000000 00000000 00000000 00000010 00000010 00000010 00000010 00000010 00000010 00000010 00000010 00000010 00000010 00000010 00000010 00000010 00000010 00000010 00000010  c8_vstart 0x00000000 mem 0x90003004 mem 0x90003004 mem 0x90003004 mem 0x90003004 mem 0x90003004 mem 0x90003004 mem 0x90003004 mem 0x90003004 mem 0x90003004 mem 0x90003004 mem 0x90003004 mem 0x90003004 mem 0x90003004 mem 0x90003004 mem 0x90003004 mem 0x90003004 mem 0x90003000 mem 0x90003000 mem 0x90003000 mem 0x90003000 mem 0x90003000 mem 0x90003000 mem 0x90003000 mem 0x90003000 mem 0x90003000 mem 0x90003000 mem 0x90003000 mem 0x90003000 mem 0x90003000 mem 0x90003000 mem 0x90003000 mem 0x90003000
core   0: 0x80000164 (0xfe412303) lw      x6, -28(x2)
core   0: 3 0x80000164 (0xfe412303) x6  0x90002000 mem 0x7000000c
core   0: 0x80000168 (0x025342d7) vadd.vx v5, v5, x6
core   0: 3 0x80000168 (0x025342d7) c8_vstart 0x00000000 e32 m1 l32 v5  ffffffff 0x9000200c 9000200c 9000200c 9000200c 9000200c 9000200c 9000200c 9000200c 9000200c 9000200c 9000200c 9000200c 9000200c 9000200c 9000200c 9000200c 90002008 90002008 90002008 90002008 90002008 90002008 90002008 90002008 90002008 90002008 90002008 90002008 90002008 90002008 90002008 90002008 
core   0: 0x8000016c (0x0002a2fb) vlw12.v v5, v5, 0
core   0: 3 0x8000016c (0x0002a2fb) e32 m1 l32 v5  ffffffff 0x00000001 00000001 00000001 00000001 00000001 00000001 00000001 00000001 00000001 00000001 00000001 00000001 00000001 00000001 00000001 00000001 00000001 00000001 00000001 00000001 00000001 00000001 00000001 00000001 00000001 00000001 00000001 00000001 00000001 00000001 00000001 00000001  c8_vstart 0x00000000 mem 0x90002008 mem 0x90002008 mem 0x90002008 mem 0x90002008 mem 0x90002008 mem 0x90002008 mem 0x90002008 mem 0x90002008 mem 0x90002008 mem 0x90002008 mem 0x90002008 mem 0x90002008 mem 0x90002008 mem 0x90002008 mem 0x90002008 mem 0x90002008 mem 0x9000200c mem 0x9000200c mem 0x9000200c mem 0x9000200c mem 0x9000200c mem 0x9000200c mem 0x9000200c mem 0x9000200c mem 0x9000200c mem 0x9000200c mem 0x9000200c mem 0x9000200c mem 0x9000200c mem 0x9000200c mem 0x9000200c mem 0x9000200c
core   0: 0x80000170 (0x02510157) vadd.vv v2, v5, v2
core   0: 3 0x80000170 (0x02510157) c8_vstart 0x00000000 e32 m1 l32 v2  ffffffff 0x00000001 00000001 00000001 00000001 00000001 00000001 00000001 00000001 00000001 00000001 00000001 00000001 00000001 00000001 00000001 00000001 00000011 00000011 00000011 00000011 00000011 00000011 00000011 00000011 00000011 00000011 00000011 00000011 00000011 00000011 00000011 00000011 
core   0: 0x80000174 (0xa22232d7) vsrl.vi v5, v2, 4
core   0: 3 0x80000174 (0xa22232d7) c8_vstart 0x00000000 e32 m1 l32 v5  ffffffff 0x00000000 00000000 00000000 00000000 00000000 00000000 00000000 00000000 00000000 00000000 00000000 00000000 00000000 00000000 00000000 00000000 00000001 00000001 00000001 00000001 00000001 00000001 00000001 00000001 00000001 00000001 00000001 00000001 00000001 00000001 00000001 00000001 
core   0: 0x80000178 (0xa241b357) vsrl.vi v6, v4, 3
core   0: 3 0x80000178 (0xa241b357) c8_vstart 0x00000000 e32 m1 l32 v6  ffffffff 0x00000001 00000001 00000001 00000001 00000001 00000001 00000001 00000001 00000000 00000000 00000000 00000000 00000000 00000000 00000000 00000000 00000001 00000001 00000001 00000001 00000001 00000001 00000001 00000001 00000000 00000000 00000000 00000000 00000000 00000000 00000000 00000000 
core   0: 0x8000017c (0x2643b3d7) vand.vi v7, v4, 7
core   0: 3 0x8000017c (0x2643b3d7) c8_vstart 0x00000000 e32 m1 l32 v7  ffffffff 0x00000007 00000006 00000005 00000004 00000003 00000002 00000001 00000000 00000007 00000006 00000005 00000004 00000003 00000002 00000001 00000000 00000007 00000006 00000005 00000004 00000003 00000002 00000001 00000000 00000007 00000006 00000005 00000004 00000003 00000002 00000001 00000000 
core   0: 0x80000180 (0x9621b457) vsll.vi v8, v2, 3
core   0: 3 0x80000180 (0x9621b457) c8_vstart 0x00000000 e32 m1 l32 v8  ffffffff 0x00000008 00000008 00000008 00000008 00000008 00000008 00000008 00000008 00000008 00000008 00000008 00000008 00000008 00000008 00000008 00000008 00000088 00000088 00000088 00000088 00000088 00000088 00000088 00000088 00000088 00000088 00000088 00000088 00000088 00000088 00000088 00000088 
core   0: 0x80000184 (0xa22134d7) vsrl.vi v9, v2, 2
core   0: 3 0x80000184 (0xa22134d7) c8_vstart 0x00000000 e32 m1 l32 v9  ffffffff 0x00000000 00000000 00000000 00000000 00000000 00000000 00000000 00000000 00000000 00000000 00000000 00000000 00000000 00000000 00000000 00000000 00000004 00000004 00000004 00000004 00000004 00000004 00000004 00000004 00000004 00000004 00000004 00000004 00000004 00000004 00000004 00000004 
core   0: 0x80000188 (0x2691b4d7) vand.vi v9, v9, 3
core   0: 3 0x80000188 (0x2691b4d7) c8_vstart 0x00000000 e32 m1 l32 v9  ffffffff 0x00000000 00000000 00000000 00000000 00000000 00000000 00000000 00000000 00000000 00000000 00000000 00000000 00000000 00000000 00000000 00000000 00000000 00000000 00000000 00000000 00000000 00000000 00000000 00000000 00000000 00000000 00000000 00000000 00000000 00000000 00000000 00000000 
core   0: 0x8000018c (0x0000300b) regexti x0, x0,  0 0 0 
core   0: 3 0x8000018c (0x0000300b)
core   0: 0x80000190 (0x268c3457) vand.vi v8, v8, -8
core   0: 3 0x80000190 (0x268c3457) c8_vstart 0x00000000 e32 m1 l32 v8  ffffffff 0x00000008 00000008 00000008 00000008 00000008 00000008 00000008 00000008 00000008 00000008 00000008 00000008 00000008 00000008 00000008 00000008 00000008 00000008 00000008 00000008 00000008 00000008 00000008 00000008 00000008 00000008 00000008 00000008 00000008 00000008 00000008 00000008 
core   0: 0x80000194 (0x2a8383d7) vor.vv  v7, v8, v7
core   0: 3 0x80000194 (0x2a8383d7) c8_vstart 0x00000000 e32 m1 l32 v7  ffffffff 0x0000000f 0000000e 0000000d 0000000c 0000000b 0000000a 00000009 00000008 0000000f 0000000e 0000000d 0000000c 0000000b 0000000a 00000009 00000008 0000000f 0000000e 0000000d 0000000c 0000000b 0000000a 00000009 00000008 0000000f 0000000e 0000000d 0000000c 0000000b 0000000a 00000009 00000008 
core   0: 0x80000198 (0xff012283) lw      x5, -16(x2)
core   0: 3 0x80000198 (0xff012283) x5  0x00000002 mem 0x70000018
core   0: 0x8000019c (0xa662e2d7) vmadd.vx v5, v6, x5
core   0: 3 0x8000019c (0xa662e2d7) c8_vstart 0x00000000 e32 m1 l32 v5  ffffffff 0x00000001 00000001 00000001 00000001 00000001 00000001 00000001 00000001 00000000 00000000 00000000 00000000 00000000 00000000 00000000 00000000 00000003 00000003 00000003 00000003 00000003 00000003 00000003 00000003 00000002 00000002 00000002 00000002 00000002 00000002 00000002 00000002 
core   0: 0x800001a0 (0x9653b2d7) vsll.vi v5, v5, 7
core   0: 3 0x800001a0 (0x9653b2d7) c8_vstart 0x00000000 e32 m1 l32 v5  ffffffff 0x00000080 00000080 00000080 00000080 00000080 00000080 00000080 00000080 00000000 00000000 00000000 00000000 00000000 00000000 00000000 00000000 00000180 00000180 00000180 00000180 00000180 00000180 00000180 00000180 00000100 00000100 00000100 00000100 00000100 00000100 00000100 00000100 
core   0: 0x800001a4 (0x96713357) vsll.vi v6, v7, 2
core   0: 3 0x800001a4 (0x96713357) c8_vstart 0x00000000 e32 m1 l32 v6  ffffffff 0x0000003c 00000038 00000034 00000030 0000002c 00000028 00000024 00000020 0000003c 00000038 00000034 00000030 0000002c 00000028 00000024 00000020 0000003c 00000038 00000034 00000030 0000002c 00000028 00000024 00000020 0000003c 00000038 00000034 00000030 0000002c 00000028 00000024 00000020 
core   0: 0x800001a8 (0x2a5302d7) vor.vv  v5, v5, v6
core   0: 3 0x800001a8 (0x2a5302d7) c8_vstart 0x00000000 e32 m1 l32 v5  ffffffff 0x000000bc 000000b8 000000b4 000000b0 000000ac 000000a8 000000a4 000000a0 0000003c 00000038 00000034 00000030 0000002c 00000028 00000024 00000020 000001bc 000001b8 000001b4 000001b0 000001ac 000001a8 000001a4 000001a0 0000013c 00000138 00000134 00000130 0000012c 00000128 00000124 00000120 
core   0: 0x800001ac (0x96013057) vsll.vi v0, v0, 2
core   0: 3 0x800001ac (0x96013057) c8_vstart 0x00000000 e32 m1 l32 v0  ffffffff 0x000000fc 000000f8 000000f4 000000f0 000000ec 000000e8 000000e4 000000e0 000000dc 000000d8 000000d4 000000d0 000000cc 000000c8 000000c4 000000c0 000000bc 000000b8 000000b4 000000b0 000000ac 000000a8 000000a4 000000a0 0000009c 00000098 00000094 00000090 0000008c 00000088 00000084 00000080 
core   0: 0x800001b0 (0xfec12283) lw      x5, -20(x2)
core   0: 3 0x800001b0 (0xfec12283) x5  0x90000000 mem 0x70000014
core   0: 0x800001b4 (0x0202c057) vadd.vx v0, v0, x5
core   0: 3 0x800001b4 (0x0202c057) c8_vstart 0x00000000 e32 m1 l32 v0  ffffffff 0x900000fc 900000f8 900000f4 900000f0 900000ec 900000e8 900000e4 900000e0 900000dc 900000d8 900000d4 900000d0 900000cc 900000c8 900000c4 900000c0 900000bc 900000b8 900000b4 900000b0 900000ac 900000a8 900000a4 900000a0 9000009c 90000098 90000094 90000090 9000008c 90000088 90000084 90000080 
core   0: 0x800001b8 (0x0000207b) vlw12.v v0, v0, 0
core   0: 3 0x800001b8 (0x0000207b) e32 m1 l32 v0  ffffffff 0xaa0d1d5b b065b1bc 258b2cb2 33a33353 31a23073 2cb2ae46 b08928f9 33612ac4 2c78ae23 b248b143 29ac2e2a a92eb19f a6242cdf b1dca9a4 b3f7a3d4 953b2fde 2d162742 234e31bf ac3db223 aae7aebf b21632c4 30f53346 b302a779 30333381 b0d8af4e 3023b05c b10899dd b3a21a11 2de2b292 1c50301f 3127b349 309d3250  c8_vstart 0x00000000 mem 0x90000080 mem 0x90000084 mem 0x90000088 mem 0x9000008c mem 0x90000090 mem 0x90000094 mem 0x90000098 mem 0x9000009c mem 0x900000a0 mem 0x900000a4 mem 0x900000a8 mem 0x900000ac mem 0x900000b0 mem 0x900000b4 mem 0x900000b8 mem 0x900000bc mem 0x900000c0 mem 0x900000c4 mem 0x900000c8 mem 0x900000cc mem 0x900000d0 mem 0x900000d4 mem 0x900000d8 mem 0x900000dc mem 0x900000e0 mem 0x900000e4 mem 0x900000e8 mem 0x900000ec mem 0x900000f0 mem 0x900000f4 mem 0x900000f8 mem 0x900000fc
core   0: 0x800001bc (0x2a5482d7) vor.vv  v5, v5, v9
core   0: 3 0x800001bc (0x2a5482d7) c8_vstart 0x00000000 e32 m1 l32 v5  ffffffff 0x000000bc 000000b8 000000b4 000000b0 000000ac 000000a8 000000a4 000000a0 0000003c 00000038 00000034 00000030 0000002c 00000028 00000024 00000020 000001bc 000001b8 000001b4 000001b0 000001ac 000001a8 000001a4 000001a0 0000013c 00000138 00000134 00000130 0000012c 00000128 00000124 00000120 
core   0: 0x800001c0 (0x965132d7) vsll.vi v5, v5, 2
core   0: 3 0x800001c0 (0x965132d7) c8_vstart 0x00000000 e32 m1 l32 v5  ffffffff 0x000002f0 000002e0 000002d0 000002c0 000002b0 000002a0 00000290 00000280 000000f0 000000e0 000000d0 000000c0 000000b0 000000a0 00000090 00000080 000006f0 000006e0 000006d0 000006c0 000006b0 000006a0 00000690 00000680 000004f0 000004e0 000004d0 000004c0 000004b0 000004a0 00000490 00000480 
core   0: 0x800001c4 (0xff412283) lw      x5, -12(x2)
core   0: 3 0x800001c4 (0xff412283) x5  0x90004000 mem 0x7000001c
core   0: 0x800001c8 (0x0252c2d7) vadd.vx v5, v5, x5
core   0: 3 0x800001c8 (0x0252c2d7) c8_vstart 0x00000000 e32 m1 l32 v5  ffffffff 0x900042f0 900042e0 900042d0 900042c0 900042b0 900042a0 90004290 90004280 900040f0 900040e0 900040d0 900040c0 900040b0 900040a0 90004090 90004080 900046f0 900046e0 900046d0 900046c0 900046b0 900046a0 90004690 90004680 900044f0 900044e0 900044d0 900044c0 900044b0 900044a0 90004490 90004480 
core   0: 0x800001cc (0x0002e07b) vsw12.v v0, v5, 0
core   0: 3 0x800001cc (0x0002e07b) c8_vstart 0x00000000 e32 m1 l32 mem 0x90004480 0x309d3250 mem 0x90004490 0x3127b349 mem 0x900044a0 0x1c50301f mem 0x900044b0 0x2de2b292 mem 0x900044c0 0xb3a21a11 mem 0x900044d0 0xb10899dd mem 0x900044e0 0x3023b05c mem 0x900044f0 0xb0d8af4e mem 0x90004680 0x30333381 mem 0x90004690 0xb302a779 mem 0x900046a0 0x30f53346 mem 0x900046b0 0xb21632c4 mem 0x900046c0 0xaae7aebf mem 0x900046d0 0xac3db223 mem 0x900046e0 0x234e31bf mem 0x900046f0 0x2d162742 mem 0x90004080 0x953b2fde mem 0x90004090 0xb3f7a3d4 mem 0x900040a0 0xb1dca9a4 mem 0x900040b0 0xa6242cdf mem 0x900040c0 0xa92eb19f mem 0x900040d0 0x29ac2e2a mem 0x900040e0 0xb248b143 mem 0x900040f0 0x2c78ae23 mem 0x90004280 0x33612ac4 mem 0x90004290 0xb08928f9 mem 0x900042a0 0x2cb2ae46 mem 0x900042b0 0x31a23073 mem 0x900042c0 0x33a33353 mem 0x900042d0 0x258b2cb2 mem 0x900042e0 0xb065b1bc mem 0x900042f0 0xaa0d1d5b
core   0: 0x800001d0 (0x00000317) auipc   x6, 0x0
core   0: 3 0x800001d0 (0x00000317) x6  0x800001d0
core   0: 0x800001d4 (0x0203305b) setrpc  x0, x6, 32
core   0: 3 0x800001d4 (0x0203305b) c2060_rpc 0x800001f0 current mask:	ffffffff current npc:	8000012c stack size: 0
core   0: 0x800001d8 (0x00419c5b) vbne    v4, v3, pc + 24
core   0: 3 0x800001d8 (0x00419c5b) c8_vstart 0x00000000 e32 m1 l32 current mask:	00010001 current npc:	800001dc stack size: 2
[r_pc] 800001f0 [else_pc] 800001f0 [else_mask] fffefffe 
[r_pc] 800001f0 [else_pc] 800001f0 [else_mask] ffffffff 
core   0: 0x800001dc (0x0040006f) j       pc + 0x4
core   0: 3 0x800001dc (0x0040006f)
core   0: 0x800001e0 (0x96213057) vsll.vi v0, v2, 2
core   0: 3 0x800001e0 (0x96213057) c8_vstart 0x00000000 e32 m1 l32 v0  00010001 0xaa0d1d5b b065b1bc 258b2cb2 33a33353 31a23073 2cb2ae46 b08928f9 33612ac4 2c78ae23 b248b143 29ac2e2a a92eb19f a6242cdf b1dca9a4 b3f7a3d4 00000004 2d162742 234e31bf ac3db223 aae7aebf b21632c4 30f53346 b302a779 30333381 b0d8af4e 3023b05c b10899dd b3a21a11 2de2b292 1c50301f 3127b349 00000044 
core   0: 0x800001e4 (0xfdc12283) lw      x5, -36(x2)
core   0: 3 0x800001e4 (0xfdc12283) x5  0x90005000 mem 0x70000004
core   0: 0x800001e8 (0x0202c057) vadd.vx v0, v0, x5
core   0: 3 0x800001e8 (0x0202c057) c8_vstart 0x00000000 e32 m1 l32 v0  00010001 0xaa0d1d5b b065b1bc 258b2cb2 33a33353 31a23073 2cb2ae46 b08928f9 33612ac4 2c78ae23 b248b143 29ac2e2a a92eb19f a6242cdf b1dca9a4 b3f7a3d4 90005004 2d162742 234e31bf ac3db223 aae7aebf b21632c4 30f53346 b302a779 30333381 b0d8af4e 3023b05c b10899dd b3a21a11 2de2b292 1c50301f 3127b349 90005044 
core   0: 0x800001ec (0x0010607b) vsw12.v v1, v0, 0
core   0: 3 0x800001ec (0x0010607b) c8_vstart 0x00000000 e32 m1 l32 mem 0x90005044 0x00000002 mem 0x90005004 0x00000003
core   0: 0x800001f0 (0x0000205b) join    v0, v0, pc + 0
core   0: 3 0x800001f0 (0x0000205b) current mask:	fffefffe current npc:	800001f0 stack size: 1
[r_pc] 800001f0 [else_pc] 800001f0 [else_mask] ffffffff 
core   0: 3 0x800001f0 (0x0000205b) current mask:	ffffffff current npc:	800001f0 stack size: 0
core   0: 3 0x800001f0 (0x0000205b) current mask:	ffcore   0: 0x00001000 (0x00000297) auipc   x5, 0x0
core   0: 3 0x00001000 (0x00000297) x5  0x00001000
core   0: 0x00001004 (0x02028593) addi    x11, x5, 32
core   0: 3 0x00001004 (0x02028593) x11 0x00001020
core   0: 0x00001008 (0xf1402573) csrr    x10, mhartid
core   0: 3 0x00001008 (0xf1402573) x10 0x00000000
core   0: 0x0000100c (0x0182a283) lw      x5, 24(x5)
core   0: 3 0x0000100c (0x0182a283) x5  0x80000000 mem 0x00001018
core   0: 0x00001010 (0x00028067) jr      x5
core   0: 3 0x00001010 (0x00028067)
core   0: 0x80000000 (0x00004197) auipc   x3, 0x4
core   0: 3 0x80000000 (0x00004197) x3  0x80004000
core   0: 0x80000004 (0x80818193) addi    x3, x3, -2040
core   0: 3 0x80000004 (0x80818193) x3  0x80003808
core   0: 0x80000008 (0x02000e93) li      x29, 32
core   0: 3 0x80000008 (0x02000e93) x29 0x00000020
core   0: 0x8000000c (0x0d0efed7) vsetvli x29, x29, e32, m1, ta, ma
core   0: 3 0x8000000c (0x0d0efed7) x29 0x00000020 c8_vstart 0x00000000 c3104_vl 0x00000020 c3105_vtype 0x000000d0 c768_mstatus 0x80000600
core   0: 0x80000010 (0x00002eb7) lui     x29, 0x2
core   0: 3 0x80000010 (0x00002eb7) x29 0x00002000
core   0: 0x80000014 (0x300eaef3) csrrs   x29, mstatus, x29
core   0: 3 0x80000014 (0x300eaef3) x29 0x80000600 c768_mstatus 0x80006600
core   0: 0x80000018 (0x00000e93) li      x29, 0
core   0: 3 0x80000018 (0x00000e93) x29 0x00000000
core   0: 0x8000001c (0x80502373) csrr    x6, wid
core   0: 3 0x8000001c (0x80502373) x6  0x00000000
core   0: 0x80000020 (0x806023f3) csrr    x7, lds
core   0: 3 0x80000020 (0x806023f3) x7  0x70000000
core   0: 0x80000024 (0x40000e13) li      x28, 1024
core   0: 3 0x80000024 (0x40000e13) x28 0x00000400
core   0: 0x80000028 (0x03c30333) mul     x6, x6, x28
core   0: 3 0x80000028 (0x03c30333) x6  0x00000000
core   0: 0x8000002c (0x00730133) add     x2, x6, x7
core   0: 3 0x8000002c (0x00730133) x2  0x70000000
core   0: 0x80000030 (0x00000213) li      x4, 0
core   0: 3 0x80000030 (0x00000213) x4  0x00000000
core   0: 0x80000034 (0x80102f73) csrr    x30, numw
core   0: 3 0x80000034 (0x80102f73) x30 0x00000001
core   0: 0x80000038 (0x40000e13) li      x28, 1024
core   0: 3 0x80000038 (0x40000e13) x28 0x00000400
core   0: 0x8000003c (0x03cf0f33) mul     x30, x30, x28
core   0: 3 0x8000003c (0x03cf0f33) x30 0x00000400
core   0: 0x80000040 (0x01e38433) add     x8, x7, x30
core   0: 3 0x80000040 (0x01e38433) x8  0x70000400
core   0: 0x80000044 (0x00003517) auipc   x10, 0x3
core   0: 3 0x80000044 (0x00003517) x10 0x80003044
core   0: 0x80000048 (0xfc450513) addi    x10, x10, -60
core   0: 3 0x80000048 (0xfc450513) x10 0x80003008
core   0: 0x8000004c (0x00003617) auipc   x12, 0x3
core   0: 3 0x8000004c (0x00003617) x12 0x8000304c
core   0: 0x80000050 (0xfbc60613) addi    x12, x12, -68
core   0: 3 0x80000050 (0xfbc60613) x12 0x80003008
core   0: 0x80000054 (0x00c50863) beq     x10, x12, pc + 16
core   0: 3 0x80000054 (0x00c50863)
core   0: 0x80000064 (0x803022f3) csrr    x5, knl
core   0: 3 0x80000064 (0x803022f3) x5  0x90107000
core   0: 0x80000068 (0x0002a303) lw      x6, 0(x5)
core   0: 3 0x80000068 (0x0002a303) x6  0x800000b8 mem 0x90107000
core   0: 0x8000006c (0x0042a503) lw      x10, 4(x5)
core   0: 3 0x8000006c (0x0042a503) x10 0x90006000 mem 0x90107004
core   0: 0x80000070 (0x0302a383) lw      x7, 48(x5)
core   0: 3 0x80000070 (0x0302a383) x7  0x00000000 mem 0x90107030
core   0: 0x80000074 (0x0342ae03) lw      x28, 52(x5)
core   0: 3 0x80000074 (0x0342ae03) x28 0x00000000 mem 0x90107034
core   0: 0x80000078 (0x00003e97) auipc   x29, 0x3
core   0: 3 0x80000078 (0x00003e97) x29 0x80003078
core   0: 0x8000007c (0xf88e8e93) addi    x29, x29, -120
core   0: 3 0x8000007c (0xf88e8e93) x29 0x80003000
core   0: 0x80000080 (0x00003f17) auipc   x30, 0x3
core   0: 3 0x80000080 (0x00003f17) x30 0x80003080
core   0: 0x80000084 (0xf84f0f13) addi    x30, x30, -124
core   0: 3 0x80000084 (0xf84f0f13) x30 0x80003004
core   0: 0x80000088 (0x007ea023) sw      x7, 0(x29)
core   0: 3 0x80000088 (0x007ea023) mem 0x80003000 0x00000000
core   0: 0x8000008c (0x01cf2023) sw      x28, 0(x30)
core   0: 3 0x8000008c (0x01cf2023) mem 0x80003004 0x00000000
core   0: 0x80000090 (0x00000f97) auipc   x31, 0x0
core   0: 3 0x80000090 (0x00000f97) x31 0x80000090
core   0: 0x80000094 (0x018f8f93) addi    x31, x31, 24
core   0: 3 0x80000094 (0x018f8f93) x31 0x800000a8
core   0: 0x80000098 (0x305f9073) csrw    mtvec, x31
core   0: 3 0x80000098 (0x305f9073) c773_mtvec 0x800000a8
core   0: 0x8000009c (0x000300e7) jalr    x6
core   0: 3 0x8000009c (0x000300e7) x1  0x800000a0
core   0: 0x800000b8 (0x02810113) addi    x2, x2, 40
core   0: 3 0x800000b8 (0x02810113) x2  0x70000028
core   0: 0x800000bc (0xfc112c23) sw      x1, -40(x2)
core   0: 3 0x800000bc (0xfc112c23) mem 0x70000000 0x800000a0
core   0: 0x800000c0 (0x02052283) lw      x5, 32(x10)
core   0: 3 0x800000c0 (0x02052283) x5  0x90005000 mem 0x90006020
core   0: 0x800000c4 (0xfc512e23) sw      x5, -36(x2)
core   0: 3 0x800000c4 (0xfc512e23) mem 0x70000004 0x90005000
core   0: 0x800000c8 (0x01c52283) lw      x5, 28(x10)
core   0: 3 0x800000c8 (0x01c52283) x5  0x90004000 mem 0x9000601c
core   0: 0x800000cc (0xfe512a23) sw      x5, -12(x2)
core   0: 3 0x800000cc (0xfe512a23) mem 0x7000001c 0x90004000
core   0: 0x800000d0 (0x01852283) lw      x5, 24(x10)
core   0: 3 0x800000d0 (0x01852283) x5  0x00000002 mem 0x90006018
core   0: 0x800000d4 (0xfe512823) sw      x5, -16(x2)
core   0: 3 0x800000d4 (0xfe512823) mem 0x70000018 0x00000002
core   0: 0x800000d8 (0x00c52283) lw      x5, 12(x10)
core   0: 3 0x800000d8 (0x00c52283) x5  0x90003000 mem 0x9000600c
core   0: 0x800000dc (0xfe512423) sw      x5, -24(x2)
core   0: 3 0x800000dc (0xfe512423) mem 0x70000010 0x90003000
core   0: 0x800000e0 (0x00852283) lw      x5, 8(x10)
core   0: 3 0x800000e0 (0x00852283) x5  0x90002000 mem 0x90006008
core   0: 0x800000e4 (0xfe512223) sw      x5, -28(x2)
core   0: 3 0x800000e4 (0xfe512223) mem 0x7000000c 0x90002000
core   0: 0x800000e8 (0x00452283) lw      x5, 4(x10)
core   0: 3 0x800000e8 (0x00452283) x5  0x90001000 mem 0x90006004
core   0: 0x800000ec (0xfe512023) sw      x5, -32(x2)
core   0: 3 0x800000ec (0xfe512023) mem 0x70000008 0x90001000
core   0: 0x800000f0 (0x00052283) lw      x5, 0(x10)
core   0: 3 0x800000f0 (0x00052283) x5  0x90000000 mem 0x90006000
core   0: 0x800000f4 (0xfe512623) sw      x5, -20(x2)
core   0: 3 0x800000f4 (0xfe512623) mem 0x70000014 0x90000000
core   0: 0x800000f8 (0x01452283) lw      x5, 20(x10)
core   0: 3 0x800000f8 (0x01452283) x5  0x00000010 mem 0x90006014
core   0: 0x800000fc (0xfe512c23) sw      x5, -8(x2)
core   0: 3 0x800000fc (0xfe512c23) mem 0x70000020 0x00000010
core   0: 0x80000100 (0x01052283) lw      x5, 16(x10)
core   0: 3 0x80000100 (0x01052283) x5  0x00000010 mem 0x90006010
core   0: 0x80000104 (0xfe512e23) sw      x5, -4(x2)
core   0: 3 0x80000104 (0xfe512e23) mem 0x70000024 0x00000010
core   0: 0x80000108 (0x5e004057) vmv.v.x v0, x0
core   0: 3 0x80000108 (0x5e004057) c8_vstart 0x00000000 e32 m1 l32 v0  ffffffff 0x00000000 00000000 00000000 00000000 00000000 00000000 00000000 00000000 00000000 00000000 00000000 00000000 00000000 00000000 00000000 00000000 00000000 00000000 00000000 00000000 00000000 00000000 00000000 00000000 00000000 00000000 00000000 00000000 00000000 00000000 00000000 00000000 
core   0: 0x8000010c (0x5e4000ef) jal     pc + 0x5e4
core   0: 3 0x8000010c (0x5e4000ef) x1  0x80000110
core   0: 0x800006f0 (0x00410113) addi    x2, x2, 4
core   0: 3 0x800006f0 (0x00410113) x2  0x7000002c
core   0: 0x800006f4 (0xfe112e23) sw      x1, -4(x2)
core   0: 3 0x800006f4 (0xfe112e23) mem 0x70000028 0x80000110
core   0: 0x800006f8 (0x020040d7) vadd.vx v1, v0, x0
core   0: 3 0x800006f8 (0x020040d7) c8_vstart 0x00000000 e32 m1 l32 v1  ffffffff 0x00000000 00000000 00000000 00000000 00000000 00000000 00000000 00000000 00000000 00000000 00000000 00000000 00000000 00000000 00000000 00000000 00000000 00000000 00000000 00000000 00000000 00000000 00000000 00000000 00000000 00000000 00000000 00000000 00000000 00000000 00000000 00000000 
core   0: 0x800006fc (0x00200293) li      x5, 2
core   0: 3 0x800006fc (0x00200293) x5  0x00000002
core   0: 0x80000700 (0x5e02c057) vmv.v.x v0, x5
core   0: 3 0x80000700 (0x5e02c057) c8_vstart 0x00000000 e32 m1 l32 v0  ffffffff 0x00000002 00000002 00000002 00000002 00000002 00000002 00000002 00000002 00000002 00000002 00000002 00000002 00000002 00000002 00000002 00000002 00000002 00000002 00000002 00000002 00000002 00000002 00000002 00000002 00000002 00000002 00000002 00000002 00000002 00000002 00000002 00000002 
core   0: 0x80000704 (0x00000317) auipc   x6, 0x0
core   0: 3 0x80000704 (0x00000317) x6  0x80000704
core   0: 0x80000708 (0x0543305b) setrpc  x0, x6, 84
core   0: 3 0x80000708 (0x0543305b) c2060_rpc 0x80000758 current mask:	ffffffff current npc:	00000000 stack size: 0
core   0: 0x8000070c (0x0410045b) vbeq    v1, v0, pc + 72
core   0: 3 0x8000070c (0x0410045b) c8_vstart 0x00000000 e32 m1 l32 current mask:	ffffffff current npc:	80000710 stack size: 0
core   0: 0x80000710 (0x0040006f) j       pc + 0x4
core   0: 3 0x80000710 (0x0040006f)
core   0: 0x80000714 (0x00100293) li      x5, 1
core   0: 3 0x80000714 (0x00100293) x5  0x00000001
core   0: 0x80000718 (0x5e02c057) vmv.v.x v0, x5
core   0: 3 0x80000718 (0x5e02c057) c8_vstart 0x00000000 e32 m1 l32 v0  ffffffff 0x00000001 00000001 00000001 00000001 00000001 00000001 00000001 00000001 00000001 00000001 00000001 00000001 00000001 00000001 00000001 00000001 00000001 00000001 00000001 00000001 00000001 00000001 00000001 00000001 00000001 00000001 00000001 00000001 00000001 00000001 00000001 00000001 
core   0: 0x8000071c (0x00000317) auipc   x6, 0x0
core   0: 3 0x8000071c (0x00000317) x6  0x8000071c
core   0: 0x80000720 (0x03c3305b) setrpc  x0, x6, 60
core   0: 3 0x80000720 (0x03c3305b) c2060_rpc 0x80000758 current mask:	ffffffff current npc:	80000710 stack size: 0
core   0: 0x80000724 (0x0210045b) vbeq    v1, v0, pc + 40
core   0: 3 0x80000724 (0x0210045b) c8_vstart 0x00000000 e32 m1 l32 current mask:	ffffffff current npc:	80000728 stack size: 0
core   0: 0x80000728 (0x0040006f) j       pc + 0x4
core   0: 3 0x80000728 (0x0040006f)
core   0: 0x8000072c (0x5e004157) vmv.v.x v2, x0
core   0: 3 0x8000072c (0x5e004157) c8_vstart 0x00000000 e32 m1 l32 v2  ffffffff 0x00000000 00000000 00000000 00000000 00000000 00000000 00000000 00000000 00000000 00000000 00000000 00000000 00000000 00000000 00000000 00000000 00000000 00000000 00000000 00000000 00000000 00000000 00000000 00000000 00000000 00000000 00000000 00000000 00000000 00000000 00000000 00000000 
core   0: 0x80000730 (0x5e004057) vmv.v.x v0, x0
core   0: 3 0x80000730 (0x5e004057) c8_vstart 0x00000000 e32 m1 l32 v0  ffffffff 0x00000000 00000000 00000000 00000000 00000000 00000000 00000000 00000000 00000000 00000000 00000000 00000000 00000000 00000000 00000000 00000000 00000000 00000000 00000000 00000000 00000000 00000000 00000000 00000000 00000000 00000000 00000000 00000000 00000000 00000000 00000000 00000000 
core   0: 0x80000734 (0x00000317) auipc   x6, 0x0
core   0: 3 0x80000734 (0x00000317) x6  0x80000734
core   0: 0x80000738 (0x0243305b) setrpc  x0, x6, 36
core   0: 3 0x80000738 (0x0243305b) c2060_rpc 0x80000758 current mask:	ffffffff current npc:	80000728 stack size: 0
core   0: 0x8000073c (0x00111e5b) vbne    v1, v2, pc + 28
core   0: 3 0x8000073c (0x00111e5b) c8_vstart 0x00000000 e32 m1 l32 current mask:	ffffffff current npc:	80000740 stack size: 0
core   0: 0x80000740 (0x0040006f) j       pc + 0x4
core   0: 3 0x80000740 (0x0040006f)
core   0: 0x80000744 (0x124000ef) jal     pc + 0x124
core   0: 3 0x80000744 (0x124000ef) x1  0x80000748
core   0: 0x80000868 (0x00410113) addi    x2, x2, 4
core   0: 3 0x80000868 (0x00410113) x2  0x70000030
core   0: 0x8000086c (0xfe112e23) sw      x1, -4(x2)
core   0: 3 0x8000086c (0xfe112e23) mem 0x7000002c 0x80000748
core   0: 0x80000870 (0xf1dff0ef) jal     pc - 0xe4
core   0: 3 0x80000870 (0xf1dff0ef) x1  0x80000874
core   0: 0x8000078c (0x00410113) addi    x2, x2, 4
core   0: 3 0x8000078c (0x00410113) x2  0x70000034
core   0: 0x80000790 (0xfe112e23) sw      x1, -4(x2)
core   0: 3 0x80000790 (0xfe112e23) mem 0x70000030 0x80000874
core   0: 0x80000794 (0x80302573) csrr    x10, knl
core   0: 3 0x80000794 (0x80302573) x10 0x90107000
core   0: 0x80000798 (0x00852283) lw      x5, 8(x10)
core   0: 3 0x80000798 (0x00852283) x5  0x00000001 mem 0x90107008
core   0: 0x8000079c (0x80002373) csrr    x6, tid
core   0: 3 0x8000079c (0x80002373) x6  0x00000000
core   0: 0x800007a0 (0x5208a157) vid.v   v2
core   0: 3 0x800007a0 (0x5208a157) c8_vstart 0x00000000 e32 m1 l32 v2  ffffffff 0x0000001f 0000001e 0000001d 0000001c 0000001b 0000001a 00000019 00000018 00000017 00000016 00000015 00000014 00000013 00000012 00000011 00000010 0000000f 0000000e 0000000d 0000000c 0000000b 0000000a 00000009 00000008 00000007 00000006 00000005 00000004 00000003 00000002 00000001 00000000 
core   0: 0x800007a4 (0x02234057) vadd.vx v0, v2, x6
core   0: 3 0x800007a4 (0x02234057) c8_vstart 0x00000000 e32 m1 l32 v0  ffffffff 0x0000001f 0000001e 0000001d 0000001c 0000001b 0000001a 00000019 00000018 00000017 00000016 00000015 00000014 00000013 00000012 00000011 00000010 0000000f 0000000e 0000000d 0000000c 0000000b 0000000a 00000009 00000008 00000007 00000006 00000005 00000004 00000003 00000002 00000001 00000000 
core   0: 0x800007a8 (0x01852e03) lw      x28, 24(x10)
core   0: 3 0x800007a8 (0x01852e03) x28 0x00000020 mem 0x90107018
core   0: 0x800007ac (0x8a0e6057) vremu.vx v0, v0, x28
core   0: 3 0x800007ac (0x8a0e6057) c8_vstart 0x00000000 e32 m1 l32 v0  ffffffff 0x0000001f 0000001e 0000001d 0000001c 0000001b 0000001a 00000019 00000018 00000017 00000016 00000015 00000014 00000013 00000012 00000011 00000010 0000000f 0000000e 0000000d 0000000c 0000000b 0000000a 00000009 00000008 00000007 00000006 00000005 00000004 00000003 00000002 00000001 00000000 
core   0: 0x800007b0 (0xffc12083) lw      x1, -4(x2)
core   0: 3 0x800007b0 (0xffc12083) x1  0x80000874 mem 0x70000030
core   0: 0x800007b4 (0xffc10113) addi    x2, x2, -4
core   0: 3 0x800007b4 (0xffc10113) x2  0x70000030
core   0: 0x800007b8 (0x00008067) ret
core   0: 3 0x800007b8 (0x00008067)
core   0: 0x80000874 (0x80302573) csrr    x10, knl
core   0: 3 0x80000874 (0x80302573) x10 0x90107000
core   0: 0x80000878 (0x80802373) csrr    x6, gidx
core   0: 3 0x80000878 (0x80802373) x6  0x00000002
core   0: 0x8000087c (0x01852e03) lw      x28, 24(x10)
core   0: 3 0x8000087c (0x01852e03) x28 0x00000020 mem 0x90107018
core   0: 0x80000880 (0x02452e83) lw      x29, 36(x10)
core   0: 3 0x80000880 (0x02452e83) x29 0x00000000 mem 0x90107024
core   0: 0x80000884 (0x03c30fb3) mul     x31, x6, x28
core   0: 3 0x80000884 (0x03c30fb3) x31 0x00000040
core   0: 0x80000888 (0x01df8fb3) add     x31, x31, x29
core   0: 3 0x80000888 (0x01df8fb3) x31 0x00000040
core   0: 0x8000088c (0x020fc057) vadd.vx v0, v0, x31
core   0: 3 0x8000088c (0x020fc057) c8_vstart 0x00000000 e32 m1 l32 v0  ffffffff 0x0000005f 0000005e 0000005d 0000005c 0000005b 0000005a 00000059 00000058 00000057 00000056 00000055 00000054 00000053 00000052 00000051 00000050 0000004f 0000004e 0000004d 0000004c 0000004b 0000004a 00000049 00000048 00000047 00000046 00000045 00000044 00000043 00000042 00000041 00000040 
core   0: 0x80000890 (0xffc12083) lw      x1, -4(x2)
core   0: 3 0x80000890 (0xffc12083) x1  0x80000748 mem 0x7000002c
core   0: 0x80000894 (0xffc10113) addi    x2, x2, -4
core   0: 3 0x80000894 (0xffc10113) x2  0x7000002c
core   0: 0x80000898 (0x00008067) ret
core   0: 3 0x80000898 (0x00008067)
core   0: 0x80000748 (0x0100006f) j       pc + 0x10
core   0: 3 0x80000748 (0x0100006f)
core   0: 0x80000758 (0x0000205b) join    v0, v0, pc + 0
core   0: 3 0x80000758 (0x0000205b) current mask:	ffffffff current npc:	80000740 stack size: 0
core   0: 0x8000075c (0xffc12083) lw      x1, -4(x2)
core   0: 3 0x8000075c (0xffc12083) x1  0x80000110 mem 0x70000028
core   0: 0x80000760 (0xffc10113) addi    x2, x2, -4
core   0: 3 0x80000760 (0xffc10113) x2  0x70000028
core   0: 0x80000764 (0x00008067) ret
core   0: 3 0x80000764 (0x00008067)
core   0: 0x80000110 (0xff812383) lw      x7, -8(x2)
core   0: 3 0x80000110 (0xff812383) x7  0x00000010 mem 0x70000020
core   0: 0x80000114 (0xffc12283) lw      x5, -4(x2)
core   0: 3 0x80000114 (0xffc12283) x5  0x00000010 mem 0x70000024
core   0: 0x80000118 (0x025382b3) mul     x5, x7, x5
core   0: 3 0x80000118 (0x025382b3) x5  0x00000100
core   0: 0x8000011c (0x5e02c0d7) vmv.v.x v1, x5
core   0: 3 0x8000011c (0x5e02c0d7) c8_vstart 0x00000000 e32 m1 l32 v1  ffffffff 0x00000100 00000100 00000100 00000100 00000100 00000100 00000100 00000100 00000100 00000100 00000100 00000100 00000100 00000100 00000100 00000100 00000100 00000100 00000100 00000100 00000100 00000100 00000100 00000100 00000100 00000100 00000100 00000100 00000100 00000100 00000100 00000100 
core   0: 0x80000120 (0x00000317) auipc   x6, 0x0
core   0: 3 0x80000120 (0x00000317) x6  0x80000120
core   0: 0x80000124 (0x0d03305b) setrpc  x0, x6, 208
core   0: 3 0x80000124 (0x0d03305b) c2060_rpc 0x800001f0 current mask:	ffffffff current npc:	80000740 stack size: 0
core   0: 0x80000128 (0x0c00d45b) vbge    v0, v1, pc + 200
core   0: 3 0x80000128 (0x0c00d45b) c8_vstart 0x00000000 e32 m1 l32 current mask:	ffffffff current npc:	8000012c stack size: 0
core   0: 0x8000012c (0x0040006f) j       pc + 0x4
core   0: 3 0x8000012c (0x0040006f)
core   0: 0x80000130 (0x5e0041d7) vmv.v.x v3, x0
core   0: 3 0x80000130 (0x5e0041d7) c8_vstart 0x00000000 e32 m1 l32 v3  ffffffff 0x00000000 00000000 00000000 00000000 00000000 00000000 00000000 00000000 00000000 00000000 00000000 00000000 00000000 00000000 00000000 00000000 00000000 00000000 00000000 00000000 00000000 00000000 00000000 00000000 00000000 00000000 00000000 00000000 00000000 00000000 00000000 00000000 
core   0: 0x80000134 (0x5e03c157) vmv.v.x v2, x7
core   0: 3 0x80000134 (0x5e03c157) c8_vstart 0x00000000 e32 m1 l32 v2  ffffffff 0x00000010 00000010 00000010 00000010 00000010 00000010 00000010 00000010 00000010 00000010 00000010 00000010 00000010 00000010 00000010 00000010 00000010 00000010 00000010 00000010 00000010 00000010 00000010 00000010 00000010 00000010 00000010 00000010 00000010 00000010 00000010 00000010 
core   0: 0x80000138 (0x8603e0d7) vdiv.vx v1, v0, x7
core   0: 3 0x80000138 (0x8603e0d7) c8_vstart 0x00000000 e32 m1 l32 v1  ffffffff 0x00000005 00000005 00000005 00000005 00000005 00000005 00000005 00000005 00000005 00000005 00000005 00000005 00000005 00000005 00000005 00000005 00000004 00000004 00000004 00000004 00000004 00000004 00000004 00000004 00000004 00000004 00000004 00000004 00000004 00000004 00000004 00000004 
core   0: 0x8000013c (0x02104257) vadd.vx v4, v1, x0
core   0: 3 0x8000013c (0x02104257) c8_vstart 0x00000000 e32 m1 l32 v4  ffffffff 0x00000005 00000005 00000005 00000005 00000005 00000005 00000005 00000005 00000005 00000005 00000005 00000005 00000005 00000005 00000005 00000005 00000004 00000004 00000004 00000004 00000004 00000004 00000004 00000004 00000004 00000004 00000004 00000004 00000004 00000004 00000004 00000004 
core   0: 0x80000140 (0x961132d7) vsll.vi v5, v1, 2
core   0: 3 0x80000140 (0x961132d7) c8_vstart 0x00000000 e32 m1 l32 v5  ffffffff 0x00000014 00000014 00000014 00000014 00000014 00000014 00000014 00000014 00000014 00000014 00000014 00000014 00000014 00000014 00000014 00000014 00000010 00000010 00000010 00000010 00000010 00000010 00000010 00000010 00000010 00000010 00000010 00000010 00000010 00000010 00000010 00000010 
core   0: 0x80000144 (0xfe012283) lw      x5, -32(x2)
core   0: 3 0x80000144 (0xfe012283) x5  0x90001000 mem 0x70000008
core   0: 0x80000148 (0x0252c357) vadd.vx v6, v5, x5
core   0: 3 0x80000148 (0x0252c357) c8_vstart 0x00000000 e32 m1 l32 v6  ffffffff 0x90001014 90001014 90001014 90001014 90001014 90001014 90001014 90001014 90001014 90001014 90001014 90001014 90001014 90001014 90001014 90001014 90001010 90001010 90001010 90001010 90001010 90001010 90001010 90001010 90001010 90001010 90001010 90001010 90001010 90001010 90001010 90001010 
core   0: 0x8000014c (0x0003237b) vlw12.v v6, v6, 0
core   0: 3 0x8000014c (0x0003237b) e32 m1 l32 v6  ffffffff 0x00000000 00000000 00000000 00000000 00000000 00000000 00000000 00000000 00000000 00000000 00000000 00000000 00000000 00000000 00000000 00000000 00000001 00000001 00000001 00000001 00000001 00000001 00000001 00000001 00000001 00000001 00000001 00000001 00000001 00000001 00000001 00000001  c8_vstart 0x00000000 mem 0x90001010 mem 0x90001010 mem 0x90001010 mem 0x90001010 mem 0x90001010 mem 0x90001010 mem 0x90001010 mem 0x90001010 mem 0x90001010 mem 0x90001010 mem 0x90001010 mem 0x90001010 mem 0x90001010 mem 0x90001010 mem 0x90001010 mem 0x90001010 mem 0x90001014 mem 0x90001014 mem 0x90001014 mem 0x90001014 mem 0x90001014 mem 0x90001014 mem 0x90001014 mem 0x90001014 mem 0x90001014 mem 0x90001014 mem 0x90001014 mem 0x90001014 mem 0x90001014 mem 0x90001014 mem 0x90001014 mem 0x90001014
core   0: 0x80000150 (0xae012257) vnmsub.vv v4, v0, v2
core   0: 3 0x80000150 (0xae012257) c8_vstart 0x00000000 e32 m1 l32 v4  ffffffff 0x0000000f 0000000e 0000000d 0000000c 0000000b 0000000a 00000009 00000008 00000007 00000006 00000005 00000004 00000003 00000002 00000001 00000000 0000000f 0000000e 0000000d 0000000c 0000000b 0000000a 00000009 00000008 00000007 00000006 00000005 00000004 00000003 00000002 00000001 00000000 
core   0: 0x80000154 (0x96613157) vsll.vi v2, v6, 2
core   0: 3 0x80000154 (0x96613157) c8_vstart 0x00000000 e32 m1 l32 v2  ffffffff 0x00000000 00000000 00000000 00000000 00000000 00000000 00000000 00000000 00000000 00000000 00000000 00000000 00000000 00000000 00000000 00000000 00000004 00000004 00000004 00000004 00000004 00000004 00000004 00000004 00000004 00000004 00000004 00000004 00000004 00000004 00000004 00000004 
core   0: 0x80000158 (0xfe812283) lw      x5, -24(x2)
core   0: 3 0x80000158 (0xfe812283) x5  0x90003000 mem 0x70000010
core   0: 0x8000015c (0x0222c157) vadd.vx v2, v2, x5
core   0: 3 0x8000015c (0x0222c157) c8_vstart 0x00000000 e32 m1 l32 v2  ffffffff 0x90003000 90003000 90003000 90003000 90003000 90003000 90003000 90003000 90003000 90003000 90003000 90003000 90003000 90003000 90003000 90003000 90003004 90003004 90003004 90003004 90003004 90003004 90003004 90003004 90003004 90003004 90003004 90003004 90003004 90003004 90003004 90003004 
core   0: 0x80000160 (0x0001217b) vlw12.v v2, v2, 0
core   0: 3 0x80000160 (0x0001217b) e32 m1 l32 v2  ffffffff 0x00000000 00000000 00000000 00000000 00000000 00000000 00000000 00000000 00000000 00000000 00000000 00000000 00000000 00000000 00000000 00000000 00000010 00000010 00000010 00000010 00000010 00000010 00000010 00000010 00000010 00000010 00000010 00000010 00000010 00000010 00000010 00000010  c8_vstart 0x00000000 mem 0x90003004 mem 0x90003004 mem 0x90003004 mem 0x90003004 mem 0x90003004 mem 0x90003004 mem 0x90003004 mem 0x90003004 mem 0x90003004 mem 0x90003004 mem 0x90003004 mem 0x90003004 mem 0x90003004 mem 0x90003004 mem 0x90003004 mem 0x90003004 mem 0x90003000 mem 0x90003000 mem 0x90003000 mem 0x90003000 mem 0x90003000 mem 0x90003000 mem 0x90003000 mem 0x90003000 mem 0x90003000 mem 0x90003000 mem 0x90003000 mem 0x90003000 mem 0x90003000 mem 0x90003000 mem 0x90003000 mem 0x90003000
core   0: 0x80000164 (0xfe412303) lw      x6, -28(x2)
core   0: 3 0x80000164 (0xfe412303) x6  0x90002000 mem 0x7000000c
core   0: 0x80000168 (0x025342d7) vadd.vx v5, v5, x6
core   0: 3 0x80000168 (0x025342d7) c8_vstart 0x00000000 e32 m1 l32 v5  ffffffff 0x90002014 90002014 90002014 90002014 90002014 90002014 90002014 90002014 90002014 90002014 90002014 90002014 90002014 90002014 90002014 90002014 90002010 90002010 90002010 90002010 90002010 90002010 90002010 90002010 90002010 90002010 90002010 90002010 90002010 90002010 90002010 90002010 
core   0: 0x8000016c (0x0002a2fb) vlw12.v v5, v5, 0
core   0: 3 0x8000016c (0x0002a2fb) e32 m1 l32 v5  ffffffff 0x00000002 00000002 00000002 00000002 00000002 00000002 00000002 00000002 00000002 00000002 00000002 00000002 00000002 00000002 00000002 00000002 00000002 00000002 00000002 00000002 00000002 00000002 00000002 00000002 00000002 00000002 00000002 00000002 00000002 00000002 00000002 00000002  c8_vstart 0x00000000 mem 0x90002010 mem 0x90002010 mem 0x90002010 mem 0x90002010 mem 0x90002010 mem 0x90002010 mem 0x90002010 mem 0x90002010 mem 0x90002010 mem 0x90002010 mem 0x90002010 mem 0x90002010 mem 0x90002010 mem 0x90002010 mem 0x90002010 mem 0x90002010 mem 0x90002014 mem 0x90002014 mem 0x90002014 mem 0x90002014 mem 0x90002014 mem 0x90002014 mem 0x90002014 mem 0x90002014 mem 0x90002014 mem 0x90002014 mem 0x90002014 mem 0x90002014 mem 0x90002014 mem 0x90002014 mem 0x90002014 mem 0x90002014
core   0: 0x80000170 (0x02510157) vadd.vv v2, v5, v2
core   0: 3 0x80000170 (0x02510157) c8_vstart 0x00000000 e32 m1 l32 v2  ffffffff 0x00000002 00000002 00000002 00000002 00000002 00000002 00000002 00000002 00000002 00000002 00000002 00000002 00000002 00000002 00000002 00000002 00000012 00000012 00000012 00000012 00000012 00000012 00000012 00000012 00000012 00000012 00000012 00000012 00000012 00000012 00000012 00000012 
core   0: 0x80000174 (0xa22232d7) vsrl.vi v5, v2, 4
core   0: 3 0x80000174 (0xa22232d7) c8_vstart 0x00000000 e32 m1 l32 v5  ffffffff 0x00000000 00000000 00000000 00000000 00000000 00000000 00000000 00000000 00000000 00000000 00000000 00000000 00000000 00000000 00000000 00000000 00000001 00000001 00000001 00000001 00000001 00000001 00000001 00000001 00000001 00000001 00000001 00000001 00000001 00000001 00000001 00000001 
core   0: 0x80000178 (0xa241b357) vsrl.vi v6, v4, 3
core   0: 3 0x80000178 (0xa241b357) c8_vstart 0x00000000 e32 m1 l32 v6  ffffffff 0x00000001 00000001 00000001 00000001 00000001 00000001 00000001 00000001 00000000 00000000 00000000 00000000 00000000 00000000 00000000 00000000 00000001 00000001 00000001 00000001 00000001 00000001 00000001 00000001 00000000 00000000 00000000 00000000 00000000 00000000 00000000 00000000 
core   0: 0x8000017c (0x2643b3d7) vand.vi v7, v4, 7
core   0: 3 0x8000017c (0x2643b3d7) c8_vstart 0x00000000 e32 m1 l32 v7  ffffffff 0x00000007 00000006 00000005 00000004 00000003 00000002 00000001 00000000 00000007 00000006 00000005 00000004 00000003 00000002 00000001 00000000 00000007 00000006 00000005 00000004 00000003 00000002 00000001 00000000 00000007 00000006 00000005 00000004 00000003 00000002 00000001 00000000 
core   0: 0x80000180 (0x9621b457) vsll.vi v8, v2, 3
core   0: 3 0x80000180 (0x9621b457) c8_vstart 0x00000000 e32 m1 l32 v8  ffffffff 0x00000010 00000010 00000010 00000010 00000010 00000010 00000010 00000010 00000010 00000010 00000010 00000010 00000010 00000010 00000010 00000010 00000090 00000090 00000090 00000090 00000090 00000090 00000090 00000090 00000090 00000090 00000090 00000090 00000090 00000090 00000090 00000090 
core   0: 0x80000184 (0xa22134d7) vsrl.vi v9, v2, 2
core   0: 3 0x80000184 (0xa22134d7) c8_vstart 0x00000000 e32 m1 l32 v9  ffffffff 0x00000000 00000000 00000000 00000000 00000000 00000000 00000000 00000000 00000000 00000000 00000000 00000000 00000000 00000000 00000000 00000000 00000004 00000004 00000004 00000004 00000004 00000004 00000004 00000004 00000004 00000004 00000004 00000004 00000004 00000004 00000004 00000004 
core   0: 0x80000188 (0x2691b4d7) vand.vi v9, v9, 3
core   0: 3 0x80000188 (0x2691b4d7) c8_vstart 0x00000000 e32 m1 l32 v9  ffffffff 0x00000000 00000000 00000000 00000000 00000000 00000000 00000000 00000000 00000000 00000000 00000000 00000000 00000000 00000000 00000000 00000000 00000000 00000000 00000000 00000000 00000000 00000000 00000000 00000000 00000000 00000000 00000000 00000000 00000000 00000000 00000000 00000000 
core   0: 0x8000018c (0x0000300b) regexti x0, x0,  0 0 0 
core   0: 3 0x8000018c (0x0000300b)
core   0: 0x80000190 (0x268c3457) vand.vi v8, v8, -8
core   0: 3 0x80000190 (0x268c3457) c8_vstart 0x00000000 e32 m1 l32 v8  ffffffff 0x00000010 00000010 00000010 00000010 00000010 00000010 00000010 00000010 00000010 00000010 00000010 00000010 00000010 00000010 00000010 00000010 00000010 00000010 00000010 00000010 00000010 00000010 00000010 00000010 00000010 00000010 00000010 00000010 00000010 00000010 00000010 00000010 
core   0: 0x80000194 (0x2a8383d7) vor.vv  v7, v8, v7
core   0: 3 0x80000194 (0x2a8383d7) c8_vstart 0x00000000 e32 m1 l32 v7  ffffffff 0x00000017 00000016 00000015 00000014 00000013 00000012 00000011 00000010 00000017 00000016 00000015 00000014 00000013 00000012 00000011 00000010 00000017 00000016 00000015 00000014 00000013 00000012 00000011 00000010 00000017 00000016 00000015 00000014 00000013 00000012 00000011 00000010 
core   0: 0x80000198 (0xff012283) lw      x5, -16(x2)
core   0: 3 0x80000198 (0xff012283) x5  0x00000002 mem 0x70000018
core   0: 0x8000019c (0xa662e2d7) vmadd.vx v5, v6, x5
core   0: 3 0x8000019c (0xa662e2d7) c8_vstart 0x00000000 e32 m1 l32 v5  ffffffff 0x00000001 00000001 00000001 00000001 00000001 00000001 00000001 00000001 00000000 00000000 00000000 00000000 00000000 00000000 00000000 00000000 00000003 00000003 00000003 00000003 00000003 00000003 00000003 00000003 00000002 00000002 00000002 00000002 00000002 00000002 00000002 00000002 
core   0: 0x800001a0 (0x9653b2d7) vsll.vi v5, v5, 7
core   0: 3 0x800001a0 (0x9653b2d7) c8_vstart 0x00000000 e32 m1 l32 v5  ffffffff 0x00000080 00000080 00000080 00000080 00000080 00000080 00000080 00000080 00000000 00000000 00000000 00000000 00000000 00000000 00000000 00000000 00000180 00000180 00000180 00000180 00000180 00000180 00000180 00000180 00000100 00000100 00000100 00000100 00000100 00000100 00000100 00000100 
core   0: 0x800001a4 (0x96713357) vsll.vi v6, v7, 2
core   0: 3 0x800001a4 (0x96713357) c8_vstart 0x00000000 e32 m1 l32 v6  ffffffff 0x0000005c 00000058 00000054 00000050 0000004c 00000048 00000044 00000040 0000005c 00000058 00000054 00000050 0000004c 00000048 00000044 00000040 0000005c 00000058 00000054 00000050 0000004c 00000048 00000044 00000040 0000005c 00000058 00000054 00000050 0000004c 00000048 00000044 00000040 
core   0: 0x800001a8 (0x2a5302d7) vor.vv  v5, v5, v6
core   0: 3 0x800001a8 (0x2a5302d7) c8_vstart 0x00000000 e32 m1 l32 v5  ffffffff 0x000000dc 000000d8 000000d4 000000d0 000000cc 000000c8 000000c4 000000c0 0000005c 00000058 00000054 00000050 0000004c 00000048 00000044 00000040 000001dc 000001d8 000001d4 000001d0 000001cc 000001c8 000001c4 000001c0 0000015c 00000158 00000154 00000150 0000014c 00000148 00000144 00000140 
core   0: 0x800001ac (0x96013057) vsll.vi v0, v0, 2
core   0: 3 0x800001ac (0x96013057) c8_vstart 0x00000000 e32 m1 l32 v0  ffffffff 0x0000017c 00000178 00000174 00000170 0000016c 00000168 00000164 00000160 0000015c 00000158 00000154 00000150 0000014c 00000148 00000144 00000140 0000013c 00000138 00000134 00000130 0000012c 00000128 00000124 00000120 0000011c 00000118 00000114 00000110 0000010c 00000108 00000104 00000100 
core   0: 0x800001b0 (0xfec12283) lw      x5, -20(x2)
core   0: 3 0x800001b0 (0xfec12283) x5  0x90000000 mem 0x70000014
core   0: 0x800001b4 (0x0202c057) vadd.vx v0, v0, x5
core   0: 3 0x800001b4 (0x0202c057) c8_vstart 0x00000000 e32 m1 l32 v0  ffffffff 0x9000017c 90000178 90000174 90000170 9000016c 90000168 90000164 90000160 9000015c 90000158 90000154 90000150 9000014c 90000148 90000144 90000140 9000013c 90000138 90000134 90000130 9000012c 90000128 90000124 90000120 9000011c 90000118 90000114 90000110 9000010c 90000108 90000104 90000100 
core   0: 0x800001b8 (0x0000207b) vlw12.v v0, v0, 0
core   0: 3 0x800001b8 (0x0000207b) e32 m1 l32 v0  ffffffff 0xb229ac94 31a22d93 2e0cb13e ab09af2f 27fe3047 319820f5 ad63a866 2a47a262 ac8ab3f9 a6ba302f 33b6b1bf b12033ab b226ac92 b07eafee 32e53264 b017238b 23322dc3 b0b7b1a0 b359aea0 b0923139 a9dfae50 2fe63063 29372a1f a9432dbe 3105ad6c 332eabc2 9fa63001 3161b3c5 b1eeaca2 ae01b1ce 3150ae41 acbeb0ee  c8_vstart 0x00000000 mem 0x90000100 mem 0x90000104 mem 0x90000108 mem 0x9000010c mem 0x90000110 mem 0x90000114 mem 0x90000118 mem 0x9000011c mem 0x90000120 mem 0x90000124 mem 0x90000128 mem 0x9000012c mem 0x90000130 mem 0x90000134 mem 0x90000138 mem 0x9000013c mem 0x90000140 mem 0x90000144 mem 0x90000148 mem 0x9000014c mem 0x90000150 mem 0x90000154 mem 0x90000158 mem 0x9000015c mem 0x90000160 mem 0x90000164 mem 0x90000168 mem 0x9000016c mem 0x90000170 mem 0x90000174 mem 0x90000178 mem 0x9000017c
core   0: 0x800001bc (0x2a5482d7) vor.vv  v5, v5, v9
core   0: 3 0x800001bc (0x2a5482d7) c8_vstart 0x00000000 e32 m1 l32 v5  ffffffff 0x000000dc 000000d8 000000d4 000000d0 000000cc 000000c8 000000c4 000000c0 0000005c 00000058 00000054 00000050 0000004c 00000048 00000044 00000040 000001dc 000001d8 000001d4 000001d0 000001cc 000001c8 000001c4 000001c0 0000015c 00000158 00000154 00000150 0000014c 00000148 00000144 00000140 
core   0: 0x800001c0 (0x965132d7) vsll.vi v5, v5, 2
core   0: 3 0x800001c0 (0x965132d7) c8_vstart 0x00000000 e32 m1 l32 v5  ffffffff 0x00000370 00000360 00000350 00000340 00000330 00000320 00000310 00000300 00000170 00000160 00000150 00000140 00000130 00000120 00000110 00000100 00000770 00000760 00000750 00000740 00000730 00000720 00000710 00000700 00000570 00000560 00000550 00000540 00000530 00000520 00000510 00000500 
core   0: 0x800001c4 (0xff412283) lw      x5, -12(x2)
core   0: 3 0x800001c4 (0xff412283) x5  0x90004000 mem 0x7000001c
core   0: 0x800001c8 (0x0252c2d7) vadd.vx v5, v5, x5
core   0: 3 0x800001c8 (0x0252c2d7) c8_vstart 0x00000000 e32 m1 l32 v5  ffffffff 0x90004370 90004360 90004350 90004340 90004330 90004320 90004310 90004300 90004170 90004160 90004150 90004140 90004130 90004120 90004110 90004100 90004770 90004760 90004750 90004740 90004730 90004720 90004710 90004700 90004570 90004560 90004550 90004540 90004530 90004520 90004510 90004500 
core   0: 0x800001cc (0x0002e07b) vsw12.v v0, v5, 0
core   0: 3 0x800001cc (0x0002e07b) c8_vstart 0x00000000 e32 m1 l32 mem 0x90004500 0xacbeb0ee mem 0x90004510 0x3150ae41 mem 0x90004520 0xae01b1ce mem 0x90004530 0xb1eeaca2 mem 0x90004540 0x3161b3c5 mem 0x90004550 0x9fa63001 mem 0x90004560 0x332eabc2 mem 0x90004570 0x3105ad6c mem 0x90004700 0xa9432dbe mem 0x90004710 0x29372a1f mem 0x90004720 0x2fe63063 mem 0x90004730 0xa9dfae50 mem 0x90004740 0xb0923139 mem 0x90004750 0xb359aea0 mem 0x90004760 0xb0b7b1a0 mem 0x90004770 0x23322dc3 mem 0x90004100 0xb017238b mem 0x90004110 0x32e53264 mem 0x90004120 0xb07eafee mem 0x90004130 0xb226ac92 mem 0x90004140 0xb12033ab mem 0x90004150 0x33b6b1bf mem 0x90004160 0xa6ba302f mem 0x90004170 0xac8ab3f9 mem 0x90004300 0x2a47a262 mem 0x90004310 0xad63a866 mem 0x90004320 0x319820f5 mem 0x90004330 0x27fe3047 mem 0x90004340 0xab09af2f mem 0x90004350 0x2e0cb13e mem 0x90004360 0x31a22d93 mem 0x90004370 0xb229ac94
core   0: 0x800001d0 (0x00000317) auipc   x6, 0x0
core   0: 3 0x800001d0 (0x00000317) x6  0x800001d0
core   0: 0x800001d4 (0x0203305b) setrpc  x0, x6, 32
core   0: 3 0x800001d4 (0x0203305b) c2060_rpc 0x800001f0 current mask:	ffffffff current npc:	8000012c stack size: 0
core   0: 0x800001d8 (0x00419c5b) vbne    v4, v3, pc + 24
core   0: 3 0x800001d8 (0x00419c5b) c8_vstart 0x00000000 e32 m1 l32 current mask:	00010001 current npc:	800001dc stack size: 2
[r_pc] 800001f0 [else_pc] 800001f0 [else_mask] fffefffe 
[r_pc] 800001f0 [else_pc] 800001f0 [else_mask] ffffffff 
core   0: 0x800001dc (0x0040006f) j       pc + 0x4
core   0: 3 0x800001dc (0x0040006f)
core   0: 0x800001e0 (0x96213057) vsll.vi v0, v2, 2
core   0: 3 0x800001e0 (0x96213057) c8_vstart 0x00000000 e32 m1 l32 v0  00010001 0xb229ac94 31a22d93 2e0cb13e ab09af2f 27fe3047 319820f5 ad63a866 2a47a262 ac8ab3f9 a6ba302f 33b6b1bf b12033ab b226ac92 b07eafee 32e53264 00000008 23322dc3 b0b7b1a0 b359aea0 b0923139 a9dfae50 2fe63063 29372a1f a9432dbe 3105ad6c 332eabc2 9fa63001 3161b3c5 b1eeaca2 ae01b1ce 3150ae41 00000048 
core   0: 0x800001e4 (0xfdc12283) lw      x5, -36(x2)
core   0: 3 0x800001e4 (0xfdc12283) x5  0x90005000 mem 0x70000004
core   0: 0x800001e8 (0x0202c057) vadd.vx v0, v0, x5
core   0: 3 0x800001e8 (0x0202c057) c8_vstart 0x00000000 e32 m1 l32 v0  00010001 0xb229ac94 31a22d93 2e0cb13e ab09af2f 27fe3047 319820f5 ad63a866 2a47a262 ac8ab3f9 a6ba302f 33b6b1bf b12033ab b226ac92 b07eafee 32e53264 90005008 23322dc3 b0b7b1a0 b359aea0 b0923139 a9dfae50 2fe63063 29372a1f a9432dbe 3105ad6c 332eabc2 9fa63001 3161b3c5 b1eeaca2 ae01b1ce 3150ae41 90005048 
core   0: 0x800001ec (0x0010607b) vsw12.v v1, v0, 0
core   0: 3 0x800001ec (0x0010607b) c8_vstart 0x00000000 e32 m1 l32 mem 0x90005048 0x00000004 mem 0x90005008 0x00000005
core   0: 0x800001f0 (0x0000205b) join    v0, v0, pc + 0
core   0: 3 0x800001f0 (0x0000205b) current mask:	fffefffe current npc:	800001f0 stack size: 1
[r_pc] 800001f0 [else_pc] 800001f0 [else_mask] ffffffff 
core   0: 3 0x800001f0 (0x0000205b) current mask:	ffffffff current npc:	800001f0 stack size: 0
core   0: 3 0x800001f0 (0x0000205b) current mask:	ffcore   0: 0x00001000 (0x00000297) auipc   x5, 0x0
core   0: 3 0x00001000 (0x00000297) x5  0x00001000
core   0: 0x00001004 (0x02028593) addi    x11, x5, 32
core   0: 3 0x00001004 (0x02028593) x11 0x00001020
core   0: 0x00001008 (0xf1402573) csrr    x10, mhartid
core   0: 3 0x00001008 (0xf1402573) x10 0x00000000
core   0: 0x0000100c (0x0182a283) lw      x5, 24(x5)
core   0: 3 0x0000100c (0x0182a283) x5  0x80000000 mem 0x00001018
core   0: 0x00001010 (0x00028067) jr      x5
core   0: 3 0x00001010 (0x00028067)
core   0: 0x80000000 (0x00004197) auipc   x3, 0x4
core   0: 3 0x80000000 (0x00004197) x3  0x80004000
core   0: 0x80000004 (0x80818193) addi    x3, x3, -2040
core   0: 3 0x80000004 (0x80818193) x3  0x80003808
core   0: 0x80000008 (0x02000e93) li      x29, 32
core   0: 3 0x80000008 (0x02000e93) x29 0x00000020
core   0: 0x8000000c (0x0d0efed7) vsetvli x29, x29, e32, m1, ta, ma
core   0: 3 0x8000000c (0x0d0efed7) x29 0x00000020 c8_vstart 0x00000000 c3104_vl 0x00000020 c3105_vtype 0x000000d0 c768_mstatus 0x80000600
core   0: 0x80000010 (0x00002eb7) lui     x29, 0x2
core   0: 3 0x80000010 (0x00002eb7) x29 0x00002000
core   0: 0x80000014 (0x300eaef3) csrrs   x29, mstatus, x29
core   0: 3 0x80000014 (0x300eaef3) x29 0x80000600 c768_mstatus 0x80006600
core   0: 0x80000018 (0x00000e93) li      x29, 0
core   0: 3 0x80000018 (0x00000e93) x29 0x00000000
core   0: 0x8000001c (0x80502373) csrr    x6, wid
core   0: 3 0x8000001c (0x80502373) x6  0x00000000
core   0: 0x80000020 (0x806023f3) csrr    x7, lds
core   0: 3 0x80000020 (0x806023f3) x7  0x70000000
core   0: 0x80000024 (0x40000e13) li      x28, 1024
core   0: 3 0x80000024 (0x40000e13) x28 0x00000400
core   0: 0x80000028 (0x03c30333) mul     x6, x6, x28
core   0: 3 0x80000028 (0x03c30333) x6  0x00000000
core   0: 0x8000002c (0x00730133) add     x2, x6, x7
core   0: 3 0x8000002c (0x00730133) x2  0x70000000
core   0: 0x80000030 (0x00000213) li      x4, 0
core   0: 3 0x80000030 (0x00000213) x4  0x00000000
core   0: 0x80000034 (0x80102f73) csrr    x30, numw
core   0: 3 0x80000034 (0x80102f73) x30 0x00000001
core   0: 0x80000038 (0x40000e13) li      x28, 1024
core   0: 3 0x80000038 (0x40000e13) x28 0x00000400
core   0: 0x8000003c (0x03cf0f33) mul     x30, x30, x28
core   0: 3 0x8000003c (0x03cf0f33) x30 0x00000400
core   0: 0x80000040 (0x01e38433) add     x8, x7, x30
core   0: 3 0x80000040 (0x01e38433) x8  0x70000400
core   0: 0x80000044 (0x00003517) auipc   x10, 0x3
core   0: 3 0x80000044 (0x00003517) x10 0x80003044
core   0: 0x80000048 (0xfc450513) addi    x10, x10, -60
core   0: 3 0x80000048 (0xfc450513) x10 0x80003008
core   0: 0x8000004c (0x00003617) auipc   x12, 0x3
core   0: 3 0x8000004c (0x00003617) x12 0x8000304c
core   0: 0x80000050 (0xfbc60613) addi    x12, x12, -68
core   0: 3 0x80000050 (0xfbc60613) x12 0x80003008
core   0: 0x80000054 (0x00c50863) beq     x10, x12, pc + 16
core   0: 3 0x80000054 (0x00c50863)
core   0: 0x80000064 (0x803022f3) csrr    x5, knl
core   0: 3 0x80000064 (0x803022f3) x5  0x90107000
core   0: 0x80000068 (0x0002a303) lw      x6, 0(x5)
core   0: 3 0x80000068 (0x0002a303) x6  0x800000b8 mem 0x90107000
core   0: 0x8000006c (0x0042a503) lw      x10, 4(x5)
core   0: 3 0x8000006c (0x0042a503) x10 0x90006000 mem 0x90107004
core   0: 0x80000070 (0x0302a383) lw      x7, 48(x5)
core   0: 3 0x80000070 (0x0302a383) x7  0x00000000 mem 0x90107030
core   0: 0x80000074 (0x0342ae03) lw      x28, 52(x5)
core   0: 3 0x80000074 (0x0342ae03) x28 0x00000000 mem 0x90107034
core   0: 0x80000078 (0x00003e97) auipc   x29, 0x3
core   0: 3 0x80000078 (0x00003e97) x29 0x80003078
core   0: 0x8000007c (0xf88e8e93) addi    x29, x29, -120
core   0: 3 0x8000007c (0xf88e8e93) x29 0x80003000
core   0: 0x80000080 (0x00003f17) auipc   x30, 0x3
core   0: 3 0x80000080 (0x00003f17) x30 0x80003080
core   0: 0x80000084 (0xf84f0f13) addi    x30, x30, -124
core   0: 3 0x80000084 (0xf84f0f13) x30 0x80003004
core   0: 0x80000088 (0x007ea023) sw      x7, 0(x29)
core   0: 3 0x80000088 (0x007ea023) mem 0x80003000 0x00000000
core   0: 0x8000008c (0x01cf2023) sw      x28, 0(x30)
core   0: 3 0x8000008c (0x01cf2023) mem 0x80003004 0x00000000
core   0: 0x80000090 (0x00000f97) auipc   x31, 0x0
core   0: 3 0x80000090 (0x00000f97) x31 0x80000090
core   0: 0x80000094 (0x018f8f93) addi    x31, x31, 24
core   0: 3 0x80000094 (0x018f8f93) x31 0x800000a8
core   0: 0x80000098 (0x305f9073) csrw    mtvec, x31
core   0: 3 0x80000098 (0x305f9073) c773_mtvec 0x800000a8
core   0: 0x8000009c (0x000300e7) jalr    x6
core   0: 3 0x8000009c (0x000300e7) x1  0x800000a0
core   0: 0x800000b8 (0x02810113) addi    x2, x2, 40
core   0: 3 0x800000b8 (0x02810113) x2  0x70000028
core   0: 0x800000bc (0xfc112c23) sw      x1, -40(x2)
core   0: 3 0x800000bc (0xfc112c23) mem 0x70000000 0x800000a0
core   0: 0x800000c0 (0x02052283) lw      x5, 32(x10)
core   0: 3 0x800000c0 (0x02052283) x5  0x90005000 mem 0x90006020
core   0: 0x800000c4 (0xfc512e23) sw      x5, -36(x2)
core   0: 3 0x800000c4 (0xfc512e23) mem 0x70000004 0x90005000
core   0: 0x800000c8 (0x01c52283) lw      x5, 28(x10)
core   0: 3 0x800000c8 (0x01c52283) x5  0x90004000 mem 0x9000601c
core   0: 0x800000cc (0xfe512a23) sw      x5, -12(x2)
core   0: 3 0x800000cc (0xfe512a23) mem 0x7000001c 0x90004000
core   0: 0x800000d0 (0x01852283) lw      x5, 24(x10)
core   0: 3 0x800000d0 (0x01852283) x5  0x00000002 mem 0x90006018
core   0: 0x800000d4 (0xfe512823) sw      x5, -16(x2)
core   0: 3 0x800000d4 (0xfe512823) mem 0x70000018 0x00000002
core   0: 0x800000d8 (0x00c52283) lw      x5, 12(x10)
core   0: 3 0x800000d8 (0x00c52283) x5  0x90003000 mem 0x9000600c
core   0: 0x800000dc (0xfe512423) sw      x5, -24(x2)
core   0: 3 0x800000dc (0xfe512423) mem 0x70000010 0x90003000
core   0: 0x800000e0 (0x00852283) lw      x5, 8(x10)
core   0: 3 0x800000e0 (0x00852283) x5  0x90002000 mem 0x90006008
core   0: 0x800000e4 (0xfe512223) sw      x5, -28(x2)
core   0: 3 0x800000e4 (0xfe512223) mem 0x7000000c 0x90002000
core   0: 0x800000e8 (0x00452283) lw      x5, 4(x10)
core   0: 3 0x800000e8 (0x00452283) x5  0x90001000 mem 0x90006004
core   0: 0x800000ec (0xfe512023) sw      x5, -32(x2)
core   0: 3 0x800000ec (0xfe512023) mem 0x70000008 0x90001000
core   0: 0x800000f0 (0x00052283) lw      x5, 0(x10)
core   0: 3 0x800000f0 (0x00052283) x5  0x90000000 mem 0x90006000
core   0: 0x800000f4 (0xfe512623) sw      x5, -20(x2)
core   0: 3 0x800000f4 (0xfe512623) mem 0x70000014 0x90000000
core   0: 0x800000f8 (0x01452283) lw      x5, 20(x10)
core   0: 3 0x800000f8 (0x01452283) x5  0x00000010 mem 0x90006014
core   0: 0x800000fc (0xfe512c23) sw      x5, -8(x2)
core   0: 3 0x800000fc (0xfe512c23) mem 0x70000020 0x00000010
core   0: 0x80000100 (0x01052283) lw      x5, 16(x10)
core   0: 3 0x80000100 (0x01052283) x5  0x00000010 mem 0x90006010
core   0: 0x80000104 (0xfe512e23) sw      x5, -4(x2)
core   0: 3 0x80000104 (0xfe512e23) mem 0x70000024 0x00000010
core   0: 0x80000108 (0x5e004057) vmv.v.x v0, x0
core   0: 3 0x80000108 (0x5e004057) c8_vstart 0x00000000 e32 m1 l32 v0  ffffffff 0x00000000 00000000 00000000 00000000 00000000 00000000 00000000 00000000 00000000 00000000 00000000 00000000 00000000 00000000 00000000 00000000 00000000 00000000 00000000 00000000 00000000 00000000 00000000 00000000 00000000 00000000 00000000 00000000 00000000 00000000 00000000 00000000 
core   0: 0x8000010c (0x5e4000ef) jal     pc + 0x5e4
core   0: 3 0x8000010c (0x5e4000ef) x1  0x80000110
core   0: 0x800006f0 (0x00410113) addi    x2, x2, 4
core   0: 3 0x800006f0 (0x00410113) x2  0x7000002c
core   0: 0x800006f4 (0xfe112e23) sw      x1, -4(x2)
core   0: 3 0x800006f4 (0xfe112e23) mem 0x70000028 0x80000110
core   0: 0x800006f8 (0x020040d7) vadd.vx v1, v0, x0
core   0: 3 0x800006f8 (0x020040d7) c8_vstart 0x00000000 e32 m1 l32 v1  ffffffff 0x00000000 00000000 00000000 00000000 00000000 00000000 00000000 00000000 00000000 00000000 00000000 00000000 00000000 00000000 00000000 00000000 00000000 00000000 00000000 00000000 00000000 00000000 00000000 00000000 00000000 00000000 00000000 00000000 00000000 00000000 00000000 00000000 
core   0: 0x800006fc (0x00200293) li      x5, 2
core   0: 3 0x800006fc (0x00200293) x5  0x00000002
core   0: 0x80000700 (0x5e02c057) vmv.v.x v0, x5
core   0: 3 0x80000700 (0x5e02c057) c8_vstart 0x00000000 e32 m1 l32 v0  ffffffff 0x00000002 00000002 00000002 00000002 00000002 00000002 00000002 00000002 00000002 00000002 00000002 00000002 00000002 00000002 00000002 00000002 00000002 00000002 00000002 00000002 00000002 00000002 00000002 00000002 00000002 00000002 00000002 00000002 00000002 00000002 00000002 00000002 
core   0: 0x80000704 (0x00000317) auipc   x6, 0x0
core   0: 3 0x80000704 (0x00000317) x6  0x80000704
core   0: 0x80000708 (0x0543305b) setrpc  x0, x6, 84
core   0: 3 0x80000708 (0x0543305b) c2060_rpc 0x80000758 current mask:	ffffffff current npc:	00000000 stack size: 0
core   0: 0x8000070c (0x0410045b) vbeq    v1, v0, pc + 72
core   0: 3 0x8000070c (0x0410045b) c8_vstart 0x00000000 e32 m1 l32 current mask:	ffffffff current npc:	80000710 stack size: 0
core   0: 0x80000710 (0x0040006f) j       pc + 0x4
core   0: 3 0x80000710 (0x0040006f)
core   0: 0x80000714 (0x00100293) li      x5, 1
core   0: 3 0x80000714 (0x00100293) x5  0x00000001
core   0: 0x80000718 (0x5e02c057) vmv.v.x v0, x5
core   0: 3 0x80000718 (0x5e02c057) c8_vstart 0x00000000 e32 m1 l32 v0  ffffffff 0x00000001 00000001 00000001 00000001 00000001 00000001 00000001 00000001 00000001 00000001 00000001 00000001 00000001 00000001 00000001 00000001 00000001 00000001 00000001 00000001 00000001 00000001 00000001 00000001 00000001 00000001 00000001 00000001 00000001 00000001 00000001 00000001 
core   0: 0x8000071c (0x00000317) auipc   x6, 0x0
core   0: 3 0x8000071c (0x00000317) x6  0x8000071c
core   0: 0x80000720 (0x03c3305b) setrpc  x0, x6, 60
core   0: 3 0x80000720 (0x03c3305b) c2060_rpc 0x80000758 current mask:	ffffffff current npc:	80000710 stack size: 0
core   0: 0x80000724 (0x0210045b) vbeq    v1, v0, pc + 40
core   0: 3 0x80000724 (0x0210045b) c8_vstart 0x00000000 e32 m1 l32 current mask:	ffffffff current npc:	80000728 stack size: 0
core   0: 0x80000728 (0x0040006f) j       pc + 0x4
core   0: 3 0x80000728 (0x0040006f)
core   0: 0x8000072c (0x5e004157) vmv.v.x v2, x0
core   0: 3 0x8000072c (0x5e004157) c8_vstart 0x00000000 e32 m1 l32 v2  ffffffff 0x00000000 00000000 00000000 00000000 00000000 00000000 00000000 00000000 00000000 00000000 00000000 00000000 00000000 00000000 00000000 00000000 00000000 00000000 00000000 00000000 00000000 00000000 00000000 00000000 00000000 00000000 00000000 00000000 00000000 00000000 00000000 00000000 
core   0: 0x80000730 (0x5e004057) vmv.v.x v0, x0
core   0: 3 0x80000730 (0x5e004057) c8_vstart 0x00000000 e32 m1 l32 v0  ffffffff 0x00000000 00000000 00000000 00000000 00000000 00000000 00000000 00000000 00000000 00000000 00000000 00000000 00000000 00000000 00000000 00000000 00000000 00000000 00000000 00000000 00000000 00000000 00000000 00000000 00000000 00000000 00000000 00000000 00000000 00000000 00000000 00000000 
core   0: 0x80000734 (0x00000317) auipc   x6, 0x0
core   0: 3 0x80000734 (0x00000317) x6  0x80000734
core   0: 0x80000738 (0x0243305b) setrpc  x0, x6, 36
core   0: 3 0x80000738 (0x0243305b) c2060_rpc 0x80000758 current mask:	ffffffff current npc:	80000728 stack size: 0
core   0: 0x8000073c (0x00111e5b) vbne    v1, v2, pc + 28
core   0: 3 0x8000073c (0x00111e5b) c8_vstart 0x00000000 e32 m1 l32 current mask:	ffffffff current npc:	80000740 stack size: 0
core   0: 0x80000740 (0x0040006f) j       pc + 0x4
core   0: 3 0x80000740 (0x0040006f)
core   0: 0x80000744 (0x124000ef) jal     pc + 0x124
core   0: 3 0x80000744 (0x124000ef) x1  0x80000748
core   0: 0x80000868 (0x00410113) addi    x2, x2, 4
core   0: 3 0x80000868 (0x00410113) x2  0x70000030
core   0: 0x8000086c (0xfe112e23) sw      x1, -4(x2)
core   0: 3 0x8000086c (0xfe112e23) mem 0x7000002c 0x80000748
core   0: 0x80000870 (0xf1dff0ef) jal     pc - 0xe4
core   0: 3 0x80000870 (0xf1dff0ef) x1  0x80000874
core   0: 0x8000078c (0x00410113) addi    x2, x2, 4
core   0: 3 0x8000078c (0x00410113) x2  0x70000034
core   0: 0x80000790 (0xfe112e23) sw      x1, -4(x2)
core   0: 3 0x80000790 (0xfe112e23) mem 0x70000030 0x80000874
core   0: 0x80000794 (0x80302573) csrr    x10, knl
core   0: 3 0x80000794 (0x80302573) x10 0x90107000
core   0: 0x80000798 (0x00852283) lw      x5, 8(x10)
core   0: 3 0x80000798 (0x00852283) x5  0x00000001 mem 0x90107008
core   0: 0x8000079c (0x80002373) csrr    x6, tid
core   0: 3 0x8000079c (0x80002373) x6  0x00000000
core   0: 0x800007a0 (0x5208a157) vid.v   v2
core   0: 3 0x800007a0 (0x5208a157) c8_vstart 0x00000000 e32 m1 l32 v2  ffffffff 0x0000001f 0000001e 0000001d 0000001c 0000001b 0000001a 00000019 00000018 00000017 00000016 00000015 00000014 00000013 00000012 00000011 00000010 0000000f 0000000e 0000000d 0000000c 0000000b 0000000a 00000009 00000008 00000007 00000006 00000005 00000004 00000003 00000002 00000001 00000000 
core   0: 0x800007a4 (0x02234057) vadd.vx v0, v2, x6
core   0: 3 0x800007a4 (0x02234057) c8_vstart 0x00000000 e32 m1 l32 v0  ffffffff 0x0000001f 0000001e 0000001d 0000001c 0000001b 0000001a 00000019 00000018 00000017 00000016 00000015 00000014 00000013 00000012 00000011 00000010 0000000f 0000000e 0000000d 0000000c 0000000b 0000000a 00000009 00000008 00000007 00000006 00000005 00000004 00000003 00000002 00000001 00000000 
core   0: 0x800007a8 (0x01852e03) lw      x28, 24(x10)
core   0: 3 0x800007a8 (0x01852e03) x28 0x00000020 mem 0x90107018
core   0: 0x800007ac (0x8a0e6057) vremu.vx v0, v0, x28
core   0: 3 0x800007ac (0x8a0e6057) c8_vstart 0x00000000 e32 m1 l32 v0  ffffffff 0x0000001f 0000001e 0000001d 0000001c 0000001b 0000001a 00000019 00000018 00000017 00000016 00000015 00000014 00000013 00000012 00000011 00000010 0000000f 0000000e 0000000d 0000000c 0000000b 0000000a 00000009 00000008 00000007 00000006 00000005 00000004 00000003 00000002 00000001 00000000 
core   0: 0x800007b0 (0xffc12083) lw      x1, -4(x2)
core   0: 3 0x800007b0 (0xffc12083) x1  0x80000874 mem 0x70000030
core   0: 0x800007b4 (0xffc10113) addi    x2, x2, -4
core   0: 3 0x800007b4 (0xffc10113) x2  0x70000030
core   0: 0x800007b8 (0x00008067) ret
core   0: 3 0x800007b8 (0x00008067)
core   0: 0x80000874 (0x80302573) csrr    x10, knl
core   0: 3 0x80000874 (0x80302573) x10 0x90107000
core   0: 0x80000878 (0x80802373) csrr    x6, gidx
core   0: 3 0x80000878 (0x80802373) x6  0x00000003
core   0: 0x8000087c (0x01852e03) lw      x28, 24(x10)
core   0: 3 0x8000087c (0x01852e03) x28 0x00000020 mem 0x90107018
core   0: 0x80000880 (0x02452e83) lw      x29, 36(x10)
core   0: 3 0x80000880 (0x02452e83) x29 0x00000000 mem 0x90107024
core   0: 0x80000884 (0x03c30fb3) mul     x31, x6, x28
core   0: 3 0x80000884 (0x03c30fb3) x31 0x00000060
core   0: 0x80000888 (0x01df8fb3) add     x31, x31, x29
core   0: 3 0x80000888 (0x01df8fb3) x31 0x00000060
core   0: 0x8000088c (0x020fc057) vadd.vx v0, v0, x31
core   0: 3 0x8000088c (0x020fc057) c8_vstart 0x00000000 e32 m1 l32 v0  ffffffff 0x0000007f 0000007e 0000007d 0000007c 0000007b 0000007a 00000079 00000078 00000077 00000076 00000075 00000074 00000073 00000072 00000071 00000070 0000006f 0000006e 0000006d 0000006c 0000006b 0000006a 00000069 00000068 00000067 00000066 00000065 00000064 00000063 00000062 00000061 00000060 
core   0: 0x80000890 (0xffc12083) lw      x1, -4(x2)
core   0: 3 0x80000890 (0xffc12083) x1  0x80000748 mem 0x7000002c
core   0: 0x80000894 (0xffc10113) addi    x2, x2, -4
core   0: 3 0x80000894 (0xffc10113) x2  0x7000002c
core   0: 0x80000898 (0x00008067) ret
core   0: 3 0x80000898 (0x00008067)
core   0: 0x80000748 (0x0100006f) j       pc + 0x10
core   0: 3 0x80000748 (0x0100006f)
core   0: 0x80000758 (0x0000205b) join    v0, v0, pc + 0
core   0: 3 0x80000758 (0x0000205b) current mask:	ffffffff current npc:	80000740 stack size: 0
core   0: 0x8000075c (0xffc12083) lw      x1, -4(x2)
core   0: 3 0x8000075c (0xffc12083) x1  0x80000110 mem 0x70000028
core   0: 0x80000760 (0xffc10113) addi    x2, x2, -4
core   0: 3 0x80000760 (0xffc10113) x2  0x70000028
core   0: 0x80000764 (0x00008067) ret
core   0: 3 0x80000764 (0x00008067)
core   0: 0x80000110 (0xff812383) lw      x7, -8(x2)
core   0: 3 0x80000110 (0xff812383) x7  0x00000010 mem 0x70000020
core   0: 0x80000114 (0xffc12283) lw      x5, -4(x2)
core   0: 3 0x80000114 (0xffc12283) x5  0x00000010 mem 0x70000024
core   0: 0x80000118 (0x025382b3) mul     x5, x7, x5
core   0: 3 0x80000118 (0x025382b3) x5  0x00000100
core   0: 0x8000011c (0x5e02c0d7) vmv.v.x v1, x5
core   0: 3 0x8000011c (0x5e02c0d7) c8_vstart 0x00000000 e32 m1 l32 v1  ffffffff 0x00000100 00000100 00000100 00000100 00000100 00000100 00000100 00000100 00000100 00000100 00000100 00000100 00000100 00000100 00000100 00000100 00000100 00000100 00000100 00000100 00000100 00000100 00000100 00000100 00000100 00000100 00000100 00000100 00000100 00000100 00000100 00000100 
core   0: 0x80000120 (0x00000317) auipc   x6, 0x0
core   0: 3 0x80000120 (0x00000317) x6  0x80000120
core   0: 0x80000124 (0x0d03305b) setrpc  x0, x6, 208
core   0: 3 0x80000124 (0x0d03305b) c2060_rpc 0x800001f0 current mask:	ffffffff current npc:	80000740 stack size: 0
core   0: 0x80000128 (0x0c00d45b) vbge    v0, v1, pc + 200
core   0: 3 0x80000128 (0x0c00d45b) c8_vstart 0x00000000 e32 m1 l32 current mask:	ffffffff current npc:	8000012c stack size: 0
core   0: 0x8000012c (0x0040006f) j       pc + 0x4
core   0: 3 0x8000012c (0x0040006f)
core   0: 0x80000130 (0x5e0041d7) vmv.v.x v3, x0
core   0: 3 0x80000130 (0x5e0041d7) c8_vstart 0x00000000 e32 m1 l32 v3  ffffffff 0x00000000 00000000 00000000 00000000 00000000 00000000 00000000 00000000 00000000 00000000 00000000 00000000 00000000 00000000 00000000 00000000 00000000 00000000 00000000 00000000 00000000 00000000 00000000 00000000 00000000 00000000 00000000 00000000 00000000 00000000 00000000 00000000 
core   0: 0x80000134 (0x5e03c157) vmv.v.x v2, x7
core   0: 3 0x80000134 (0x5e03c157) c8_vstart 0x00000000 e32 m1 l32 v2  ffffffff 0x00000010 00000010 00000010 00000010 00000010 00000010 00000010 00000010 00000010 00000010 00000010 00000010 00000010 00000010 00000010 00000010 00000010 00000010 00000010 00000010 00000010 00000010 00000010 00000010 00000010 00000010 00000010 00000010 00000010 00000010 00000010 00000010 
core   0: 0x80000138 (0x8603e0d7) vdiv.vx v1, v0, x7
core   0: 3 0x80000138 (0x8603e0d7) c8_vstart 0x00000000 e32 m1 l32 v1  ffffffff 0x00000007 00000007 00000007 00000007 00000007 00000007 00000007 00000007 00000007 00000007 00000007 00000007 00000007 00000007 00000007 00000007 00000006 00000006 00000006 00000006 00000006 00000006 00000006 00000006 00000006 00000006 00000006 00000006 00000006 00000006 00000006 00000006 
core   0: 0x8000013c (0x02104257) vadd.vx v4, v1, x0
core   0: 3 0x8000013c (0x02104257) c8_vstart 0x00000000 e32 m1 l32 v4  ffffffff 0x00000007 00000007 00000007 00000007 00000007 00000007 00000007 00000007 00000007 00000007 00000007 00000007 00000007 00000007 00000007 00000007 00000006 00000006 00000006 00000006 00000006 00000006 00000006 00000006 00000006 00000006 00000006 00000006 00000006 00000006 00000006 00000006 
core   0: 0x80000140 (0x961132d7) vsll.vi v5, v1, 2
core   0: 3 0x80000140 (0x961132d7) c8_vstart 0x00000000 e32 m1 l32 v5  ffffffff 0x0000001c 0000001c 0000001c 0000001c 0000001c 0000001c 0000001c 0000001c 0000001c 0000001c 0000001c 0000001c 0000001c 0000001c 0000001c 0000001c 00000018 00000018 00000018 00000018 00000018 00000018 00000018 00000018 00000018 00000018 00000018 00000018 00000018 00000018 00000018 00000018 
core   0: 0x80000144 (0xfe012283) lw      x5, -32(x2)
core   0: 3 0x80000144 (0xfe012283) x5  0x90001000 mem 0x70000008
core   0: 0x80000148 (0x0252c357) vadd.vx v6, v5, x5
core   0: 3 0x80000148 (0x0252c357) c8_vstart 0x00000000 e32 m1 l32 v6  ffffffff 0x9000101c 9000101c 9000101c 9000101c 9000101c 9000101c 9000101c 9000101c 9000101c 9000101c 9000101c 9000101c 9000101c 9000101c 9000101c 9000101c 90001018 90001018 90001018 90001018 90001018 90001018 90001018 90001018 90001018 90001018 90001018 90001018 90001018 90001018 90001018 90001018 
core   0: 0x8000014c (0x0003237b) vlw12.v v6, v6, 0
core   0: 3 0x8000014c (0x0003237b) e32 m1 l32 v6  ffffffff 0x00000000 00000000 00000000 00000000 00000000 00000000 00000000 00000000 00000000 00000000 00000000 00000000 00000000 00000000 00000000 00000000 00000001 00000001 00000001 00000001 00000001 00000001 00000001 00000001 00000001 00000001 00000001 00000001 00000001 00000001 00000001 00000001  c8_vstart 0x00000000 mem 0x90001018 mem 0x90001018 mem 0x90001018 mem 0x90001018 mem 0x90001018 mem 0x90001018 mem 0x90001018 mem 0x90001018 mem 0x90001018 mem 0x90001018 mem 0x90001018 mem 0x90001018 mem 0x90001018 mem 0x90001018 mem 0x90001018 mem 0x90001018 mem 0x9000101c mem 0x9000101c mem 0x9000101c mem 0x9000101c mem 0x9000101c mem 0x9000101c mem 0x9000101c mem 0x9000101c mem 0x9000101c mem 0x9000101c mem 0x9000101c mem 0x9000101c mem 0x9000101c mem 0x9000101c mem 0x9000101c mem 0x9000101c
core   0: 0x80000150 (0xae012257) vnmsub.vv v4, v0, v2
core   0: 3 0x80000150 (0xae012257) c8_vstart 0x00000000 e32 m1 l32 v4  ffffffff 0x0000000f 0000000e 0000000d 0000000c 0000000b 0000000a 00000009 00000008 00000007 00000006 00000005 00000004 00000003 00000002 00000001 00000000 0000000f 0000000e 0000000d 0000000c 0000000b 0000000a 00000009 00000008 00000007 00000006 00000005 00000004 00000003 00000002 00000001 00000000 
core   0: 0x80000154 (0x96613157) vsll.vi v2, v6, 2
core   0: 3 0x80000154 (0x96613157) c8_vstart 0x00000000 e32 m1 l32 v2  ffffffff 0x00000000 00000000 00000000 00000000 00000000 00000000 00000000 00000000 00000000 00000000 00000000 00000000 00000000 00000000 00000000 00000000 00000004 00000004 00000004 00000004 00000004 00000004 00000004 00000004 00000004 00000004 00000004 00000004 00000004 00000004 00000004 00000004 
core   0: 0x80000158 (0xfe812283) lw      x5, -24(x2)
core   0: 3 0x80000158 (0xfe812283) x5  0x90003000 mem 0x70000010
core   0: 0x8000015c (0x0222c157) vadd.vx v2, v2, x5
core   0: 3 0x8000015c (0x0222c157) c8_vstart 0x00000000 e32 m1 l32 v2  ffffffff 0x90003000 90003000 90003000 90003000 90003000 90003000 90003000 90003000 90003000 90003000 90003000 90003000 90003000 90003000 90003000 90003000 90003004 90003004 90003004 90003004 90003004 90003004 90003004 90003004 90003004 90003004 90003004 90003004 90003004 90003004 90003004 90003004 
core   0: 0x80000160 (0x0001217b) vlw12.v v2, v2, 0
core   0: 3 0x80000160 (0x0001217b) e32 m1 l32 v2  ffffffff 0x00000000 00000000 00000000 00000000 00000000 00000000 00000000 00000000 00000000 00000000 00000000 00000000 00000000 00000000 00000000 00000000 00000010 00000010 00000010 00000010 00000010 00000010 00000010 00000010 00000010 00000010 00000010 00000010 00000010 00000010 00000010 00000010  c8_vstart 0x00000000 mem 0x90003004 mem 0x90003004 mem 0x90003004 mem 0x90003004 mem 0x90003004 mem 0x90003004 mem 0x90003004 mem 0x90003004 mem 0x90003004 mem 0x90003004 mem 0x90003004 mem 0x90003004 mem 0x90003004 mem 0x90003004 mem 0x90003004 mem 0x90003004 mem 0x90003000 mem 0x90003000 mem 0x90003000 mem 0x90003000 mem 0x90003000 mem 0x90003000 mem 0x90003000 mem 0x90003000 mem 0x90003000 mem 0x90003000 mem 0x90003000 mem 0x90003000 mem 0x90003000 mem 0x90003000 mem 0x90003000 mem 0x90003000
core   0: 0x80000164 (0xfe412303) lw      x6, -28(x2)
core   0: 3 0x80000164 (0xfe412303) x6  0x90002000 mem 0x7000000c
core   0: 0x80000168 (0x025342d7) vadd.vx v5, v5, x6
core   0: 3 0x80000168 (0x025342d7) c8_vstart 0x00000000 e32 m1 l32 v5  ffffffff 0x9000201c 9000201c 9000201c 9000201c 9000201c 9000201c 9000201c 9000201c 9000201c 9000201c 9000201c 9000201c 9000201c 9000201c 9000201c 9000201c 90002018 90002018 90002018 90002018 90002018 90002018 90002018 90002018 90002018 90002018 90002018 90002018 90002018 90002018 90002018 90002018 
core   0: 0x8000016c (0x0002a2fb) vlw12.v v5, v5, 0
core   0: 3 0x8000016c (0x0002a2fb) e32 m1 l32 v5  ffffffff 0x00000003 00000003 00000003 00000003 00000003 00000003 00000003 00000003 00000003 00000003 00000003 00000003 00000003 00000003 00000003 00000003 00000003 00000003 00000003 00000003 00000003 00000003 00000003 00000003 00000003 00000003 00000003 00000003 00000003 00000003 00000003 00000003  c8_vstart 0x00000000 mem 0x90002018 mem 0x90002018 mem 0x90002018 mem 0x90002018 mem 0x90002018 mem 0x90002018 mem 0x90002018 mem 0x90002018 mem 0x90002018 mem 0x90002018 mem 0x90002018 mem 0x90002018 mem 0x90002018 mem 0x90002018 mem 0x90002018 mem 0x90002018 mem 0x9000201c mem 0x9000201c mem 0x9000201c mem 0x9000201c mem 0x9000201c mem 0x9000201c mem 0x9000201c mem 0x9000201c mem 0x9000201c mem 0x9000201c mem 0x9000201c mem 0x9000201c mem 0x9000201c mem 0x9000201c mem 0x9000201c mem 0x9000201c
core   0: 0x80000170 (0x02510157) vadd.vv v2, v5, v2
core   0: 3 0x80000170 (0x02510157) c8_vstart 0x00000000 e32 m1 l32 v2  ffffffff 0x00000003 00000003 00000003 00000003 00000003 00000003 00000003 00000003 00000003 00000003 00000003 00000003 00000003 00000003 00000003 00000003 00000013 00000013 00000013 00000013 00000013 00000013 00000013 00000013 00000013 00000013 00000013 00000013 00000013 00000013 00000013 00000013 
core   0: 0x80000174 (0xa22232d7) vsrl.vi v5, v2, 4
core   0: 3 0x80000174 (0xa22232d7) c8_vstart 0x00000000 e32 m1 l32 v5  ffffffff 0x00000000 00000000 00000000 00000000 00000000 00000000 00000000 00000000 00000000 00000000 00000000 00000000 00000000 00000000 00000000 00000000 00000001 00000001 00000001 00000001 00000001 00000001 00000001 00000001 00000001 00000001 00000001 00000001 00000001 00000001 00000001 00000001 
core   0: 0x80000178 (0xa241b357) vsrl.vi v6, v4, 3
core   0: 3 0x80000178 (0xa241b357) c8_vstart 0x00000000 e32 m1 l32 v6  ffffffff 0x00000001 00000001 00000001 00000001 00000001 00000001 00000001 00000001 00000000 00000000 00000000 00000000 00000000 00000000 00000000 00000000 00000001 00000001 00000001 00000001 00000001 00000001 00000001 00000001 00000000 00000000 00000000 00000000 00000000 00000000 00000000 00000000 
core   0: 0x8000017c (0x2643b3d7) vand.vi v7, v4, 7
core   0: 3 0x8000017c (0x2643b3d7) c8_vstart 0x00000000 e32 m1 l32 v7  ffffffff 0x00000007 00000006 00000005 00000004 00000003 00000002 00000001 00000000 00000007 00000006 00000005 00000004 00000003 00000002 00000001 00000000 00000007 00000006 00000005 00000004 00000003 00000002 00000001 00000000 00000007 00000006 00000005 00000004 00000003 00000002 00000001 00000000 
core   0: 0x80000180 (0x9621b457) vsll.vi v8, v2, 3
core   0: 3 0x80000180 (0x9621b457) c8_vstart 0x00000000 e32 m1 l32 v8  ffffffff 0x00000018 00000018 00000018 00000018 00000018 00000018 00000018 00000018 00000018 00000018 00000018 00000018 00000018 00000018 00000018 00000018 00000098 00000098 00000098 00000098 00000098 00000098 00000098 00000098 00000098 00000098 00000098 00000098 00000098 00000098 00000098 00000098 
core   0: 0x80000184 (0xa22134d7) vsrl.vi v9, v2, 2
core   0: 3 0x80000184 (0xa22134d7) c8_vstart 0x00000000 e32 m1 l32 v9  ffffffff 0x00000000 00000000 00000000 00000000 00000000 00000000 00000000 00000000 00000000 00000000 00000000 00000000 00000000 00000000 00000000 00000000 00000004 00000004 00000004 00000004 00000004 00000004 00000004 00000004 00000004 00000004 00000004 00000004 00000004 00000004 00000004 00000004 
core   0: 0x80000188 (0x2691b4d7) vand.vi v9, v9, 3
core   0: 3 0x80000188 (0x2691b4d7) c8_vstart 0x00000000 e32 m1 l32 v9  ffffffff 0x00000000 00000000 00000000 00000000 00000000 00000000 00000000 00000000 00000000 00000000 00000000 00000000 00000000 00000000 00000000 00000000 00000000 00000000 00000000 00000000 00000000 00000000 00000000 00000000 00000000 00000000 00000000 00000000 00000000 00000000 00000000 00000000 
core   0: 0x8000018c (0x0000300b) regexti x0, x0,  0 0 0 
core   0: 3 0x8000018c (0x0000300b)
core   0: 0x80000190 (0x268c3457) vand.vi v8, v8, -8
core   0: 3 0x80000190 (0x268c3457) c8_vstart 0x00000000 e32 m1 l32 v8  ffffffff 0x00000018 00000018 00000018 00000018 00000018 00000018 00000018 00000018 00000018 00000018 00000018 00000018 00000018 00000018 00000018 00000018 00000018 00000018 00000018 00000018 00000018 00000018 00000018 00000018 00000018 00000018 00000018 00000018 00000018 00000018 00000018 00000018 
core   0: 0x80000194 (0x2a8383d7) vor.vv  v7, v8, v7
core   0: 3 0x80000194 (0x2a8383d7) c8_vstart 0x00000000 e32 m1 l32 v7  ffffffff 0x0000001f 0000001e 0000001d 0000001c 0000001b 0000001a 00000019 00000018 0000001f 0000001e 0000001d 0000001c 0000001b 0000001a 00000019 00000018 0000001f 0000001e 0000001d 0000001c 0000001b 0000001a 00000019 00000018 0000001f 0000001e 0000001d 0000001c 0000001b 0000001a 00000019 00000018 
core   0: 0x80000198 (0xff012283) lw      x5, -16(x2)
core   0: 3 0x80000198 (0xff012283) x5  0x00000002 mem 0x70000018
core   0: 0x8000019c (0xa662e2d7) vmadd.vx v5, v6, x5
core   0: 3 0x8000019c (0xa662e2d7) c8_vstart 0x00000000 e32 m1 l32 v5  ffffffff 0x00000001 00000001 00000001 00000001 00000001 00000001 00000001 00000001 00000000 00000000 00000000 00000000 00000000 00000000 00000000 00000000 00000003 00000003 00000003 00000003 00000003 00000003 00000003 00000003 00000002 00000002 00000002 00000002 00000002 00000002 00000002 00000002 
core   0: 0x800001a0 (0x9653b2d7) vsll.vi v5, v5, 7
core   0: 3 0x800001a0 (0x9653b2d7) c8_vstart 0x00000000 e32 m1 l32 v5  ffffffff 0x00000080 00000080 00000080 00000080 00000080 00000080 00000080 00000080 00000000 00000000 00000000 00000000 00000000 00000000 00000000 00000000 00000180 00000180 00000180 00000180 00000180 00000180 00000180 00000180 00000100 00000100 00000100 00000100 00000100 00000100 00000100 00000100 
core   0: 0x800001a4 (0x96713357) vsll.vi v6, v7, 2
core   0: 3 0x800001a4 (0x96713357) c8_vstart 0x00000000 e32 m1 l32 v6  ffffffff 0x0000007c 00000078 00000074 00000070 0000006c 00000068 00000064 00000060 0000007c 00000078 00000074 00000070 0000006c 00000068 00000064 00000060 0000007c 00000078 00000074 00000070 0000006c 00000068 00000064 00000060 0000007c 00000078 00000074 00000070 0000006c 00000068 00000064 00000060 
core   0: 0x800001a8 (0x2a5302d7) vor.vv  v5, v5, v6
core   0: 3 0x800001a8 (0x2a5302d7) c8_vstart 0x00000000 e32 m1 l32 v5  ffffffff 0x000000fc 000000f8 000000f4 000000f0 000000ec 000000e8 000000e4 000000e0 0000007c 00000078 00000074 00000070 0000006c 00000068 00000064 00000060 000001fc 000001f8 000001f4 000001f0 000001ec 000001e8 000001e4 000001e0 0000017c 00000178 00000174 00000170 0000016c 00000168 00000164 00000160 
core   0: 0x800001ac (0x96013057) vsll.vi v0, v0, 2
core   0: 3 0x800001ac (0x96013057) c8_vstart 0x00000000 e32 m1 l32 v0  ffffffff 0x000001fc 000001f8 000001f4 000001f0 000001ec 000001e8 000001e4 000001e0 000001dc 000001d8 000001d4 000001d0 000001cc 000001c8 000001c4 000001c0 000001bc 000001b8 000001b4 000001b0 000001ac 000001a8 000001a4 000001a0 0000019c 00000198 00000194 00000190 0000018c 00000188 00000184 00000180 
core   0: 0x800001b0 (0xfec12283) lw      x5, -20(x2)
core   0: 3 0x800001b0 (0xfec12283) x5  0x90000000 mem 0x70000014
core   0: 0x800001b4 (0x0202c057) vadd.vx v0, v0, x5
core   0: 3 0x800001b4 (0x0202c057) c8_vstart 0x00000000 e32 m1 l32 v0  ffffffff 0x900001fc 900001f8 900001f4 900001f0 900001ec 900001e8 900001e4 900001e0 900001dc 900001d8 900001d4 900001d0 900001cc 900001c8 900001c4 900001c0 900001bc 900001b8 900001b4 900001b0 900001ac 900001a8 900001a4 900001a0 9000019c 90000198 90000194 90000190 9000018c 90000188 90000184 90000180 
core   0: 0x800001b8 (0x0000207b) vlw12.v v0, v0, 0
core   0: 3 0x800001b8 (0x0000207b) e32 m1 l32 v0  ffffffff 0x311b3088 324bb1a2 a93a3235 25ae320a b1aca6c8 b2272857 a83e2e0e 2b79b07e b37ab212 b243a59b 33f5b183 b24eb20e 2fa22ed2 ad59309c aa21a985 b2e6b245 afb4ab44 312bb1b6 2945ad23 b2b131f2 b14021ce 1f53b197 ad7bb01f 2d2731d6 b25fb1f1 3219b320 2b423346 20a7b278 2dc82ece 2f4fb13a 33ab31c8 aac731ad  c8_vstart 0x00000000 mem 0x90000180 mem 0x90000184 mem 0x90000188 mem 0x9000018c mem 0x90000190 mem 0x90000194 mem 0x90000198 mem 0x9000019c mem 0x900001a0 mem 0x900001a4 mem 0x900001a8 mem 0x900001ac mem 0x900001b0 mem 0x900001b4 mem 0x900001b8 mem 0x900001bc mem 0x900001c0 mem 0x900001c4 mem 0x900001c8 mem 0x900001cc mem 0x900001d0 mem 0x900001d4 mem 0x900001d8 mem 0x900001dc mem 0x900001e0 mem 0x900001e4 mem 0x900001e8 mem 0x900001ec mem 0x900001f0 mem 0x900001f4 mem 0x900001f8 mem 0x900001fc
core   0: 0x800001bc (0x2a5482d7) vor.vv  v5, v5, v9
core   0: 3 0x800001bc (0x2a5482d7) c8_vstart 0x00000000 e32 m1 l32 v5  ffffffff 0x000000fc 000000f8 000000f4 000000f0 000000ec 000000e8 000000e4 000000e0 0000007c 00000078 00000074 00000070 0000006c 00000068 00000064 00000060 000001fc 000001f8 000001f4 000001f0 000001ec 000001e8 000001e4 000001e0 0000017c 00000178 00000174 00000170 0000016c 00000168 00000164 00000160 
core   0: 0x800001c0 (0x965132d7) vsll.vi v5, v5, 2
core   0: 3 0x800001c0 (0x965132d7) c8_vstart 0x00000000 e32 m1 l32 v5  ffffffff 0x000003f0 000003e0 000003d0 000003c0 000003b0 000003a0 00000390 00000380 000001f0 000001e0 000001d0 000001c0 000001b0 000001a0 00000190 00000180 000007f0 000007e0 000007d0 000007c0 000007b0 000007a0 00000790 00000780 000005f0 000005e0 000005d0 000005c0 000005b0 000005a0 00000590 00000580 
core   0: 0x800001c4 (0xff412283) lw      x5, -12(x2)
core   0: 3 0x800001c4 (0xff412283) x5  0x90004000 mem 0x7000001c
core   0: 0x800001c8 (0x0252c2d7) vadd.vx v5, v5, x5
core   0: 3 0x800001c8 (0x0252c2d7) c8_vstart 0x00000000 e32 m1 l32 v5  ffffffff 0x900043f0 900043e0 900043d0 900043c0 900043b0 900043a0 90004390 90004380 900041f0 900041e0 900041d0 900041c0 900041b0 900041a0 90004190 90004180 900047f0 900047e0 900047d0 900047c0 900047b0 900047a0 90004790 90004780 900045f0 900045e0 900045d0 900045c0 900045b0 900045a0 90004590 90004580 
core   0: 0x800001cc (0x0002e07b) vsw12.v v0, v5, 0
core   0: 3 0x800001cc (0x0002e07b) c8_vstart 0x00000000 e32 m1 l32 mem 0x90004580 0xaac731ad mem 0x90004590 0x33ab31c8 mem 0x900045a0 0x2f4fb13a mem 0x900045b0 0x2dc82ece mem 0x900045c0 0x20a7b278 mem 0x900045d0 0x2b423346 mem 0x900045e0 0x3219b320 mem 0x900045f0 0xb25fb1f1 mem 0x90004780 0x2d2731d6 mem 0x90004790 0xad7bb01f mem 0x900047a0 0x1f53b197 mem 0x900047b0 0xb14021ce mem 0x900047c0 0xb2b131f2 mem 0x900047d0 0x2945ad23 mem 0x900047e0 0x312bb1b6 mem 0x900047f0 0xafb4ab44 mem 0x90004180 0xb2e6b245 mem 0x90004190 0xaa21a985 mem 0x900041a0 0xad59309c mem 0x900041b0 0x2fa22ed2 mem 0x900041c0 0xb24eb20e mem 0x900041d0 0x33f5b183 mem 0x900041e0 0xb243a59b mem 0x900041f0 0xb37ab212 mem 0x90004380 0x2b79b07e mem 0x90004390 0xa83e2e0e mem 0x900043a0 0xb2272857 mem 0x900043b0 0xb1aca6c8 mem 0x900043c0 0x25ae320a mem 0x900043d0 0xa93a3235 mem 0x900043e0 0x324bb1a2 mem 0x900043f0 0x311b3088
core   0: 0x800001d0 (0x00000317) auipc   x6, 0x0
core   0: 3 0x800001d0 (0x00000317) x6  0x800001d0
core   0: 0x800001d4 (0x0203305b) setrpc  x0, x6, 32
core   0: 3 0x800001d4 (0x0203305b) c2060_rpc 0x800001f0 current mask:	ffffffff current npc:	8000012c stack size: 0
core   0: 0x800001d8 (0x00419c5b) vbne    v4, v3, pc + 24
core   0: 3 0x800001d8 (0x00419c5b) c8_vstart 0x00000000 e32 m1 l32 current mask:	00010001 current npc:	800001dc stack size: 2
[r_pc] 800001f0 [else_pc] 800001f0 [else_mask] fffefffe 
[r_pc] 800001f0 [else_pc] 800001f0 [else_mask] ffffffff 
core   0: 0x800001dc (0x0040006f) j       pc + 0x4
core   0: 3 0x800001dc (0x0040006f)
core   0: 0x800001e0 (0x96213057) vsll.vi v0, v2, 2
core   0: 3 0x800001e0 (0x96213057) c8_vstart 0x00000000 e32 m1 l32 v0  00010001 0x311b3088 324bb1a2 a93a3235 25ae320a b1aca6c8 b2272857 a83e2e0e 2b79b07e b37ab212 b243a59b 33f5b183 b24eb20e 2fa22ed2 ad59309c aa21a985 0000000c afb4ab44 312bb1b6 2945ad23 b2b131f2 b14021ce 1f53b197 ad7bb01f 2d2731d6 b25fb1f1 3219b320 2b423346 20a7b278 2dc82ece 2f4fb13a 33ab31c8 0000004c 
core   0: 0x800001e4 (0xfdc12283) lw      x5, -36(x2)
core   0: 3 0x800001e4 (0xfdc12283) x5  0x90005000 mem 0x70000004
core   0: 0x800001e8 (0x0202c057) vadd.vx v0, v0, x5
core   0: 3 0x800001e8 (0x0202c057) c8_vstart 0x00000000 e32 m1 l32 v0  00010001 0x311b3088 324bb1a2 a93a3235 25ae320a b1aca6c8 b2272857 a83e2e0e 2b79b07e b37ab212 b243a59b 33f5b183 b24eb20e 2fa22ed2 ad59309c aa21a985 9000500c afb4ab44 312bb1b6 2945ad23 b2b131f2 b14021ce 1f53b197 ad7bb01f 2d2731d6 b25fb1f1 3219b320 2b423346 20a7b278 2dc82ece 2f4fb13a 33ab31c8 9000504c 
core   0: 0x800001ec (0x0010607b) vsw12.v v1, v0, 0
core   0: 3 0x800001ec (0x0010607b) c8_vstart 0x00000000 e32 m1 l32 mem 0x9000504c 0x00000006 mem 0x9000500c 0x00000007
core   0: 0x800001f0 (0x0000205b) join    v0, v0, pc + 0
core   0: 3 0x800001f0 (0x0000205b) current mask:	fffefffe current npc:	800001f0 stack size: 1
[r_pc] 800001f0 [else_pc] 800001f0 [else_mask] ffffffff 
core   0: 3 0x800001f0 (0x0000205b) current mask:	ffffffff current npc:	800001f0 stack size: 0
core   0: 3 0x800001f0 (0x0000205b) current mask:	ffcore   0: 0x00001000 (0x00000297) auipc   x5, 0x0
core   0: 3 0x00001000 (0x00000297) x5  0x00001000
core   0: 0x00001004 (0x02028593) addi    x11, x5, 32
core   0: 3 0x00001004 (0x02028593) x11 0x00001020
core   0: 0x00001008 (0xf1402573) csrr    x10, mhartid
core   0: 3 0x00001008 (0xf1402573) x10 0x00000000
core   0: 0x0000100c (0x0182a283) lw      x5, 24(x5)
core   0: 3 0x0000100c (0x0182a283) x5  0x80000000 mem 0x00001018
core   0: 0x00001010 (0x00028067) jr      x5
core   0: 3 0x00001010 (0x00028067)
core   0: 0x80000000 (0x00004197) auipc   x3, 0x4
core   0: 3 0x80000000 (0x00004197) x3  0x80004000
core   0: 0x80000004 (0x80818193) addi    x3, x3, -2040
core   0: 3 0x80000004 (0x80818193) x3  0x80003808
core   0: 0x80000008 (0x02000e93) li      x29, 32
core   0: 3 0x80000008 (0x02000e93) x29 0x00000020
core   0: 0x8000000c (0x0d0efed7) vsetvli x29, x29, e32, m1, ta, ma
core   0: 3 0x8000000c (0x0d0efed7) x29 0x00000020 c8_vstart 0x00000000 c3104_vl 0x00000020 c3105_vtype 0x000000d0 c768_mstatus 0x80000600
core   0: 0x80000010 (0x00002eb7) lui     x29, 0x2
core   0: 3 0x80000010 (0x00002eb7) x29 0x00002000
core   0: 0x80000014 (0x300eaef3) csrrs   x29, mstatus, x29
core   0: 3 0x80000014 (0x300eaef3) x29 0x80000600 c768_mstatus 0x80006600
core   0: 0x80000018 (0x00000e93) li      x29, 0
core   0: 3 0x80000018 (0x00000e93) x29 0x00000000
core   0: 0x8000001c (0x80502373) csrr    x6, wid
core   0: 3 0x8000001c (0x80502373) x6  0x00000000
core   0: 0x80000020 (0x806023f3) csrr    x7, lds
core   0: 3 0x80000020 (0x806023f3) x7  0x70000000
core   0: 0x80000024 (0x40000e13) li      x28, 1024
core   0: 3 0x80000024 (0x40000e13) x28 0x00000400
core   0: 0x80000028 (0x03c30333) mul     x6, x6, x28
core   0: 3 0x80000028 (0x03c30333) x6  0x00000000
core   0: 0x8000002c (0x00730133) add     x2, x6, x7
core   0: 3 0x8000002c (0x00730133) x2  0x70000000
core   0: 0x80000030 (0x00000213) li      x4, 0
core   0: 3 0x80000030 (0x00000213) x4  0x00000000
core   0: 0x80000034 (0x80102f73) csrr    x30, numw
core   0: 3 0x80000034 (0x80102f73) x30 0x00000001
core   0: 0x80000038 (0x40000e13) li      x28, 1024
core   0: 3 0x80000038 (0x40000e13) x28 0x00000400
core   0: 0x8000003c (0x03cf0f33) mul     x30, x30, x28
core   0: 3 0x8000003c (0x03cf0f33) x30 0x00000400
core   0: 0x80000040 (0x01e38433) add     x8, x7, x30
core   0: 3 0x80000040 (0x01e38433) x8  0x70000400
core   0: 0x80000044 (0x00003517) auipc   x10, 0x3
core   0: 3 0x80000044 (0x00003517) x10 0x80003044
core   0: 0x80000048 (0xfc450513) addi    x10, x10, -60
core   0: 3 0x80000048 (0xfc450513) x10 0x80003008
core   0: 0x8000004c (0x00003617) auipc   x12, 0x3
core   0: 3 0x8000004c (0x00003617) x12 0x8000304c
core   0: 0x80000050 (0xfbc60613) addi    x12, x12, -68
core   0: 3 0x80000050 (0xfbc60613) x12 0x80003008
core   0: 0x80000054 (0x00c50863) beq     x10, x12, pc + 16
core   0: 3 0x80000054 (0x00c50863)
core   0: 0x80000064 (0x803022f3) csrr    x5, knl
core   0: 3 0x80000064 (0x803022f3) x5  0x90107000
core   0: 0x80000068 (0x0002a303) lw      x6, 0(x5)
core   0: 3 0x80000068 (0x0002a303) x6  0x800000b8 mem 0x90107000
core   0: 0x8000006c (0x0042a503) lw      x10, 4(x5)
core   0: 3 0x8000006c (0x0042a503) x10 0x90006000 mem 0x90107004
core   0: 0x80000070 (0x0302a383) lw      x7, 48(x5)
core   0: 3 0x80000070 (0x0302a383) x7  0x00000000 mem 0x90107030
core   0: 0x80000074 (0x0342ae03) lw      x28, 52(x5)
core   0: 3 0x80000074 (0x0342ae03) x28 0x00000000 mem 0x90107034
core   0: 0x80000078 (0x00003e97) auipc   x29, 0x3
core   0: 3 0x80000078 (0x00003e97) x29 0x80003078
core   0: 0x8000007c (0xf88e8e93) addi    x29, x29, -120
core   0: 3 0x8000007c (0xf88e8e93) x29 0x80003000
core   0: 0x80000080 (0x00003f17) auipc   x30, 0x3
core   0: 3 0x80000080 (0x00003f17) x30 0x80003080
core   0: 0x80000084 (0xf84f0f13) addi    x30, x30, -124
core   0: 3 0x80000084 (0xf84f0f13) x30 0x80003004
core   0: 0x80000088 (0x007ea023) sw      x7, 0(x29)
core   0: 3 0x80000088 (0x007ea023) mem 0x80003000 0x00000000
core   0: 0x8000008c (0x01cf2023) sw      x28, 0(x30)
core   0: 3 0x8000008c (0x01cf2023) mem 0x80003004 0x00000000
core   0: 0x80000090 (0x00000f97) auipc   x31, 0x0
core   0: 3 0x80000090 (0x00000f97) x31 0x80000090
core   0: 0x80000094 (0x018f8f93) addi    x31, x31, 24
core   0: 3 0x80000094 (0x018f8f93) x31 0x800000a8
core   0: 0x80000098 (0x305f9073) csrw    mtvec, x31
core   0: 3 0x80000098 (0x305f9073) c773_mtvec 0x800000a8
core   0: 0x8000009c (0x000300e7) jalr    x6
core   0: 3 0x8000009c (0x000300e7) x1  0x800000a0
core   0: 0x800000b8 (0x02810113) addi    x2, x2, 40
core   0: 3 0x800000b8 (0x02810113) x2  0x70000028
core   0: 0x800000bc (0xfc112c23) sw      x1, -40(x2)
core   0: 3 0x800000bc (0xfc112c23) mem 0x70000000 0x800000a0
core   0: 0x800000c0 (0x02052283) lw      x5, 32(x10)
core   0: 3 0x800000c0 (0x02052283) x5  0x90005000 mem 0x90006020
core   0: 0x800000c4 (0xfc512e23) sw      x5, -36(x2)
core   0: 3 0x800000c4 (0xfc512e23) mem 0x70000004 0x90005000
core   0: 0x800000c8 (0x01c52283) lw      x5, 28(x10)
core   0: 3 0x800000c8 (0x01c52283) x5  0x90004000 mem 0x9000601c
core   0: 0x800000cc (0xfe512a23) sw      x5, -12(x2)
core   0: 3 0x800000cc (0xfe512a23) mem 0x7000001c 0x90004000
core   0: 0x800000d0 (0x01852283) lw      x5, 24(x10)
core   0: 3 0x800000d0 (0x01852283) x5  0x00000002 mem 0x90006018
core   0: 0x800000d4 (0xfe512823) sw      x5, -16(x2)
core   0: 3 0x800000d4 (0xfe512823) mem 0x70000018 0x00000002
core   0: 0x800000d8 (0x00c52283) lw      x5, 12(x10)
core   0: 3 0x800000d8 (0x00c52283) x5  0x90003000 mem 0x9000600c
core   0: 0x800000dc (0xfe512423) sw      x5, -24(x2)
core   0: 3 0x800000dc (0xfe512423) mem 0x70000010 0x90003000
core   0: 0x800000e0 (0x00852283) lw      x5, 8(x10)
core   0: 3 0x800000e0 (0x00852283) x5  0x90002000 mem 0x90006008
core   0: 0x800000e4 (0xfe512223) sw      x5, -28(x2)
core   0: 3 0x800000e4 (0xfe512223) mem 0x7000000c 0x90002000
core   0: 0x800000e8 (0x00452283) lw      x5, 4(x10)
core   0: 3 0x800000e8 (0x00452283) x5  0x90001000 mem 0x90006004
core   0: 0x800000ec (0xfe512023) sw      x5, -32(x2)
core   0: 3 0x800000ec (0xfe512023) mem 0x70000008 0x90001000
core   0: 0x800000f0 (0x00052283) lw      x5, 0(x10)
core   0: 3 0x800000f0 (0x00052283) x5  0x90000000 mem 0x90006000
core   0: 0x800000f4 (0xfe512623) sw      x5, -20(x2)
core   0: 3 0x800000f4 (0xfe512623) mem 0x70000014 0x90000000
core   0: 0x800000f8 (0x01452283) lw      x5, 20(x10)
core   0: 3 0x800000f8 (0x01452283) x5  0x00000010 mem 0x90006014
core   0: 0x800000fc (0xfe512c23) sw      x5, -8(x2)
core   0: 3 0x800000fc (0xfe512c23) mem 0x70000020 0x00000010
core   0: 0x80000100 (0x01052283) lw      x5, 16(x10)
core   0: 3 0x80000100 (0x01052283) x5  0x00000010 mem 0x90006010
core   0: 0x80000104 (0xfe512e23) sw      x5, -4(x2)
core   0: 3 0x80000104 (0xfe512e23) mem 0x70000024 0x00000010
core   0: 0x80000108 (0x5e004057) vmv.v.x v0, x0
core   0: 3 0x80000108 (0x5e004057) c8_vstart 0x00000000 e32 m1 l32 v0  ffffffff 0x00000000 00000000 00000000 00000000 00000000 00000000 00000000 00000000 00000000 00000000 00000000 00000000 00000000 00000000 00000000 00000000 00000000 00000000 00000000 00000000 00000000 00000000 00000000 00000000 00000000 00000000 00000000 00000000 00000000 00000000 00000000 00000000 
core   0: 0x8000010c (0x5e4000ef) jal     pc + 0x5e4
core   0: 3 0x8000010c (0x5e4000ef) x1  0x80000110
core   0: 0x800006f0 (0x00410113) addi    x2, x2, 4
core   0: 3 0x800006f0 (0x00410113) x2  0x7000002c
core   0: 0x800006f4 (0xfe112e23) sw      x1, -4(x2)
core   0: 3 0x800006f4 (0xfe112e23) mem 0x70000028 0x80000110
core   0: 0x800006f8 (0x020040d7) vadd.vx v1, v0, x0
core   0: 3 0x800006f8 (0x020040d7) c8_vstart 0x00000000 e32 m1 l32 v1  ffffffff 0x00000000 00000000 00000000 00000000 00000000 00000000 00000000 00000000 00000000 00000000 00000000 00000000 00000000 00000000 00000000 00000000 00000000 00000000 00000000 00000000 00000000 00000000 00000000 00000000 00000000 00000000 00000000 00000000 00000000 00000000 00000000 00000000 
core   0: 0x800006fc (0x00200293) li      x5, 2
core   0: 3 0x800006fc (0x00200293) x5  0x00000002
core   0: 0x80000700 (0x5e02c057) vmv.v.x v0, x5
core   0: 3 0x80000700 (0x5e02c057) c8_vstart 0x00000000 e32 m1 l32 v0  ffffffff 0x00000002 00000002 00000002 00000002 00000002 00000002 00000002 00000002 00000002 00000002 00000002 00000002 00000002 00000002 00000002 00000002 00000002 00000002 00000002 00000002 00000002 00000002 00000002 00000002 00000002 00000002 00000002 00000002 00000002 00000002 00000002 00000002 
core   0: 0x80000704 (0x00000317) auipc   x6, 0x0
core   0: 3 0x80000704 (0x00000317) x6  0x80000704
core   0: 0x80000708 (0x0543305b) setrpc  x0, x6, 84
core   0: 3 0x80000708 (0x0543305b) c2060_rpc 0x80000758 current mask:	ffffffff current npc:	00000000 stack size: 0
core   0: 0x8000070c (0x0410045b) vbeq    v1, v0, pc + 72
core   0: 3 0x8000070c (0x0410045b) c8_vstart 0x00000000 e32 m1 l32 current mask:	ffffffff current npc:	80000710 stack size: 0
core   0: 0x80000710 (0x0040006f) j       pc + 0x4
core   0: 3 0x80000710 (0x0040006f)
core   0: 0x80000714 (0x00100293) li      x5, 1
core   0: 3 0x80000714 (0x00100293) x5  0x00000001
core   0: 0x80000718 (0x5e02c057) vmv.v.x v0, x5
core   0: 3 0x80000718 (0x5e02c057) c8_vstart 0x00000000 e32 m1 l32 v0  ffffffff 0x00000001 00000001 00000001 00000001 00000001 00000001 00000001 00000001 00000001 00000001 00000001 00000001 00000001 00000001 00000001 00000001 00000001 00000001 00000001 00000001 00000001 00000001 00000001 00000001 00000001 00000001 00000001 00000001 00000001 00000001 00000001 00000001 
core   0: 0x8000071c (0x00000317) auipc   x6, 0x0
core   0: 3 0x8000071c (0x00000317) x6  0x8000071c
core   0: 0x80000720 (0x03c3305b) setrpc  x0, x6, 60
core   0: 3 0x80000720 (0x03c3305b) c2060_rpc 0x80000758 current mask:	ffffffff current npc:	80000710 stack size: 0
core   0: 0x80000724 (0x0210045b) vbeq    v1, v0, pc + 40
core   0: 3 0x80000724 (0x0210045b) c8_vstart 0x00000000 e32 m1 l32 current mask:	ffffffff current npc:	80000728 stack size: 0
core   0: 0x80000728 (0x0040006f) j       pc + 0x4
core   0: 3 0x80000728 (0x0040006f)
core   0: 0x8000072c (0x5e004157) vmv.v.x v2, x0
core   0: 3 0x8000072c (0x5e004157) c8_vstart 0x00000000 e32 m1 l32 v2  ffffffff 0x00000000 00000000 00000000 00000000 00000000 00000000 00000000 00000000 00000000 00000000 00000000 00000000 00000000 00000000 00000000 00000000 00000000 00000000 00000000 00000000 00000000 00000000 00000000 00000000 00000000 00000000 00000000 00000000 00000000 00000000 00000000 00000000 
core   0: 0x80000730 (0x5e004057) vmv.v.x v0, x0
core   0: 3 0x80000730 (0x5e004057) c8_vstart 0x00000000 e32 m1 l32 v0  ffffffff 0x00000000 00000000 00000000 00000000 00000000 00000000 00000000 00000000 00000000 00000000 00000000 00000000 00000000 00000000 00000000 00000000 00000000 00000000 00000000 00000000 00000000 00000000 00000000 00000000 00000000 00000000 00000000 00000000 00000000 00000000 00000000 00000000 
core   0: 0x80000734 (0x00000317) auipc   x6, 0x0
core   0: 3 0x80000734 (0x00000317) x6  0x80000734
core   0: 0x80000738 (0x0243305b) setrpc  x0, x6, 36
core   0: 3 0x80000738 (0x0243305b) c2060_rpc 0x80000758 current mask:	ffffffff current npc:	80000728 stack size: 0
core   0: 0x8000073c (0x00111e5b) vbne    v1, v2, pc + 28
core   0: 3 0x8000073c (0x00111e5b) c8_vstart 0x00000000 e32 m1 l32 current mask:	ffffffff current npc:	80000740 stack size: 0
core   0: 0x80000740 (0x0040006f) j       pc + 0x4
core   0: 3 0x80000740 (0x0040006f)
core   0: 0x80000744 (0x124000ef) jal     pc + 0x124
core   0: 3 0x80000744 (0x124000ef) x1  0x80000748
core   0: 0x80000868 (0x00410113) addi    x2, x2, 4
core   0: 3 0x80000868 (0x00410113) x2  0x70000030
core   0: 0x8000086c (0xfe112e23) sw      x1, -4(x2)
core   0: 3 0x8000086c (0xfe112e23) mem 0x7000002c 0x80000748
core   0: 0x80000870 (0xf1dff0ef) jal     pc - 0xe4
core   0: 3 0x80000870 (0xf1dff0ef) x1  0x80000874
core   0: 0x8000078c (0x00410113) addi    x2, x2, 4
core   0: 3 0x8000078c (0x00410113) x2  0x70000034
core   0: 0x80000790 (0xfe112e23) sw      x1, -4(x2)
core   0: 3 0x80000790 (0xfe112e23) mem 0x70000030 0x80000874
core   0: 0x80000794 (0x80302573) csrr    x10, knl
core   0: 3 0x80000794 (0x80302573) x10 0x90107000
core   0: 0x80000798 (0x00852283) lw      x5, 8(x10)
core   0: 3 0x80000798 (0x00852283) x5  0x00000001 mem 0x90107008
core   0: 0x8000079c (0x80002373) csrr    x6, tid
core   0: 3 0x8000079c (0x80002373) x6  0x00000000
core   0: 0x800007a0 (0x5208a157) vid.v   v2
core   0: 3 0x800007a0 (0x5208a157) c8_vstart 0x00000000 e32 m1 l32 v2  ffffffff 0x0000001f 0000001e 0000001d 0000001c 0000001b 0000001a 00000019 00000018 00000017 00000016 00000015 00000014 00000013 00000012 00000011 00000010 0000000f 0000000e 0000000d 0000000c 0000000b 0000000a 00000009 00000008 00000007 00000006 00000005 00000004 00000003 00000002 00000001 00000000 
core   0: 0x800007a4 (0x02234057) vadd.vx v0, v2, x6
core   0: 3 0x800007a4 (0x02234057) c8_vstart 0x00000000 e32 m1 l32 v0  ffffffff 0x0000001f 0000001e 0000001d 0000001c 0000001b 0000001a 00000019 00000018 00000017 00000016 00000015 00000014 00000013 00000012 00000011 00000010 0000000f 0000000e 0000000d 0000000c 0000000b 0000000a 00000009 00000008 00000007 00000006 00000005 00000004 00000003 00000002 00000001 00000000 
core   0: 0x800007a8 (0x01852e03) lw      x28, 24(x10)
core   0: 3 0x800007a8 (0x01852e03) x28 0x00000020 mem 0x90107018
core   0: 0x800007ac (0x8a0e6057) vremu.vx v0, v0, x28
core   0: 3 0x800007ac (0x8a0e6057) c8_vstart 0x00000000 e32 m1 l32 v0  ffffffff 0x0000001f 0000001e 0000001d 0000001c 0000001b 0000001a 00000019 00000018 00000017 00000016 00000015 00000014 00000013 00000012 00000011 00000010 0000000f 0000000e 0000000d 0000000c 0000000b 0000000a 00000009 00000008 00000007 00000006 00000005 00000004 00000003 00000002 00000001 00000000 
core   0: 0x800007b0 (0xffc12083) lw      x1, -4(x2)
core   0: 3 0x800007b0 (0xffc12083) x1  0x80000874 mem 0x70000030
core   0: 0x800007b4 (0xffc10113) addi    x2, x2, -4
core   0: 3 0x800007b4 (0xffc10113) x2  0x70000030
core   0: 0x800007b8 (0x00008067) ret
core   0: 3 0x800007b8 (0x00008067)
core   0: 0x80000874 (0x80302573) csrr    x10, knl
core   0: 3 0x80000874 (0x80302573) x10 0x90107000
core   0: 0x80000878 (0x80802373) csrr    x6, gidx
core   0: 3 0x80000878 (0x80802373) x6  0x00000004
core   0: 0x8000087c (0x01852e03) lw      x28, 24(x10)
core   0: 3 0x8000087c (0x01852e03) x28 0x00000020 mem 0x90107018
core   0: 0x80000880 (0x02452e83) lw      x29, 36(x10)
core   0: 3 0x80000880 (0x02452e83) x29 0x00000000 mem 0x90107024
core   0: 0x80000884 (0x03c30fb3) mul     x31, x6, x28
core   0: 3 0x80000884 (0x03c30fb3) x31 0x00000080
core   0: 0x80000888 (0x01df8fb3) add     x31, x31, x29
core   0: 3 0x80000888 (0x01df8fb3) x31 0x00000080
core   0: 0x8000088c (0x020fc057) vadd.vx v0, v0, x31
core   0: 3 0x8000088c (0x020fc057) c8_vstart 0x00000000 e32 m1 l32 v0  ffffffff 0x0000009f 0000009e 0000009d 0000009c 0000009b 0000009a 00000099 00000098 00000097 00000096 00000095 00000094 00000093 00000092 00000091 00000090 0000008f 0000008e 0000008d 0000008c 0000008b 0000008a 00000089 00000088 00000087 00000086 00000085 00000084 00000083 00000082 00000081 00000080 
core   0: 0x80000890 (0xffc12083) lw      x1, -4(x2)
core   0: 3 0x80000890 (0xffc12083) x1  0x80000748 mem 0x7000002c
core   0: 0x80000894 (0xffc10113) addi    x2, x2, -4
core   0: 3 0x80000894 (0xffc10113) x2  0x7000002c
core   0: 0x80000898 (0x00008067) ret
core   0: 3 0x80000898 (0x00008067)
core   0: 0x80000748 (0x0100006f) j       pc + 0x10
core   0: 3 0x80000748 (0x0100006f)
core   0: 0x80000758 (0x0000205b) join    v0, v0, pc + 0
core   0: 3 0x80000758 (0x0000205b) current mask:	ffffffff current npc:	80000740 stack size: 0
core   0: 0x8000075c (0xffc12083) lw      x1, -4(x2)
core   0: 3 0x8000075c (0xffc12083) x1  0x80000110 mem 0x70000028
core   0: 0x80000760 (0xffc10113) addi    x2, x2, -4
core   0: 3 0x80000760 (0xffc10113) x2  0x70000028
core   0: 0x80000764 (0x00008067) ret
core   0: 3 0x80000764 (0x00008067)
core   0: 0x80000110 (0xff812383) lw      x7, -8(x2)
core   0: 3 0x80000110 (0xff812383) x7  0x00000010 mem 0x70000020
core   0: 0x80000114 (0xffc12283) lw      x5, -4(x2)
core   0: 3 0x80000114 (0xffc12283) x5  0x00000010 mem 0x70000024
core   0: 0x80000118 (0x025382b3) mul     x5, x7, x5
core   0: 3 0x80000118 (0x025382b3) x5  0x00000100
core   0: 0x8000011c (0x5e02c0d7) vmv.v.x v1, x5
core   0: 3 0x8000011c (0x5e02c0d7) c8_vstart 0x00000000 e32 m1 l32 v1  ffffffff 0x00000100 00000100 00000100 00000100 00000100 00000100 00000100 00000100 00000100 00000100 00000100 00000100 00000100 00000100 00000100 00000100 00000100 00000100 00000100 00000100 00000100 00000100 00000100 00000100 00000100 00000100 00000100 00000100 00000100 00000100 00000100 00000100 
core   0: 0x80000120 (0x00000317) auipc   x6, 0x0
core   0: 3 0x80000120 (0x00000317) x6  0x80000120
core   0: 0x80000124 (0x0d03305b) setrpc  x0, x6, 208
core   0: 3 0x80000124 (0x0d03305b) c2060_rpc 0x800001f0 current mask:	ffffffff current npc:	80000740 stack size: 0
core   0: 0x80000128 (0x0c00d45b) vbge    v0, v1, pc + 200
core   0: 3 0x80000128 (0x0c00d45b) c8_vstart 0x00000000 e32 m1 l32 current mask:	ffffffff current npc:	8000012c stack size: 0
core   0: 0x8000012c (0x0040006f) j       pc + 0x4
core   0: 3 0x8000012c (0x0040006f)
core   0: 0x80000130 (0x5e0041d7) vmv.v.x v3, x0
core   0: 3 0x80000130 (0x5e0041d7) c8_vstart 0x00000000 e32 m1 l32 v3  ffffffff 0x00000000 00000000 00000000 00000000 00000000 00000000 00000000 00000000 00000000 00000000 00000000 00000000 00000000 00000000 00000000 00000000 00000000 00000000 00000000 00000000 00000000 00000000 00000000 00000000 00000000 00000000 00000000 00000000 00000000 00000000 00000000 00000000 
core   0: 0x80000134 (0x5e03c157) vmv.v.x v2, x7
core   0: 3 0x80000134 (0x5e03c157) c8_vstart 0x00000000 e32 m1 l32 v2  ffffffff 0x00000010 00000010 00000010 00000010 00000010 00000010 00000010 00000010 00000010 00000010 00000010 00000010 00000010 00000010 00000010 00000010 00000010 00000010 00000010 00000010 00000010 00000010 00000010 00000010 00000010 00000010 00000010 00000010 00000010 00000010 00000010 00000010 
core   0: 0x80000138 (0x8603e0d7) vdiv.vx v1, v0, x7
core   0: 3 0x80000138 (0x8603e0d7) c8_vstart 0x00000000 e32 m1 l32 v1  ffffffff 0x00000009 00000009 00000009 00000009 00000009 00000009 00000009 00000009 00000009 00000009 00000009 00000009 00000009 00000009 00000009 00000009 00000008 00000008 00000008 00000008 00000008 00000008 00000008 00000008 00000008 00000008 00000008 00000008 00000008 00000008 00000008 00000008 
core   0: 0x8000013c (0x02104257) vadd.vx v4, v1, x0
core   0: 3 0x8000013c (0x02104257) c8_vstart 0x00000000 e32 m1 l32 v4  ffffffff 0x00000009 00000009 00000009 00000009 00000009 00000009 00000009 00000009 00000009 00000009 00000009 00000009 00000009 00000009 00000009 00000009 00000008 00000008 00000008 00000008 00000008 00000008 00000008 00000008 00000008 00000008 00000008 00000008 00000008 00000008 00000008 00000008 
core   0: 0x80000140 (0x961132d7) vsll.vi v5, v1, 2
core   0: 3 0x80000140 (0x961132d7) c8_vstart 0x00000000 e32 m1 l32 v5  ffffffff 0x00000024 00000024 00000024 00000024 00000024 00000024 00000024 00000024 00000024 00000024 00000024 00000024 00000024 00000024 00000024 00000024 00000020 00000020 00000020 00000020 00000020 00000020 00000020 00000020 00000020 00000020 00000020 00000020 00000020 00000020 00000020 00000020 
core   0: 0x80000144 (0xfe012283) lw      x5, -32(x2)
core   0: 3 0x80000144 (0xfe012283) x5  0x90001000 mem 0x70000008
core   0: 0x80000148 (0x0252c357) vadd.vx v6, v5, x5
core   0: 3 0x80000148 (0x0252c357) c8_vstart 0x00000000 e32 m1 l32 v6  ffffffff 0x90001024 90001024 90001024 90001024 90001024 90001024 90001024 90001024 90001024 90001024 90001024 90001024 90001024 90001024 90001024 90001024 90001020 90001020 90001020 90001020 90001020 90001020 90001020 90001020 90001020 90001020 90001020 90001020 90001020 90001020 90001020 90001020 
core   0: 0x8000014c (0x0003237b) vlw12.v v6, v6, 0
core   0: 3 0x8000014c (0x0003237b) e32 m1 l32 v6  ffffffff 0x00000000 00000000 00000000 00000000 00000000 00000000 00000000 00000000 00000000 00000000 00000000 00000000 00000000 00000000 00000000 00000000 00000001 00000001 00000001 00000001 00000001 00000001 00000001 00000001 00000001 00000001 00000001 00000001 00000001 00000001 00000001 00000001  c8_vstart 0x00000000 mem 0x90001020 mem 0x90001020 mem 0x90001020 mem 0x90001020 mem 0x90001020 mem 0x90001020 mem 0x90001020 mem 0x90001020 mem 0x90001020 mem 0x90001020 mem 0x90001020 mem 0x90001020 mem 0x90001020 mem 0x90001020 mem 0x90001020 mem 0x90001020 mem 0x90001024 mem 0x90001024 mem 0x90001024 mem 0x90001024 mem 0x90001024 mem 0x90001024 mem 0x90001024 mem 0x90001024 mem 0x90001024 mem 0x90001024 mem 0x90001024 mem 0x90001024 mem 0x90001024 mem 0x90001024 mem 0x90001024 mem 0x90001024
core   0: 0x80000150 (0xae012257) vnmsub.vv v4, v0, v2
core   0: 3 0x80000150 (0xae012257) c8_vstart 0x00000000 e32 m1 l32 v4  ffffffff 0x0000000f 0000000e 0000000d 0000000c 0000000b 0000000a 00000009 00000008 00000007 00000006 00000005 00000004 00000003 00000002 00000001 00000000 0000000f 0000000e 0000000d 0000000c 0000000b 0000000a 00000009 00000008 00000007 00000006 00000005 00000004 00000003 00000002 00000001 00000000 
core   0: 0x80000154 (0x96613157) vsll.vi v2, v6, 2
core   0: 3 0x80000154 (0x96613157) c8_vstart 0x00000000 e32 m1 l32 v2  ffffffff 0x00000000 00000000 00000000 00000000 00000000 00000000 00000000 00000000 00000000 00000000 00000000 00000000 00000000 00000000 00000000 00000000 00000004 00000004 00000004 00000004 00000004 00000004 00000004 00000004 00000004 00000004 00000004 00000004 00000004 00000004 00000004 00000004 
core   0: 0x80000158 (0xfe812283) lw      x5, -24(x2)
core   0: 3 0x80000158 (0xfe812283) x5  0x90003000 mem 0x70000010
core   0: 0x8000015c (0x0222c157) vadd.vx v2, v2, x5
core   0: 3 0x8000015c (0x0222c157) c8_vstart 0x00000000 e32 m1 l32 v2  ffffffff 0x90003000 90003000 90003000 90003000 90003000 90003000 90003000 90003000 90003000 90003000 90003000 90003000 90003000 90003000 90003000 90003000 90003004 90003004 90003004 90003004 90003004 90003004 90003004 90003004 90003004 90003004 90003004 90003004 90003004 90003004 90003004 90003004 
core   0: 0x80000160 (0x0001217b) vlw12.v v2, v2, 0
core   0: 3 0x80000160 (0x0001217b) e32 m1 l32 v2  ffffffff 0x00000000 00000000 00000000 00000000 00000000 00000000 00000000 00000000 00000000 00000000 00000000 00000000 00000000 00000000 00000000 00000000 00000010 00000010 00000010 00000010 00000010 00000010 00000010 00000010 00000010 00000010 00000010 00000010 00000010 00000010 00000010 00000010  c8_vstart 0x00000000 mem 0x90003004 mem 0x90003004 mem 0x90003004 mem 0x90003004 mem 0x90003004 mem 0x90003004 mem 0x90003004 mem 0x90003004 mem 0x90003004 mem 0x90003004 mem 0x90003004 mem 0x90003004 mem 0x90003004 mem 0x90003004 mem 0x90003004 mem 0x90003004 mem 0x90003000 mem 0x90003000 mem 0x90003000 mem 0x90003000 mem 0x90003000 mem 0x90003000 mem 0x90003000 mem 0x90003000 mem 0x90003000 mem 0x90003000 mem 0x90003000 mem 0x90003000 mem 0x90003000 mem 0x90003000 mem 0x90003000 mem 0x90003000
core   0: 0x80000164 (0xfe412303) lw      x6, -28(x2)
core   0: 3 0x80000164 (0xfe412303) x6  0x90002000 mem 0x7000000c
core   0: 0x80000168 (0x025342d7) vadd.vx v5, v5, x6
core   0: 3 0x80000168 (0x025342d7) c8_vstart 0x00000000 e32 m1 l32 v5  ffffffff 0x90002024 90002024 90002024 90002024 90002024 90002024 90002024 90002024 90002024 90002024 90002024 90002024 90002024 90002024 90002024 90002024 90002020 90002020 90002020 90002020 90002020 90002020 90002020 90002020 90002020 90002020 90002020 90002020 90002020 90002020 90002020 90002020 
core   0: 0x8000016c (0x0002a2fb) vlw12.v v5, v5, 0
core   0: 3 0x8000016c (0x0002a2fb) e32 m1 l32 v5  ffffffff 0x00000004 00000004 00000004 00000004 00000004 00000004 00000004 00000004 00000004 00000004 00000004 00000004 00000004 00000004 00000004 00000004 00000004 00000004 00000004 00000004 00000004 00000004 00000004 00000004 00000004 00000004 00000004 00000004 00000004 00000004 00000004 00000004  c8_vstart 0x00000000 mem 0x90002020 mem 0x90002020 mem 0x90002020 mem 0x90002020 mem 0x90002020 mem 0x90002020 mem 0x90002020 mem 0x90002020 mem 0x90002020 mem 0x90002020 mem 0x90002020 mem 0x90002020 mem 0x90002020 mem 0x90002020 mem 0x90002020 mem 0x90002020 mem 0x90002024 mem 0x90002024 mem 0x90002024 mem 0x90002024 mem 0x90002024 mem 0x90002024 mem 0x90002024 mem 0x90002024 mem 0x90002024 mem 0x90002024 mem 0x90002024 mem 0x90002024 mem 0x90002024 mem 0x90002024 mem 0x90002024 mem 0x90002024
core   0: 0x80000170 (0x02510157) vadd.vv v2, v5, v2
core   0: 3 0x80000170 (0x02510157) c8_vstart 0x00000000 e32 m1 l32 v2  ffffffff 0x00000004 00000004 00000004 00000004 00000004 00000004 00000004 00000004 00000004 00000004 00000004 00000004 00000004 00000004 00000004 00000004 00000014 00000014 00000014 00000014 00000014 00000014 00000014 00000014 00000014 00000014 00000014 00000014 00000014 00000014 00000014 00000014 
core   0: 0x80000174 (0xa22232d7) vsrl.vi v5, v2, 4
core   0: 3 0x80000174 (0xa22232d7) c8_vstart 0x00000000 e32 m1 l32 v5  ffffffff 0x00000000 00000000 00000000 00000000 00000000 00000000 00000000 00000000 00000000 00000000 00000000 00000000 00000000 00000000 00000000 00000000 00000001 00000001 00000001 00000001 00000001 00000001 00000001 00000001 00000001 00000001 00000001 00000001 00000001 00000001 00000001 00000001 
core   0: 0x80000178 (0xa241b357) vsrl.vi v6, v4, 3
core   0: 3 0x80000178 (0xa241b357) c8_vstart 0x00000000 e32 m1 l32 v6  ffffffff 0x00000001 00000001 00000001 00000001 00000001 00000001 00000001 00000001 00000000 00000000 00000000 00000000 00000000 00000000 00000000 00000000 00000001 00000001 00000001 00000001 00000001 00000001 00000001 00000001 00000000 00000000 00000000 00000000 00000000 00000000 00000000 00000000 
core   0: 0x8000017c (0x2643b3d7) vand.vi v7, v4, 7
core   0: 3 0x8000017c (0x2643b3d7) c8_vstart 0x00000000 e32 m1 l32 v7  ffffffff 0x00000007 00000006 00000005 00000004 00000003 00000002 00000001 00000000 00000007 00000006 00000005 00000004 00000003 00000002 00000001 00000000 00000007 00000006 00000005 00000004 00000003 00000002 00000001 00000000 00000007 00000006 00000005 00000004 00000003 00000002 00000001 00000000 
core   0: 0x80000180 (0x9621b457) vsll.vi v8, v2, 3
core   0: 3 0x80000180 (0x9621b457) c8_vstart 0x00000000 e32 m1 l32 v8  ffffffff 0x00000020 00000020 00000020 00000020 00000020 00000020 00000020 00000020 00000020 00000020 00000020 00000020 00000020 00000020 00000020 00000020 000000a0 000000a0 000000a0 000000a0 000000a0 000000a0 000000a0 000000a0 000000a0 000000a0 000000a0 000000a0 000000a0 000000a0 000000a0 000000a0 
core   0: 0x80000184 (0xa22134d7) vsrl.vi v9, v2, 2
core   0: 3 0x80000184 (0xa22134d7) c8_vstart 0x00000000 e32 m1 l32 v9  ffffffff 0x00000001 00000001 00000001 00000001 00000001 00000001 00000001 00000001 00000001 00000001 00000001 00000001 00000001 00000001 00000001 00000001 00000005 00000005 00000005 00000005 00000005 00000005 00000005 00000005 00000005 00000005 00000005 00000005 00000005 00000005 00000005 00000005 
core   0: 0x80000188 (0x2691b4d7) vand.vi v9, v9, 3
core   0: 3 0x80000188 (0x2691b4d7) c8_vstart 0x00000000 e32 m1 l32 v9  ffffffff 0x00000001 00000001 00000001 00000001 00000001 00000001 00000001 00000001 00000001 00000001 00000001 00000001 00000001 00000001 00000001 00000001 00000001 00000001 00000001 00000001 00000001 00000001 00000001 00000001 00000001 00000001 00000001 00000001 00000001 00000001 00000001 00000001 
core   0: 0x8000018c (0x0000300b) regexti x0, x0,  0 0 0 
core   0: 3 0x8000018c (0x0000300b)
core   0: 0x80000190 (0x268c3457) vand.vi v8, v8, -8
core   0: 3 0x80000190 (0x268c3457) c8_vstart 0x00000000 e32 m1 l32 v8  ffffffff 0x00000000 00000000 00000000 00000000 00000000 00000000 00000000 00000000 00000000 00000000 00000000 00000000 00000000 00000000 00000000 00000000 00000000 00000000 00000000 00000000 00000000 00000000 00000000 00000000 00000000 00000000 00000000 00000000 00000000 00000000 00000000 00000000 
core   0: 0x80000194 (0x2a8383d7) vor.vv  v7, v8, v7
core   0: 3 0x80000194 (0x2a8383d7) c8_vstart 0x00000000 e32 m1 l32 v7  ffffffff 0x00000007 00000006 00000005 00000004 00000003 00000002 00000001 00000000 00000007 00000006 00000005 00000004 00000003 00000002 00000001 00000000 00000007 00000006 00000005 00000004 00000003 00000002 00000001 00000000 00000007 00000006 00000005 00000004 00000003 00000002 00000001 00000000 
core   0: 0x80000198 (0xff012283) lw      x5, -16(x2)
core   0: 3 0x80000198 (0xff012283) x5  0x00000002 mem 0x70000018
core   0: 0x8000019c (0xa662e2d7) vmadd.vx v5, v6, x5
core   0: 3 0x8000019c (0xa662e2d7) c8_vstart 0x00000000 e32 m1 l32 v5  ffffffff 0x00000001 00000001 00000001 00000001 00000001 00000001 00000001 00000001 00000000 00000000 00000000 00000000 00000000 00000000 00000000 00000000 00000003 00000003 00000003 00000003 00000003 00000003 00000003 00000003 00000002 00000002 00000002 00000002 00000002 00000002 00000002 00000002 
core   0: 0x800001a0 (0x9653b2d7) vsll.vi v5, v5, 7
core   0: 3 0x800001a0 (0x9653b2d7) c8_vstart 0x00000000 e32 m1 l32 v5  ffffffff 0x00000080 00000080 00000080 00000080 00000080 00000080 00000080 00000080 00000000 00000000 00000000 00000000 00000000 00000000 00000000 00000000 00000180 00000180 00000180 00000180 00000180 00000180 00000180 00000180 00000100 00000100 00000100 00000100 00000100 00000100 00000100 00000100 
core   0: 0x800001a4 (0x96713357) vsll.vi v6, v7, 2
core   0: 3 0x800001a4 (0x96713357) c8_vstart 0x00000000 e32 m1 l32 v6  ffffffff 0x0000001c 00000018 00000014 00000010 0000000c 00000008 00000004 00000000 0000001c 00000018 00000014 00000010 0000000c 00000008 00000004 00000000 0000001c 00000018 00000014 00000010 0000000c 00000008 00000004 00000000 0000001c 00000018 00000014 00000010 0000000c 00000008 00000004 00000000 
core   0: 0x800001a8 (0x2a5302d7) vor.vv  v5, v5, v6
core   0: 3 0x800001a8 (0x2a5302d7) c8_vstart 0x00000000 e32 m1 l32 v5  ffffffff 0x0000009c 00000098 00000094 00000090 0000008c 00000088 00000084 00000080 0000001c 00000018 00000014 00000010 0000000c 00000008 00000004 00000000 0000019c 00000198 00000194 00000190 0000018c 00000188 00000184 00000180 0000011c 00000118 00000114 00000110 0000010c 00000108 00000104 00000100 
core   0: 0x800001ac (0x96013057) vsll.vi v0, v0, 2
core   0: 3 0x800001ac (0x96013057) c8_vstart 0x00000000 e32 m1 l32 v0  ffffffff 0x0000027c 00000278 00000274 00000270 0000026c 00000268 00000264 00000260 0000025c 00000258 00000254 00000250 0000024c 00000248 00000244 00000240 0000023c 00000238 00000234 00000230 0000022c 00000228 00000224 00000220 0000021c 00000218 00000214 00000210 0000020c 00000208 00000204 00000200 
core   0: 0x800001b0 (0xfec12283) lw      x5, -20(x2)
core   0: 3 0x800001b0 (0xfec12283) x5  0x90000000 mem 0x70000014
core   0: 0x800001b4 (0x0202c057) vadd.vx v0, v0, x5
core   0: 3 0x800001b4 (0x0202c057) c8_vstart 0x00000000 e32 m1 l32 v0  ffffffff 0x9000027c 90000278 90000274 90000270 9000026c 90000268 90000264 90000260 9000025c 90000258 90000254 90000250 9000024c 90000248 90000244 90000240 9000023c 90000238 90000234 90000230 9000022c 90000228 90000224 90000220 9000021c 90000218 90000214 90000210 9000020c 90000208 90000204 90000200 
core   0: 0x800001b8 (0x0000207b) vlw12.v v0, v0, 0
core   0: 3 0x800001b8 (0x0000207b) e32 m1 l32 v0  ffffffff 0xb204b03e a9e7aa10 33b8303b b3712f1a 2d202522 30efafb9 b0f0a665 b3a22e1b 31cb2950 a12f2c56 a87827c1 31d51ca4 ae2e32a6 2e7e3237 2f5f2ed4 22703367 304cac5d 32852a60 330bb201 32d530af 29762e12 a4a92c30 b2bbb10d 3285b2b7 b0d9b36e 2ea3b07a afb83011 ac2db1c3 32c833ac 1f57b3eb 2ddf280f a5a0113b  c8_vstart 0x00000000 mem 0x90000200 mem 0x90000204 mem 0x90000208 mem 0x9000020c mem 0x90000210 mem 0x90000214 mem 0x90000218 mem 0x9000021c mem 0x90000220 mem 0x90000224 mem 0x90000228 mem 0x9000022c mem 0x90000230 mem 0x90000234 mem 0x90000238 mem 0x9000023c mem 0x90000240 mem 0x90000244 mem 0x90000248 mem 0x9000024c mem 0x90000250 mem 0x90000254 mem 0x90000258 mem 0x9000025c mem 0x90000260 mem 0x90000264 mem 0x90000268 mem 0x9000026c mem 0x90000270 mem 0x90000274 mem 0x90000278 mem 0x9000027c
core   0: 0x800001bc (0x2a5482d7) vor.vv  v5, v5, v9
core   0: 3 0x800001bc (0x2a5482d7) c8_vstart 0x00000000 e32 m1 l32 v5  ffffffff 0x0000009d 00000099 00000095 00000091 0000008d 00000089 00000085 00000081 0000001d 00000019 00000015 00000011 0000000d 00000009 00000005 00000001 0000019d 00000199 00000195 00000191 0000018d 00000189 00000185 00000181 0000011d 00000119 00000115 00000111 0000010d 00000109 00000105 00000101 
core   0: 0x800001c0 (0x965132d7) vsll.vi v5, v5, 2
core   0: 3 0x800001c0 (0x965132d7) c8_vstart 0x00000000 e32 m1 l32 v5  ffffffff 0x00000274 00000264 00000254 00000244 00000234 00000224 00000214 00000204 00000074 00000064 00000054 00000044 00000034 00000024 00000014 00000004 00000674 00000664 00000654 00000644 00000634 00000624 00000614 00000604 00000474 00000464 00000454 00000444 00000434 00000424 00000414 00000404 
core   0: 0x800001c4 (0xff412283) lw      x5, -12(x2)
core   0: 3 0x800001c4 (0xff412283) x5  0x90004000 mem 0x7000001c
core   0: 0x800001c8 (0x0252c2d7) vadd.vx v5, v5, x5
core   0: 3 0x800001c8 (0x0252c2d7) c8_vstart 0x00000000 e32 m1 l32 v5  ffffffff 0x90004274 90004264 90004254 90004244 90004234 90004224 90004214 90004204 90004074 90004064 90004054 90004044 90004034 90004024 90004014 90004004 90004674 90004664 90004654 90004644 90004634 90004624 90004614 90004604 90004474 90004464 90004454 90004444 90004434 90004424 90004414 90004404 
core   0: 0x800001cc (0x0002e07b) vsw12.v v0, v5, 0
core   0: 3 0x800001cc (0x0002e07b) c8_vstart 0x00000000 e32 m1 l32 mem 0x90004404 0xa5a0113b mem 0x90004414 0x2ddf280f mem 0x90004424 0x1f57b3eb mem 0x90004434 0x32c833ac mem 0x90004444 0xac2db1c3 mem 0x90004454 0xafb83011 mem 0x90004464 0x2ea3b07a mem 0x90004474 0xb0d9b36e mem 0x90004604 0x3285b2b7 mem 0x90004614 0xb2bbb10d mem 0x90004624 0xa4a92c30 mem 0x90004634 0x29762e12 mem 0x90004644 0x32d530af mem 0x90004654 0x330bb201 mem 0x90004664 0x32852a60 mem 0x90004674 0x304cac5d mem 0x90004004 0x22703367 mem 0x90004014 0x2f5f2ed4 mem 0x90004024 0x2e7e3237 mem 0x90004034 0xae2e32a6 mem 0x90004044 0x31d51ca4 mem 0x90004054 0xa87827c1 mem 0x90004064 0xa12f2c56 mem 0x90004074 0x31cb2950 mem 0x90004204 0xb3a22e1b mem 0x90004214 0xb0f0a665 mem 0x90004224 0x30efafb9 mem 0x90004234 0x2d202522 mem 0x90004244 0xb3712f1a mem 0x90004254 0x33b8303b mem 0x90004264 0xa9e7aa10 mem 0x90004274 0xb204b03e
core   0: 0x800001d0 (0x00000317) auipc   x6, 0x0
core   0: 3 0x800001d0 (0x00000317) x6  0x800001d0
core   0: 0x800001d4 (0x0203305b) setrpc  x0, x6, 32
core   0: 3 0x800001d4 (0x0203305b) c2060_rpc 0x800001f0 current mask:	ffffffff current npc:	8000012c stack size: 0
core   0: 0x800001d8 (0x00419c5b) vbne    v4, v3, pc + 24
core   0: 3 0x800001d8 (0x00419c5b) c8_vstart 0x00000000 e32 m1 l32 current mask:	00010001 current npc:	800001dc stack size: 2
[r_pc] 800001f0 [else_pc] 800001f0 [else_mask] fffefffe 
[r_pc] 800001f0 [else_pc] 800001f0 [else_mask] ffffffff 
core   0: 0x800001dc (0x0040006f) j       pc + 0x4
core   0: 3 0x800001dc (0x0040006f)
core   0: 0x800001e0 (0x96213057) vsll.vi v0, v2, 2
core   0: 3 0x800001e0 (0x96213057) c8_vstart 0x00000000 e32 m1 l32 v0  00010001 0xb204b03e a9e7aa10 33b8303b b3712f1a 2d202522 30efafb9 b0f0a665 b3a22e1b 31cb2950 a12f2c56 a87827c1 31d51ca4 ae2e32a6 2e7e3237 2f5f2ed4 00000010 304cac5d 32852a60 330bb201 32d530af 29762e12 a4a92c30 b2bbb10d 3285b2b7 b0d9b36e 2ea3b07a afb83011 ac2db1c3 32c833ac 1f57b3eb 2ddf280f 00000050 
core   0: 0x800001e4 (0xfdc12283) lw      x5, -36(x2)
core   0: 3 0x800001e4 (0xfdc12283) x5  0x90005000 mem 0x70000004
core   0: 0x800001e8 (0x0202c057) vadd.vx v0, v0, x5
core   0: 3 0x800001e8 (0x0202c057) c8_vstart 0x00000000 e32 m1 l32 v0  00010001 0xb204b03e a9e7aa10 33b8303b b3712f1a 2d202522 30efafb9 b0f0a665 b3a22e1b 31cb2950 a12f2c56 a87827c1 31d51ca4 ae2e32a6 2e7e3237 2f5f2ed4 90005010 304cac5d 32852a60 330bb201 32d530af 29762e12 a4a92c30 b2bbb10d 3285b2b7 b0d9b36e 2ea3b07a afb83011 ac2db1c3 32c833ac 1f57b3eb 2ddf280f 90005050 
core   0: 0x800001ec (0x0010607b) vsw12.v v1, v0, 0
core   0: 3 0x800001ec (0x0010607b) c8_vstart 0x00000000 e32 m1 l32 mem 0x90005050 0x00000008 mem 0x90005010 0x00000009
core   0: 0x800001f0 (0x0000205b) join    v0, v0, pc + 0
core   0: 3 0x800001f0 (0x0000205b) current mask:	fffefffe current npc:	800001f0 stack size: 1
[r_pc] 800001f0 [else_pc] 800001f0 [else_mask] ffffffff 
core   0: 3 0x800001f0 (0x0000205b) current mask:	ffffffff current npc:	800001f0 stack size: 0
core   0: 3 0x800001f0 (0x0000205b) current mask:	ffcore   0: 0x00001000 (0x00000297) auipc   x5, 0x0
core   0: 3 0x00001000 (0x00000297) x5  0x00001000
core   0: 0x00001004 (0x02028593) addi    x11, x5, 32
core   0: 3 0x00001004 (0x02028593) x11 0x00001020
core   0: 0x00001008 (0xf1402573) csrr    x10, mhartid
core   0: 3 0x00001008 (0xf1402573) x10 0x00000000
core   0: 0x0000100c (0x0182a283) lw      x5, 24(x5)
core   0: 3 0x0000100c (0x0182a283) x5  0x80000000 mem 0x00001018
core   0: 0x00001010 (0x00028067) jr      x5
core   0: 3 0x00001010 (0x00028067)
core   0: 0x80000000 (0x00004197) auipc   x3, 0x4
core   0: 3 0x80000000 (0x00004197) x3  0x80004000
core   0: 0x80000004 (0x80818193) addi    x3, x3, -2040
core   0: 3 0x80000004 (0x80818193) x3  0x80003808
core   0: 0x80000008 (0x02000e93) li      x29, 32
core   0: 3 0x80000008 (0x02000e93) x29 0x00000020
core   0: 0x8000000c (0x0d0efed7) vsetvli x29, x29, e32, m1, ta, ma
core   0: 3 0x8000000c (0x0d0efed7) x29 0x00000020 c8_vstart 0x00000000 c3104_vl 0x00000020 c3105_vtype 0x000000d0 c768_mstatus 0x80000600
core   0: 0x80000010 (0x00002eb7) lui     x29, 0x2
core   0: 3 0x80000010 (0x00002eb7) x29 0x00002000
core   0: 0x80000014 (0x300eaef3) csrrs   x29, mstatus, x29
core   0: 3 0x80000014 (0x300eaef3) x29 0x80000600 c768_mstatus 0x80006600
core   0: 0x80000018 (0x00000e93) li      x29, 0
core   0: 3 0x80000018 (0x00000e93) x29 0x00000000
core   0: 0x8000001c (0x80502373) csrr    x6, wid
core   0: 3 0x8000001c (0x80502373) x6  0x00000000
core   0: 0x80000020 (0x806023f3) csrr    x7, lds
core   0: 3 0x80000020 (0x806023f3) x7  0x70000000
core   0: 0x80000024 (0x40000e13) li      x28, 1024
core   0: 3 0x80000024 (0x40000e13) x28 0x00000400
core   0: 0x80000028 (0x03c30333) mul     x6, x6, x28
core   0: 3 0x80000028 (0x03c30333) x6  0x00000000
core   0: 0x8000002c (0x00730133) add     x2, x6, x7
core   0: 3 0x8000002c (0x00730133) x2  0x70000000
core   0: 0x80000030 (0x00000213) li      x4, 0
core   0: 3 0x80000030 (0x00000213) x4  0x00000000
core   0: 0x80000034 (0x80102f73) csrr    x30, numw
core   0: 3 0x80000034 (0x80102f73) x30 0x00000001
core   0: 0x80000038 (0x40000e13) li      x28, 1024
core   0: 3 0x80000038 (0x40000e13) x28 0x00000400
core   0: 0x8000003c (0x03cf0f33) mul     x30, x30, x28
core   0: 3 0x8000003c (0x03cf0f33) x30 0x00000400
core   0: 0x80000040 (0x01e38433) add     x8, x7, x30
core   0: 3 0x80000040 (0x01e38433) x8  0x70000400
core   0: 0x80000044 (0x00003517) auipc   x10, 0x3
core   0: 3 0x80000044 (0x00003517) x10 0x80003044
core   0: 0x80000048 (0xfc450513) addi    x10, x10, -60
core   0: 3 0x80000048 (0xfc450513) x10 0x80003008
core   0: 0x8000004c (0x00003617) auipc   x12, 0x3
core   0: 3 0x8000004c (0x00003617) x12 0x8000304c
core   0: 0x80000050 (0xfbc60613) addi    x12, x12, -68
core   0: 3 0x80000050 (0xfbc60613) x12 0x80003008
core   0: 0x80000054 (0x00c50863) beq     x10, x12, pc + 16
core   0: 3 0x80000054 (0x00c50863)
core   0: 0x80000064 (0x803022f3) csrr    x5, knl
core   0: 3 0x80000064 (0x803022f3) x5  0x90107000
core   0: 0x80000068 (0x0002a303) lw      x6, 0(x5)
core   0: 3 0x80000068 (0x0002a303) x6  0x800000b8 mem 0x90107000
core   0: 0x8000006c (0x0042a503) lw      x10, 4(x5)
core   0: 3 0x8000006c (0x0042a503) x10 0x90006000 mem 0x90107004
core   0: 0x80000070 (0x0302a383) lw      x7, 48(x5)
core   0: 3 0x80000070 (0x0302a383) x7  0x00000000 mem 0x90107030
core   0: 0x80000074 (0x0342ae03) lw      x28, 52(x5)
core   0: 3 0x80000074 (0x0342ae03) x28 0x00000000 mem 0x90107034
core   0: 0x80000078 (0x00003e97) auipc   x29, 0x3
core   0: 3 0x80000078 (0x00003e97) x29 0x80003078
core   0: 0x8000007c (0xf88e8e93) addi    x29, x29, -120
core   0: 3 0x8000007c (0xf88e8e93) x29 0x80003000
core   0: 0x80000080 (0x00003f17) auipc   x30, 0x3
core   0: 3 0x80000080 (0x00003f17) x30 0x80003080
core   0: 0x80000084 (0xf84f0f13) addi    x30, x30, -124
core   0: 3 0x80000084 (0xf84f0f13) x30 0x80003004
core   0: 0x80000088 (0x007ea023) sw      x7, 0(x29)
core   0: 3 0x80000088 (0x007ea023) mem 0x80003000 0x00000000
core   0: 0x8000008c (0x01cf2023) sw      x28, 0(x30)
core   0: 3 0x8000008c (0x01cf2023) mem 0x80003004 0x00000000
core   0: 0x80000090 (0x00000f97) auipc   x31, 0x0
core   0: 3 0x80000090 (0x00000f97) x31 0x80000090
core   0: 0x80000094 (0x018f8f93) addi    x31, x31, 24
core   0: 3 0x80000094 (0x018f8f93) x31 0x800000a8
core   0: 0x80000098 (0x305f9073) csrw    mtvec, x31
core   0: 3 0x80000098 (0x305f9073) c773_mtvec 0x800000a8
core   0: 0x8000009c (0x000300e7) jalr    x6
core   0: 3 0x8000009c (0x000300e7) x1  0x800000a0
core   0: 0x800000b8 (0x02810113) addi    x2, x2, 40
core   0: 3 0x800000b8 (0x02810113) x2  0x70000028
core   0: 0x800000bc (0xfc112c23) sw      x1, -40(x2)
core   0: 3 0x800000bc (0xfc112c23) mem 0x70000000 0x800000a0
core   0: 0x800000c0 (0x02052283) lw      x5, 32(x10)
core   0: 3 0x800000c0 (0x02052283) x5  0x90005000 mem 0x90006020
core   0: 0x800000c4 (0xfc512e23) sw      x5, -36(x2)
core   0: 3 0x800000c4 (0xfc512e23) mem 0x70000004 0x90005000
core   0: 0x800000c8 (0x01c52283) lw      x5, 28(x10)
core   0: 3 0x800000c8 (0x01c52283) x5  0x90004000 mem 0x9000601c
core   0: 0x800000cc (0xfe512a23) sw      x5, -12(x2)
core   0: 3 0x800000cc (0xfe512a23) mem 0x7000001c 0x90004000
core   0: 0x800000d0 (0x01852283) lw      x5, 24(x10)
core   0: 3 0x800000d0 (0x01852283) x5  0x00000002 mem 0x90006018
core   0: 0x800000d4 (0xfe512823) sw      x5, -16(x2)
core   0: 3 0x800000d4 (0xfe512823) mem 0x70000018 0x00000002
core   0: 0x800000d8 (0x00c52283) lw      x5, 12(x10)
core   0: 3 0x800000d8 (0x00c52283) x5  0x90003000 mem 0x9000600c
core   0: 0x800000dc (0xfe512423) sw      x5, -24(x2)
core   0: 3 0x800000dc (0xfe512423) mem 0x70000010 0x90003000
core   0: 0x800000e0 (0x00852283) lw      x5, 8(x10)
core   0: 3 0x800000e0 (0x00852283) x5  0x90002000 mem 0x90006008
core   0: 0x800000e4 (0xfe512223) sw      x5, -28(x2)
core   0: 3 0x800000e4 (0xfe512223) mem 0x7000000c 0x90002000
core   0: 0x800000e8 (0x00452283) lw      x5, 4(x10)
core   0: 3 0x800000e8 (0x00452283) x5  0x90001000 mem 0x90006004
core   0: 0x800000ec (0xfe512023) sw      x5, -32(x2)
core   0: 3 0x800000ec (0xfe512023) mem 0x70000008 0x90001000
core   0: 0x800000f0 (0x00052283) lw      x5, 0(x10)
core   0: 3 0x800000f0 (0x00052283) x5  0x90000000 mem 0x90006000
core   0: 0x800000f4 (0xfe512623) sw      x5, -20(x2)
core   0: 3 0x800000f4 (0xfe512623) mem 0x70000014 0x90000000
core   0: 0x800000f8 (0x01452283) lw      x5, 20(x10)
core   0: 3 0x800000f8 (0x01452283) x5  0x00000010 mem 0x90006014
core   0: 0x800000fc (0xfe512c23) sw      x5, -8(x2)
core   0: 3 0x800000fc (0xfe512c23) mem 0x70000020 0x00000010
core   0: 0x80000100 (0x01052283) lw      x5, 16(x10)
core   0: 3 0x80000100 (0x01052283) x5  0x00000010 mem 0x90006010
core   0: 0x80000104 (0xfe512e23) sw      x5, -4(x2)
core   0: 3 0x80000104 (0xfe512e23) mem 0x70000024 0x00000010
core   0: 0x80000108 (0x5e004057) vmv.v.x v0, x0
core   0: 3 0x80000108 (0x5e004057) c8_vstart 0x00000000 e32 m1 l32 v0  ffffffff 0x00000000 00000000 00000000 00000000 00000000 00000000 00000000 00000000 00000000 00000000 00000000 00000000 00000000 00000000 00000000 00000000 00000000 00000000 00000000 00000000 00000000 00000000 00000000 00000000 00000000 00000000 00000000 00000000 00000000 00000000 00000000 00000000 
core   0: 0x8000010c (0x5e4000ef) jal     pc + 0x5e4
core   0: 3 0x8000010c (0x5e4000ef) x1  0x80000110
core   0: 0x800006f0 (0x00410113) addi    x2, x2, 4
core   0: 3 0x800006f0 (0x00410113) x2  0x7000002c
core   0: 0x800006f4 (0xfe112e23) sw      x1, -4(x2)
core   0: 3 0x800006f4 (0xfe112e23) mem 0x70000028 0x80000110
core   0: 0x800006f8 (0x020040d7) vadd.vx v1, v0, x0
core   0: 3 0x800006f8 (0x020040d7) c8_vstart 0x00000000 e32 m1 l32 v1  ffffffff 0x00000000 00000000 00000000 00000000 00000000 00000000 00000000 00000000 00000000 00000000 00000000 00000000 00000000 00000000 00000000 00000000 00000000 00000000 00000000 00000000 00000000 00000000 00000000 00000000 00000000 00000000 00000000 00000000 00000000 00000000 00000000 00000000 
core   0: 0x800006fc (0x00200293) li      x5, 2
core   0: 3 0x800006fc (0x00200293) x5  0x00000002
core   0: 0x80000700 (0x5e02c057) vmv.v.x v0, x5
core   0: 3 0x80000700 (0x5e02c057) c8_vstart 0x00000000 e32 m1 l32 v0  ffffffff 0x00000002 00000002 00000002 00000002 00000002 00000002 00000002 00000002 00000002 00000002 00000002 00000002 00000002 00000002 00000002 00000002 00000002 00000002 00000002 00000002 00000002 00000002 00000002 00000002 00000002 00000002 00000002 00000002 00000002 00000002 00000002 00000002 
core   0: 0x80000704 (0x00000317) auipc   x6, 0x0
core   0: 3 0x80000704 (0x00000317) x6  0x80000704
core   0: 0x80000708 (0x0543305b) setrpc  x0, x6, 84
core   0: 3 0x80000708 (0x0543305b) c2060_rpc 0x80000758 current mask:	ffffffff current npc:	00000000 stack size: 0
core   0: 0x8000070c (0x0410045b) vbeq    v1, v0, pc + 72
core   0: 3 0x8000070c (0x0410045b) c8_vstart 0x00000000 e32 m1 l32 current mask:	ffffffff current npc:	80000710 stack size: 0
core   0: 0x80000710 (0x0040006f) j       pc + 0x4
core   0: 3 0x80000710 (0x0040006f)
core   0: 0x80000714 (0x00100293) li      x5, 1
core   0: 3 0x80000714 (0x00100293) x5  0x00000001
core   0: 0x80000718 (0x5e02c057) vmv.v.x v0, x5
core   0: 3 0x80000718 (0x5e02c057) c8_vstart 0x00000000 e32 m1 l32 v0  ffffffff 0x00000001 00000001 00000001 00000001 00000001 00000001 00000001 00000001 00000001 00000001 00000001 00000001 00000001 00000001 00000001 00000001 00000001 00000001 00000001 00000001 00000001 00000001 00000001 00000001 00000001 00000001 00000001 00000001 00000001 00000001 00000001 00000001 
core   0: 0x8000071c (0x00000317) auipc   x6, 0x0
core   0: 3 0x8000071c (0x00000317) x6  0x8000071c
core   0: 0x80000720 (0x03c3305b) setrpc  x0, x6, 60
core   0: 3 0x80000720 (0x03c3305b) c2060_rpc 0x80000758 current mask:	ffffffff current npc:	80000710 stack size: 0
core   0: 0x80000724 (0x0210045b) vbeq    v1, v0, pc + 40
core   0: 3 0x80000724 (0x0210045b) c8_vstart 0x00000000 e32 m1 l32 current mask:	ffffffff current npc:	80000728 stack size: 0
core   0: 0x80000728 (0x0040006f) j       pc + 0x4
core   0: 3 0x80000728 (0x0040006f)
core   0: 0x8000072c (0x5e004157) vmv.v.x v2, x0
core   0: 3 0x8000072c (0x5e004157) c8_vstart 0x00000000 e32 m1 l32 v2  ffffffff 0x00000000 00000000 00000000 00000000 00000000 00000000 00000000 00000000 00000000 00000000 00000000 00000000 00000000 00000000 00000000 00000000 00000000 00000000 00000000 00000000 00000000 00000000 00000000 00000000 00000000 00000000 00000000 00000000 00000000 00000000 00000000 00000000 
core   0: 0x80000730 (0x5e004057) vmv.v.x v0, x0
core   0: 3 0x80000730 (0x5e004057) c8_vstart 0x00000000 e32 m1 l32 v0  ffffffff 0x00000000 00000000 00000000 00000000 00000000 00000000 00000000 00000000 00000000 00000000 00000000 00000000 00000000 00000000 00000000 00000000 00000000 00000000 00000000 00000000 00000000 00000000 00000000 00000000 00000000 00000000 00000000 00000000 00000000 00000000 00000000 00000000 
core   0: 0x80000734 (0x00000317) auipc   x6, 0x0
core   0: 3 0x80000734 (0x00000317) x6  0x80000734
core   0: 0x80000738 (0x0243305b) setrpc  x0, x6, 36
core   0: 3 0x80000738 (0x0243305b) c2060_rpc 0x80000758 current mask:	ffffffff current npc:	80000728 stack size: 0
core   0: 0x8000073c (0x00111e5b) vbne    v1, v2, pc + 28
core   0: 3 0x8000073c (0x00111e5b) c8_vstart 0x00000000 e32 m1 l32 current mask:	ffffffff current npc:	80000740 stack size: 0
core   0: 0x80000740 (0x0040006f) j       pc + 0x4
core   0: 3 0x80000740 (0x0040006f)
core   0: 0x80000744 (0x124000ef) jal     pc + 0x124
core   0: 3 0x80000744 (0x124000ef) x1  0x80000748
core   0: 0x80000868 (0x00410113) addi    x2, x2, 4
core   0: 3 0x80000868 (0x00410113) x2  0x70000030
core   0: 0x8000086c (0xfe112e23) sw      x1, -4(x2)
core   0: 3 0x8000086c (0xfe112e23) mem 0x7000002c 0x80000748
core   0: 0x80000870 (0xf1dff0ef) jal     pc - 0xe4
core   0: 3 0x80000870 (0xf1dff0ef) x1  0x80000874
core   0: 0x8000078c (0x00410113) addi    x2, x2, 4
core   0: 3 0x8000078c (0x00410113) x2  0x70000034
core   0: 0x80000790 (0xfe112e23) sw      x1, -4(x2)
core   0: 3 0x80000790 (0xfe112e23) mem 0x70000030 0x80000874
core   0: 0x80000794 (0x80302573) csrr    x10, knl
core   0: 3 0x80000794 (0x80302573) x10 0x90107000
core   0: 0x80000798 (0x00852283) lw      x5, 8(x10)
core   0: 3 0x80000798 (0x00852283) x5  0x00000001 mem 0x90107008
core   0: 0x8000079c (0x80002373) csrr    x6, tid
core   0: 3 0x8000079c (0x80002373) x6  0x00000000
core   0: 0x800007a0 (0x5208a157) vid.v   v2
core   0: 3 0x800007a0 (0x5208a157) c8_vstart 0x00000000 e32 m1 l32 v2  ffffffff 0x0000001f 0000001e 0000001d 0000001c 0000001b 0000001a 00000019 00000018 00000017 00000016 00000015 00000014 00000013 00000012 00000011 00000010 0000000f 0000000e 0000000d 0000000c 0000000b 0000000a 00000009 00000008 00000007 00000006 00000005 00000004 00000003 00000002 00000001 00000000 
core   0: 0x800007a4 (0x02234057) vadd.vx v0, v2, x6
core   0: 3 0x800007a4 (0x02234057) c8_vstart 0x00000000 e32 m1 l32 v0  ffffffff 0x0000001f 0000001e 0000001d 0000001c 0000001b 0000001a 00000019 00000018 00000017 00000016 00000015 00000014 00000013 00000012 00000011 00000010 0000000f 0000000e 0000000d 0000000c 0000000b 0000000a 00000009 00000008 00000007 00000006 00000005 00000004 00000003 00000002 00000001 00000000 
core   0: 0x800007a8 (0x01852e03) lw      x28, 24(x10)
core   0: 3 0x800007a8 (0x01852e03) x28 0x00000020 mem 0x90107018
core   0: 0x800007ac (0x8a0e6057) vremu.vx v0, v0, x28
core   0: 3 0x800007ac (0x8a0e6057) c8_vstart 0x00000000 e32 m1 l32 v0  ffffffff 0x0000001f 0000001e 0000001d 0000001c 0000001b 0000001a 00000019 00000018 00000017 00000016 00000015 00000014 00000013 00000012 00000011 00000010 0000000f 0000000e 0000000d 0000000c 0000000b 0000000a 00000009 00000008 00000007 00000006 00000005 00000004 00000003 00000002 00000001 00000000 
core   0: 0x800007b0 (0xffc12083) lw      x1, -4(x2)
core   0: 3 0x800007b0 (0xffc12083) x1  0x80000874 mem 0x70000030
core   0: 0x800007b4 (0xffc10113) addi    x2, x2, -4
core   0: 3 0x800007b4 (0xffc10113) x2  0x70000030
core   0: 0x800007b8 (0x00008067) ret
core   0: 3 0x800007b8 (0x00008067)
core   0: 0x80000874 (0x80302573) csrr    x10, knl
core   0: 3 0x80000874 (0x80302573) x10 0x90107000
core   0: 0x80000878 (0x80802373) csrr    x6, gidx
core   0: 3 0x80000878 (0x80802373) x6  0x00000005
core   0: 0x8000087c (0x01852e03) lw      x28, 24(x10)
core   0: 3 0x8000087c (0x01852e03) x28 0x00000020 mem 0x90107018
core   0: 0x80000880 (0x02452e83) lw      x29, 36(x10)
core   0: 3 0x80000880 (0x02452e83) x29 0x00000000 mem 0x90107024
core   0: 0x80000884 (0x03c30fb3) mul     x31, x6, x28
core   0: 3 0x80000884 (0x03c30fb3) x31 0x000000a0
core   0: 0x80000888 (0x01df8fb3) add     x31, x31, x29
core   0: 3 0x80000888 (0x01df8fb3) x31 0x000000a0
core   0: 0x8000088c (0x020fc057) vadd.vx v0, v0, x31
core   0: 3 0x8000088c (0x020fc057) c8_vstart 0x00000000 e32 m1 l32 v0  ffffffff 0x000000bf 000000be 000000bd 000000bc 000000bb 000000ba 000000b9 000000b8 000000b7 000000b6 000000b5 000000b4 000000b3 000000b2 000000b1 000000b0 000000af 000000ae 000000ad 000000ac 000000ab 000000aa 000000a9 000000a8 000000a7 000000a6 000000a5 000000a4 000000a3 000000a2 000000a1 000000a0 
core   0: 0x80000890 (0xffc12083) lw      x1, -4(x2)
core   0: 3 0x80000890 (0xffc12083) x1  0x80000748 mem 0x7000002c
core   0: 0x80000894 (0xffc10113) addi    x2, x2, -4
core   0: 3 0x80000894 (0xffc10113) x2  0x7000002c
core   0: 0x80000898 (0x00008067) ret
core   0: 3 0x80000898 (0x00008067)
core   0: 0x80000748 (0x0100006f) j       pc + 0x10
core   0: 3 0x80000748 (0x0100006f)
core   0: 0x80000758 (0x0000205b) join    v0, v0, pc + 0
core   0: 3 0x80000758 (0x0000205b) current mask:	ffffffff current npc:	80000740 stack size: 0
core   0: 0x8000075c (0xffc12083) lw      x1, -4(x2)
core   0: 3 0x8000075c (0xffc12083) x1  0x80000110 mem 0x70000028
core   0: 0x80000760 (0xffc10113) addi    x2, x2, -4
core   0: 3 0x80000760 (0xffc10113) x2  0x70000028
core   0: 0x80000764 (0x00008067) ret
core   0: 3 0x80000764 (0x00008067)
core   0: 0x80000110 (0xff812383) lw      x7, -8(x2)
core   0: 3 0x80000110 (0xff812383) x7  0x00000010 mem 0x70000020
core   0: 0x80000114 (0xffc12283) lw      x5, -4(x2)
core   0: 3 0x80000114 (0xffc12283) x5  0x00000010 mem 0x70000024
core   0: 0x80000118 (0x025382b3) mul     x5, x7, x5
core   0: 3 0x80000118 (0x025382b3) x5  0x00000100
core   0: 0x8000011c (0x5e02c0d7) vmv.v.x v1, x5
core   0: 3 0x8000011c (0x5e02c0d7) c8_vstart 0x00000000 e32 m1 l32 v1  ffffffff 0x00000100 00000100 00000100 00000100 00000100 00000100 00000100 00000100 00000100 00000100 00000100 00000100 00000100 00000100 00000100 00000100 00000100 00000100 00000100 00000100 00000100 00000100 00000100 00000100 00000100 00000100 00000100 00000100 00000100 00000100 00000100 00000100 
core   0: 0x80000120 (0x00000317) auipc   x6, 0x0
core   0: 3 0x80000120 (0x00000317) x6  0x80000120
core   0: 0x80000124 (0x0d03305b) setrpc  x0, x6, 208
core   0: 3 0x80000124 (0x0d03305b) c2060_rpc 0x800001f0 current mask:	ffffffff current npc:	80000740 stack size: 0
core   0: 0x80000128 (0x0c00d45b) vbge    v0, v1, pc + 200
core   0: 3 0x80000128 (0x0c00d45b) c8_vstart 0x00000000 e32 m1 l32 current mask:	ffffffff current npc:	8000012c stack size: 0
core   0: 0x8000012c (0x0040006f) j       pc + 0x4
core   0: 3 0x8000012c (0x0040006f)
core   0: 0x80000130 (0x5e0041d7) vmv.v.x v3, x0
core   0: 3 0x80000130 (0x5e0041d7) c8_vstart 0x00000000 e32 m1 l32 v3  ffffffff 0x00000000 00000000 00000000 00000000 00000000 00000000 00000000 00000000 00000000 00000000 00000000 00000000 00000000 00000000 00000000 00000000 00000000 00000000 00000000 00000000 00000000 00000000 00000000 00000000 00000000 00000000 00000000 00000000 00000000 00000000 00000000 00000000 
core   0: 0x80000134 (0x5e03c157) vmv.v.x v2, x7
core   0: 3 0x80000134 (0x5e03c157) c8_vstart 0x00000000 e32 m1 l32 v2  ffffffff 0x00000010 00000010 00000010 00000010 00000010 00000010 00000010 00000010 00000010 00000010 00000010 00000010 00000010 00000010 00000010 00000010 00000010 00000010 00000010 00000010 00000010 00000010 00000010 00000010 00000010 00000010 00000010 00000010 00000010 00000010 00000010 00000010 
core   0: 0x80000138 (0x8603e0d7) vdiv.vx v1, v0, x7
core   0: 3 0x80000138 (0x8603e0d7) c8_vstart 0x00000000 e32 m1 l32 v1  ffffffff 0x0000000b 0000000b 0000000b 0000000b 0000000b 0000000b 0000000b 0000000b 0000000b 0000000b 0000000b 0000000b 0000000b 0000000b 0000000b 0000000b 0000000a 0000000a 0000000a 0000000a 0000000a 0000000a 0000000a 0000000a 0000000a 0000000a 0000000a 0000000a 0000000a 0000000a 0000000a 0000000a 
core   0: 0x8000013c (0x02104257) vadd.vx v4, v1, x0
core   0: 3 0x8000013c (0x02104257) c8_vstart 0x00000000 e32 m1 l32 v4  ffffffff 0x0000000b 0000000b 0000000b 0000000b 0000000b 0000000b 0000000b 0000000b 0000000b 0000000b 0000000b 0000000b 0000000b 0000000b 0000000b 0000000b 0000000a 0000000a 0000000a 0000000a 0000000a 0000000a 0000000a 0000000a 0000000a 0000000a 0000000a 0000000a 0000000a 0000000a 0000000a 0000000a 
core   0: 0x80000140 (0x961132d7) vsll.vi v5, v1, 2
core   0: 3 0x80000140 (0x961132d7) c8_vstart 0x00000000 e32 m1 l32 v5  ffffffff 0x0000002c 0000002c 0000002c 0000002c 0000002c 0000002c 0000002c 0000002c 0000002c 0000002c 0000002c 0000002c 0000002c 0000002c 0000002c 0000002c 00000028 00000028 00000028 00000028 00000028 00000028 00000028 00000028 00000028 00000028 00000028 00000028 00000028 00000028 00000028 00000028 
core   0: 0x80000144 (0xfe012283) lw      x5, -32(x2)
core   0: 3 0x80000144 (0xfe012283) x5  0x90001000 mem 0x70000008
core   0: 0x80000148 (0x0252c357) vadd.vx v6, v5, x5
core   0: 3 0x80000148 (0x0252c357) c8_vstart 0x00000000 e32 m1 l32 v6  ffffffff 0x9000102c 9000102c 9000102c 9000102c 9000102c 9000102c 9000102c 9000102c 9000102c 9000102c 9000102c 9000102c 9000102c 9000102c 9000102c 9000102c 90001028 90001028 90001028 90001028 90001028 90001028 90001028 90001028 90001028 90001028 90001028 90001028 90001028 90001028 90001028 90001028 
core   0: 0x8000014c (0x0003237b) vlw12.v v6, v6, 0
core   0: 3 0x8000014c (0x0003237b) e32 m1 l32 v6  ffffffff 0x00000000 00000000 00000000 00000000 00000000 00000000 00000000 00000000 00000000 00000000 00000000 00000000 00000000 00000000 00000000 00000000 00000001 00000001 00000001 00000001 00000001 00000001 00000001 00000001 00000001 00000001 00000001 00000001 00000001 00000001 00000001 00000001  c8_vstart 0x00000000 mem 0x90001028 mem 0x90001028 mem 0x90001028 mem 0x90001028 mem 0x90001028 mem 0x90001028 mem 0x90001028 mem 0x90001028 mem 0x90001028 mem 0x90001028 mem 0x90001028 mem 0x90001028 mem 0x90001028 mem 0x90001028 mem 0x90001028 mem 0x90001028 mem 0x9000102c mem 0x9000102c mem 0x9000102c mem 0x9000102c mem 0x9000102c mem 0x9000102c mem 0x9000102c mem 0x9000102c mem 0x9000102c mem 0x9000102c mem 0x9000102c mem 0x9000102c mem 0x9000102c mem 0x9000102c mem 0x9000102c mem 0x9000102c
core   0: 0x80000150 (0xae012257) vnmsub.vv v4, v0, v2
core   0: 3 0x80000150 (0xae012257) c8_vstart 0x00000000 e32 m1 l32 v4  ffffffff 0x0000000f 0000000e 0000000d 0000000c 0000000b 0000000a 00000009 00000008 00000007 00000006 00000005 00000004 00000003 00000002 00000001 00000000 0000000f 0000000e 0000000d 0000000c 0000000b 0000000a 00000009 00000008 00000007 00000006 00000005 00000004 00000003 00000002 00000001 00000000 
core   0: 0x80000154 (0x96613157) vsll.vi v2, v6, 2
core   0: 3 0x80000154 (0x96613157) c8_vstart 0x00000000 e32 m1 l32 v2  ffffffff 0x00000000 00000000 00000000 00000000 00000000 00000000 00000000 00000000 00000000 00000000 00000000 00000000 00000000 00000000 00000000 00000000 00000004 00000004 00000004 00000004 00000004 00000004 00000004 00000004 00000004 00000004 00000004 00000004 00000004 00000004 00000004 00000004 
core   0: 0x80000158 (0xfe812283) lw      x5, -24(x2)
core   0: 3 0x80000158 (0xfe812283) x5  0x90003000 mem 0x70000010
core   0: 0x8000015c (0x0222c157) vadd.vx v2, v2, x5
core   0: 3 0x8000015c (0x0222c157) c8_vstart 0x00000000 e32 m1 l32 v2  ffffffff 0x90003000 90003000 90003000 90003000 90003000 90003000 90003000 90003000 90003000 90003000 90003000 90003000 90003000 90003000 90003000 90003000 90003004 90003004 90003004 90003004 90003004 90003004 90003004 90003004 90003004 90003004 90003004 90003004 90003004 90003004 90003004 90003004 
core   0: 0x80000160 (0x0001217b) vlw12.v v2, v2, 0
core   0: 3 0x80000160 (0x0001217b) e32 m1 l32 v2  ffffffff 0x00000000 00000000 00000000 00000000 00000000 00000000 00000000 00000000 00000000 00000000 00000000 00000000 00000000 00000000 00000000 00000000 00000010 00000010 00000010 00000010 00000010 00000010 00000010 00000010 00000010 00000010 00000010 00000010 00000010 00000010 00000010 00000010  c8_vstart 0x00000000 mem 0x90003004 mem 0x90003004 mem 0x90003004 mem 0x90003004 mem 0x90003004 mem 0x90003004 mem 0x90003004 mem 0x90003004 mem 0x90003004 mem 0x90003004 mem 0x90003004 mem 0x90003004 mem 0x90003004 mem 0x90003004 mem 0x90003004 mem 0x90003004 mem 0x90003000 mem 0x90003000 mem 0x90003000 mem 0x90003000 mem 0x90003000 mem 0x90003000 mem 0x90003000 mem 0x90003000 mem 0x90003000 mem 0x90003000 mem 0x90003000 mem 0x90003000 mem 0x90003000 mem 0x90003000 mem 0x90003000 mem 0x90003000
core   0: 0x80000164 (0xfe412303) lw      x6, -28(x2)
core   0: 3 0x80000164 (0xfe412303) x6  0x90002000 mem 0x7000000c
core   0: 0x80000168 (0x025342d7) vadd.vx v5, v5, x6
core   0: 3 0x80000168 (0x025342d7) c8_vstart 0x00000000 e32 m1 l32 v5  ffffffff 0x9000202c 9000202c 9000202c 9000202c 9000202c 9000202c 9000202c 9000202c 9000202c 9000202c 9000202c 9000202c 9000202c 9000202c 9000202c 9000202c 90002028 90002028 90002028 90002028 90002028 90002028 90002028 90002028 90002028 90002028 90002028 90002028 90002028 90002028 90002028 90002028 
core   0: 0x8000016c (0x0002a2fb) vlw12.v v5, v5, 0
core   0: 3 0x8000016c (0x0002a2fb) e32 m1 l32 v5  ffffffff 0x00000005 00000005 00000005 00000005 00000005 00000005 00000005 00000005 00000005 00000005 00000005 00000005 00000005 00000005 00000005 00000005 00000005 00000005 00000005 00000005 00000005 00000005 00000005 00000005 00000005 00000005 00000005 00000005 00000005 00000005 00000005 00000005  c8_vstart 0x00000000 mem 0x90002028 mem 0x90002028 mem 0x90002028 mem 0x90002028 mem 0x90002028 mem 0x90002028 mem 0x90002028 mem 0x90002028 mem 0x90002028 mem 0x90002028 mem 0x90002028 mem 0x90002028 mem 0x90002028 mem 0x90002028 mem 0x90002028 mem 0x90002028 mem 0x9000202c mem 0x9000202c mem 0x9000202c mem 0x9000202c mem 0x9000202c mem 0x9000202c mem 0x9000202c mem 0x9000202c mem 0x9000202c mem 0x9000202c mem 0x9000202c mem 0x9000202c mem 0x9000202c mem 0x9000202c mem 0x9000202c mem 0x9000202c
core   0: 0x80000170 (0x02510157) vadd.vv v2, v5, v2
core   0: 3 0x80000170 (0x02510157) c8_vstart 0x00000000 e32 m1 l32 v2  ffffffff 0x00000005 00000005 00000005 00000005 00000005 00000005 00000005 00000005 00000005 00000005 00000005 00000005 00000005 00000005 00000005 00000005 00000015 00000015 00000015 00000015 00000015 00000015 00000015 00000015 00000015 00000015 00000015 00000015 00000015 00000015 00000015 00000015 
core   0: 0x80000174 (0xa22232d7) vsrl.vi v5, v2, 4
core   0: 3 0x80000174 (0xa22232d7) c8_vstart 0x00000000 e32 m1 l32 v5  ffffffff 0x00000000 00000000 00000000 00000000 00000000 00000000 00000000 00000000 00000000 00000000 00000000 00000000 00000000 00000000 00000000 00000000 00000001 00000001 00000001 00000001 00000001 00000001 00000001 00000001 00000001 00000001 00000001 00000001 00000001 00000001 00000001 00000001 
core   0: 0x80000178 (0xa241b357) vsrl.vi v6, v4, 3
core   0: 3 0x80000178 (0xa241b357) c8_vstart 0x00000000 e32 m1 l32 v6  ffffffff 0x00000001 00000001 00000001 00000001 00000001 00000001 00000001 00000001 00000000 00000000 00000000 00000000 00000000 00000000 00000000 00000000 00000001 00000001 00000001 00000001 00000001 00000001 00000001 00000001 00000000 00000000 00000000 00000000 00000000 00000000 00000000 00000000 
core   0: 0x8000017c (0x2643b3d7) vand.vi v7, v4, 7
core   0: 3 0x8000017c (0x2643b3d7) c8_vstart 0x00000000 e32 m1 l32 v7  ffffffff 0x00000007 00000006 00000005 00000004 00000003 00000002 00000001 00000000 00000007 00000006 00000005 00000004 00000003 00000002 00000001 00000000 00000007 00000006 00000005 00000004 00000003 00000002 00000001 00000000 00000007 00000006 00000005 00000004 00000003 00000002 00000001 00000000 
core   0: 0x80000180 (0x9621b457) vsll.vi v8, v2, 3
core   0: 3 0x80000180 (0x9621b457) c8_vstart 0x00000000 e32 m1 l32 v8  ffffffff 0x00000028 00000028 00000028 00000028 00000028 00000028 00000028 00000028 00000028 00000028 00000028 00000028 00000028 00000028 00000028 00000028 000000a8 000000a8 000000a8 000000a8 000000a8 000000a8 000000a8 000000a8 000000a8 000000a8 000000a8 000000a8 000000a8 000000a8 000000a8 000000a8 
core   0: 0x80000184 (0xa22134d7) vsrl.vi v9, v2, 2
core   0: 3 0x80000184 (0xa22134d7) c8_vstart 0x00000000 e32 m1 l32 v9  ffffffff 0x00000001 00000001 00000001 00000001 00000001 00000001 00000001 00000001 00000001 00000001 00000001 00000001 00000001 00000001 00000001 00000001 00000005 00000005 00000005 00000005 00000005 00000005 00000005 00000005 00000005 00000005 00000005 00000005 00000005 00000005 00000005 00000005 
core   0: 0x80000188 (0x2691b4d7) vand.vi v9, v9, 3
core   0: 3 0x80000188 (0x2691b4d7) c8_vstart 0x00000000 e32 m1 l32 v9  ffffffff 0x00000001 00000001 00000001 00000001 00000001 00000001 00000001 00000001 00000001 00000001 00000001 00000001 00000001 00000001 00000001 00000001 00000001 00000001 00000001 00000001 00000001 00000001 00000001 00000001 00000001 00000001 00000001 00000001 00000001 00000001 00000001 00000001 
core   0: 0x8000018c (0x0000300b) regexti x0, x0,  0 0 0 
core   0: 3 0x8000018c (0x0000300b)
core   0: 0x80000190 (0x268c3457) vand.vi v8, v8, -8
core   0: 3 0x80000190 (0x268c3457) c8_vstart 0x00000000 e32 m1 l32 v8  ffffffff 0x00000008 00000008 00000008 00000008 00000008 00000008 00000008 00000008 00000008 00000008 00000008 00000008 00000008 00000008 00000008 00000008 00000008 00000008 00000008 00000008 00000008 00000008 00000008 00000008 00000008 00000008 00000008 00000008 00000008 00000008 00000008 00000008 
core   0: 0x80000194 (0x2a8383d7) vor.vv  v7, v8, v7
core   0: 3 0x80000194 (0x2a8383d7) c8_vstart 0x00000000 e32 m1 l32 v7  ffffffff 0x0000000f 0000000e 0000000d 0000000c 0000000b 0000000a 00000009 00000008 0000000f 0000000e 0000000d 0000000c 0000000b 0000000a 00000009 00000008 0000000f 0000000e 0000000d 0000000c 0000000b 0000000a 00000009 00000008 0000000f 0000000e 0000000d 0000000c 0000000b 0000000a 00000009 00000008 
core   0: 0x80000198 (0xff012283) lw      x5, -16(x2)
core   0: 3 0x80000198 (0xff012283) x5  0x00000002 mem 0x70000018
core   0: 0x8000019c (0xa662e2d7) vmadd.vx v5, v6, x5
core   0: 3 0x8000019c (0xa662e2d7) c8_vstart 0x00000000 e32 m1 l32 v5  ffffffff 0x00000001 00000001 00000001 00000001 00000001 00000001 00000001 00000001 00000000 00000000 00000000 00000000 00000000 00000000 00000000 00000000 00000003 00000003 00000003 00000003 00000003 00000003 00000003 00000003 00000002 00000002 00000002 00000002 00000002 00000002 00000002 00000002 
core   0: 0x800001a0 (0x9653b2d7) vsll.vi v5, v5, 7
core   0: 3 0x800001a0 (0x9653b2d7) c8_vstart 0x00000000 e32 m1 l32 v5  ffffffff 0x00000080 00000080 00000080 00000080 00000080 00000080 00000080 00000080 00000000 00000000 00000000 00000000 00000000 00000000 00000000 00000000 00000180 00000180 00000180 00000180 00000180 00000180 00000180 00000180 00000100 00000100 00000100 00000100 00000100 00000100 00000100 00000100 
core   0: 0x800001a4 (0x96713357) vsll.vi v6, v7, 2
core   0: 3 0x800001a4 (0x96713357) c8_vstart 0x00000000 e32 m1 l32 v6  ffffffff 0x0000003c 00000038 00000034 00000030 0000002c 00000028 00000024 00000020 0000003c 00000038 00000034 00000030 0000002c 00000028 00000024 00000020 0000003c 00000038 00000034 00000030 0000002c 00000028 00000024 00000020 0000003c 00000038 00000034 00000030 0000002c 00000028 00000024 00000020 
core   0: 0x800001a8 (0x2a5302d7) vor.vv  v5, v5, v6
core   0: 3 0x800001a8 (0x2a5302d7) c8_vstart 0x00000000 e32 m1 l32 v5  ffffffff 0x000000bc 000000b8 000000b4 000000b0 000000ac 000000a8 000000a4 000000a0 0000003c 00000038 00000034 00000030 0000002c 00000028 00000024 00000020 000001bc 000001b8 000001b4 000001b0 000001ac 000001a8 000001a4 000001a0 0000013c 00000138 00000134 00000130 0000012c 00000128 00000124 00000120 
core   0: 0x800001ac (0x96013057) vsll.vi v0, v0, 2
core   0: 3 0x800001ac (0x96013057) c8_vstart 0x00000000 e32 m1 l32 v0  ffffffff 0x000002fc 000002f8 000002f4 000002f0 000002ec 000002e8 000002e4 000002e0 000002dc 000002d8 000002d4 000002d0 000002cc 000002c8 000002c4 000002c0 000002bc 000002b8 000002b4 000002b0 000002ac 000002a8 000002a4 000002a0 0000029c 00000298 00000294 00000290 0000028c 00000288 00000284 00000280 
core   0: 0x800001b0 (0xfec12283) lw      x5, -20(x2)
core   0: 3 0x800001b0 (0xfec12283) x5  0x90000000 mem 0x70000014
core   0: 0x800001b4 (0x0202c057) vadd.vx v0, v0, x5
core   0: 3 0x800001b4 (0x0202c057) c8_vstart 0x00000000 e32 m1 l32 v0  ffffffff 0x900002fc 900002f8 900002f4 900002f0 900002ec 900002e8 900002e4 900002e0 900002dc 900002d8 900002d4 900002d0 900002cc 900002c8 900002c4 900002c0 900002bc 900002b8 900002b4 900002b0 900002ac 900002a8 900002a4 900002a0 9000029c 90000298 90000294 90000290 9000028c 90000288 90000284 90000280 
core   0: 0x800001b8 (0x0000207b) vlw12.v v0, v0, 0
core   0: 3 0x800001b8 (0x0000207b) e32 m1 l32 v0  ffffffff 0x332432c6 32b83108 3132b18f b12eae7b b074b35f 2c52b37c 24fbae20 b0d92e4f 288d2887 32bc1925 b1f0afeb ae2130e2 2ca8a795 2b44b17a 2d0ab12e 2e402e95 33512f78 302c2d5c 29e2b0dd b2233102 31439a85 2f8cac2c aff6b3d3 32aab32a 323cb180 2d27a51b af98b2b7 2bd531a8 2eb22d8c 2fe2aa7d 30952ac0 a3b43363  c8_vstart 0x00000000 mem 0x90000280 mem 0x90000284 mem 0x90000288 mem 0x9000028c mem 0x90000290 mem 0x90000294 mem 0x90000298 mem 0x9000029c mem 0x900002a0 mem 0x900002a4 mem 0x900002a8 mem 0x900002ac mem 0x900002b0 mem 0x900002b4 mem 0x900002b8 mem 0x900002bc mem 0x900002c0 mem 0x900002c4 mem 0x900002c8 mem 0x900002cc mem 0x900002d0 mem 0x900002d4 mem 0x900002d8 mem 0x900002dc mem 0x900002e0 mem 0x900002e4 mem 0x900002e8 mem 0x900002ec mem 0x900002f0 mem 0x900002f4 mem 0x900002f8 mem 0x900002fc
core   0: 0x800001bc (0x2a5482d7) vor.vv  v5, v5, v9
core   0: 3 0x800001bc (0x2a5482d7) c8_vstart 0x00000000 e32 m1 l32 v5  ffffffff 0x000000bd 000000b9 000000b5 000000b1 000000ad 000000a9 000000a5 000000a1 0000003d 00000039 00000035 00000031 0000002d 00000029 00000025 00000021 000001bd 000001b9 000001b5 000001b1 000001ad 000001a9 000001a5 000001a1 0000013d 00000139 00000135 00000131 0000012d 00000129 00000125 00000121 
core   0: 0x800001c0 (0x965132d7) vsll.vi v5, v5, 2
core   0: 3 0x800001c0 (0x965132d7) c8_vstart 0x00000000 e32 m1 l32 v5  ffffffff 0x000002f4 000002e4 000002d4 000002c4 000002b4 000002a4 00000294 00000284 000000f4 000000e4 000000d4 000000c4 000000b4 000000a4 00000094 00000084 000006f4 000006e4 000006d4 000006c4 000006b4 000006a4 00000694 00000684 000004f4 000004e4 000004d4 000004c4 000004b4 000004a4 00000494 00000484 
core   0: 0x800001c4 (0xff412283) lw      x5, -12(x2)
core   0: 3 0x800001c4 (0xff412283) x5  0x90004000 mem 0x7000001c
core   0: 0x800001c8 (0x0252c2d7) vadd.vx v5, v5, x5
core   0: 3 0x800001c8 (0x0252c2d7) c8_vstart 0x00000000 e32 m1 l32 v5  ffffffff 0x900042f4 900042e4 900042d4 900042c4 900042b4 900042a4 90004294 90004284 900040f4 900040e4 900040d4 900040c4 900040b4 900040a4 90004094 90004084 900046f4 900046e4 900046d4 900046c4 900046b4 900046a4 90004694 90004684 900044f4 900044e4 900044d4 900044c4 900044b4 900044a4 90004494 90004484 
core   0: 0x800001cc (0x0002e07b) vsw12.v v0, v5, 0
core   0: 3 0x800001cc (0x0002e07b) c8_vstart 0x00000000 e32 m1 l32 mem 0x90004484 0xa3b43363 mem 0x90004494 0x30952ac0 mem 0x900044a4 0x2fe2aa7d mem 0x900044b4 0x2eb22d8c mem 0x900044c4 0x2bd531a8 mem 0x900044d4 0xaf98b2b7 mem 0x900044e4 0x2d27a51b mem 0x900044f4 0x323cb180 mem 0x90004684 0x32aab32a mem 0x90004694 0xaff6b3d3 mem 0x900046a4 0x2f8cac2c mem 0x900046b4 0x31439a85 mem 0x900046c4 0xb2233102 mem 0x900046d4 0x29e2b0dd mem 0x900046e4 0x302c2d5c mem 0x900046f4 0x33512f78 mem 0x90004084 0x2e402e95 mem 0x90004094 0x2d0ab12e mem 0x900040a4 0x2b44b17a mem 0x900040b4 0x2ca8a795 mem 0x900040c4 0xae2130e2 mem 0x900040d4 0xb1f0afeb mem 0x900040e4 0x32bc1925 mem 0x900040f4 0x288d2887 mem 0x90004284 0xb0d92e4f mem 0x90004294 0x24fbae20 mem 0x900042a4 0x2c52b37c mem 0x900042b4 0xb074b35f mem 0x900042c4 0xb12eae7b mem 0x900042d4 0x3132b18f mem 0x900042e4 0x32b83108 mem 0x900042f4 0x332432c6
core   0: 0x800001d0 (0x00000317) auipc   x6, 0x0
core   0: 3 0x800001d0 (0x00000317) x6  0x800001d0
core   0: 0x800001d4 (0x0203305b) setrpc  x0, x6, 32
core   0: 3 0x800001d4 (0x0203305b) c2060_rpc 0x800001f0 current mask:	ffffffff current npc:	8000012c stack size: 0
core   0: 0x800001d8 (0x00419c5b) vbne    v4, v3, pc + 24
core   0: 3 0x800001d8 (0x00419c5b) c8_vstart 0x00000000 e32 m1 l32 current mask:	00010001 current npc:	800001dc stack size: 2
[r_pc] 800001f0 [else_pc] 800001f0 [else_mask] fffefffe 
[r_pc] 800001f0 [else_pc] 800001f0 [else_mask] ffffffff 
core   0: 0x800001dc (0x0040006f) j       pc + 0x4
core   0: 3 0x800001dc (0x0040006f)
core   0: 0x800001e0 (0x96213057) vsll.vi v0, v2, 2
core   0: 3 0x800001e0 (0x96213057) c8_vstart 0x00000000 e32 m1 l32 v0  00010001 0x332432c6 32b83108 3132b18f b12eae7b b074b35f 2c52b37c 24fbae20 b0d92e4f 288d2887 32bc1925 b1f0afeb ae2130e2 2ca8a795 2b44b17a 2d0ab12e 00000014 33512f78 302c2d5c 29e2b0dd b2233102 31439a85 2f8cac2c aff6b3d3 32aab32a 323cb180 2d27a51b af98b2b7 2bd531a8 2eb22d8c 2fe2aa7d 30952ac0 00000054 
core   0: 0x800001e4 (0xfdc12283) lw      x5, -36(x2)
core   0: 3 0x800001e4 (0xfdc12283) x5  0x90005000 mem 0x70000004
core   0: 0x800001e8 (0x0202c057) vadd.vx v0, v0, x5
core   0: 3 0x800001e8 (0x0202c057) c8_vstart 0x00000000 e32 m1 l32 v0  00010001 0x332432c6 32b83108 3132b18f b12eae7b b074b35f 2c52b37c 24fbae20 b0d92e4f 288d2887 32bc1925 b1f0afeb ae2130e2 2ca8a795 2b44b17a 2d0ab12e 90005014 33512f78 302c2d5c 29e2b0dd b2233102 31439a85 2f8cac2c aff6b3d3 32aab32a 323cb180 2d27a51b af98b2b7 2bd531a8 2eb22d8c 2fe2aa7d 30952ac0 90005054 
core   0: 0x800001ec (0x0010607b) vsw12.v v1, v0, 0
core   0: 3 0x800001ec (0x0010607b) c8_vstart 0x00000000 e32 m1 l32 mem 0x90005054 0x0000000a mem 0x90005014 0x0000000b
core   0: 0x800001f0 (0x0000205b) join    v0, v0, pc + 0
core   0: 3 0x800001f0 (0x0000205b) current mask:	fffefffe current npc:	800001f0 stack size: 1
[r_pc] 800001f0 [else_pc] 800001f0 [else_mask] ffffffff 
core   0: 3 0x800001f0 (0x0000205b) current mask:	ffffffff current npc:	800001f0 stack size: 0
core   0: 3 0x800001f0 (0x0000205b) current mask:	ffcore   0: 0x00001000 (0x00000297) auipc   x5, 0x0
core   0: 3 0x00001000 (0x00000297) x5  0x00001000
core   0: 0x00001004 (0x02028593) addi    x11, x5, 32
core   0: 3 0x00001004 (0x02028593) x11 0x00001020
core   0: 0x00001008 (0xf1402573) csrr    x10, mhartid
core   0: 3 0x00001008 (0xf1402573) x10 0x00000000
core   0: 0x0000100c (0x0182a283) lw      x5, 24(x5)
core   0: 3 0x0000100c (0x0182a283) x5  0x80000000 mem 0x00001018
core   0: 0x00001010 (0x00028067) jr      x5
core   0: 3 0x00001010 (0x00028067)
core   0: 0x80000000 (0x00004197) auipc   x3, 0x4
core   0: 3 0x80000000 (0x00004197) x3  0x80004000
core   0: 0x80000004 (0x80818193) addi    x3, x3, -2040
core   0: 3 0x80000004 (0x80818193) x3  0x80003808
core   0: 0x80000008 (0x02000e93) li      x29, 32
core   0: 3 0x80000008 (0x02000e93) x29 0x00000020
core   0: 0x8000000c (0x0d0efed7) vsetvli x29, x29, e32, m1, ta, ma
core   0: 3 0x8000000c (0x0d0efed7) x29 0x00000020 c8_vstart 0x00000000 c3104_vl 0x00000020 c3105_vtype 0x000000d0 c768_mstatus 0x80000600
core   0: 0x80000010 (0x00002eb7) lui     x29, 0x2
core   0: 3 0x80000010 (0x00002eb7) x29 0x00002000
core   0: 0x80000014 (0x300eaef3) csrrs   x29, mstatus, x29
core   0: 3 0x80000014 (0x300eaef3) x29 0x80000600 c768_mstatus 0x80006600
core   0: 0x80000018 (0x00000e93) li      x29, 0
core   0: 3 0x80000018 (0x00000e93) x29 0x00000000
core   0: 0x8000001c (0x80502373) csrr    x6, wid
core   0: 3 0x8000001c (0x80502373) x6  0x00000000
core   0: 0x80000020 (0x806023f3) csrr    x7, lds
core   0: 3 0x80000020 (0x806023f3) x7  0x70000000
core   0: 0x80000024 (0x40000e13) li      x28, 1024
core   0: 3 0x80000024 (0x40000e13) x28 0x00000400
core   0: 0x80000028 (0x03c30333) mul     x6, x6, x28
core   0: 3 0x80000028 (0x03c30333) x6  0x00000000
core   0: 0x8000002c (0x00730133) add     x2, x6, x7
core   0: 3 0x8000002c (0x00730133) x2  0x70000000
core   0: 0x80000030 (0x00000213) li      x4, 0
core   0: 3 0x80000030 (0x00000213) x4  0x00000000
core   0: 0x80000034 (0x80102f73) csrr    x30, numw
core   0: 3 0x80000034 (0x80102f73) x30 0x00000001
core   0: 0x80000038 (0x40000e13) li      x28, 1024
core   0: 3 0x80000038 (0x40000e13) x28 0x00000400
core   0: 0x8000003c (0x03cf0f33) mul     x30, x30, x28
core   0: 3 0x8000003c (0x03cf0f33) x30 0x00000400
core   0: 0x80000040 (0x01e38433) add     x8, x7, x30
core   0: 3 0x80000040 (0x01e38433) x8  0x70000400
core   0: 0x80000044 (0x00003517) auipc   x10, 0x3
core   0: 3 0x80000044 (0x00003517) x10 0x80003044
core   0: 0x80000048 (0xfc450513) addi    x10, x10, -60
core   0: 3 0x80000048 (0xfc450513) x10 0x80003008
core   0: 0x8000004c (0x00003617) auipc   x12, 0x3
core   0: 3 0x8000004c (0x00003617) x12 0x8000304c
core   0: 0x80000050 (0xfbc60613) addi    x12, x12, -68
core   0: 3 0x80000050 (0xfbc60613) x12 0x80003008
core   0: 0x80000054 (0x00c50863) beq     x10, x12, pc + 16
core   0: 3 0x80000054 (0x00c50863)
core   0: 0x80000064 (0x803022f3) csrr    x5, knl
core   0: 3 0x80000064 (0x803022f3) x5  0x90107000
core   0: 0x80000068 (0x0002a303) lw      x6, 0(x5)
core   0: 3 0x80000068 (0x0002a303) x6  0x800000b8 mem 0x90107000
core   0: 0x8000006c (0x0042a503) lw      x10, 4(x5)
core   0: 3 0x8000006c (0x0042a503) x10 0x90006000 mem 0x90107004
core   0: 0x80000070 (0x0302a383) lw      x7, 48(x5)
core   0: 3 0x80000070 (0x0302a383) x7  0x00000000 mem 0x90107030
core   0: 0x80000074 (0x0342ae03) lw      x28, 52(x5)
core   0: 3 0x80000074 (0x0342ae03) x28 0x00000000 mem 0x90107034
core   0: 0x80000078 (0x00003e97) auipc   x29, 0x3
core   0: 3 0x80000078 (0x00003e97) x29 0x80003078
core   0: 0x8000007c (0xf88e8e93) addi    x29, x29, -120
core   0: 3 0x8000007c (0xf88e8e93) x29 0x80003000
core   0: 0x80000080 (0x00003f17) auipc   x30, 0x3
core   0: 3 0x80000080 (0x00003f17) x30 0x80003080
core   0: 0x80000084 (0xf84f0f13) addi    x30, x30, -124
core   0: 3 0x80000084 (0xf84f0f13) x30 0x80003004
core   0: 0x80000088 (0x007ea023) sw      x7, 0(x29)
core   0: 3 0x80000088 (0x007ea023) mem 0x80003000 0x00000000
core   0: 0x8000008c (0x01cf2023) sw      x28, 0(x30)
core   0: 3 0x8000008c (0x01cf2023) mem 0x80003004 0x00000000
core   0: 0x80000090 (0x00000f97) auipc   x31, 0x0
core   0: 3 0x80000090 (0x00000f97) x31 0x80000090
core   0: 0x80000094 (0x018f8f93) addi    x31, x31, 24
core   0: 3 0x80000094 (0x018f8f93) x31 0x800000a8
core   0: 0x80000098 (0x305f9073) csrw    mtvec, x31
core   0: 3 0x80000098 (0x305f9073) c773_mtvec 0x800000a8
core   0: 0x8000009c (0x000300e7) jalr    x6
core   0: 3 0x8000009c (0x000300e7) x1  0x800000a0
core   0: 0x800000b8 (0x02810113) addi    x2, x2, 40
core   0: 3 0x800000b8 (0x02810113) x2  0x70000028
core   0: 0x800000bc (0xfc112c23) sw      x1, -40(x2)
core   0: 3 0x800000bc (0xfc112c23) mem 0x70000000 0x800000a0
core   0: 0x800000c0 (0x02052283) lw      x5, 32(x10)
core   0: 3 0x800000c0 (0x02052283) x5  0x90005000 mem 0x90006020
core   0: 0x800000c4 (0xfc512e23) sw      x5, -36(x2)
core   0: 3 0x800000c4 (0xfc512e23) mem 0x70000004 0x90005000
core   0: 0x800000c8 (0x01c52283) lw      x5, 28(x10)
core   0: 3 0x800000c8 (0x01c52283) x5  0x90004000 mem 0x9000601c
core   0: 0x800000cc (0xfe512a23) sw      x5, -12(x2)
core   0: 3 0x800000cc (0xfe512a23) mem 0x7000001c 0x90004000
core   0: 0x800000d0 (0x01852283) lw      x5, 24(x10)
core   0: 3 0x800000d0 (0x01852283) x5  0x00000002 mem 0x90006018
core   0: 0x800000d4 (0xfe512823) sw      x5, -16(x2)
core   0: 3 0x800000d4 (0xfe512823) mem 0x70000018 0x00000002
core   0: 0x800000d8 (0x00c52283) lw      x5, 12(x10)
core   0: 3 0x800000d8 (0x00c52283) x5  0x90003000 mem 0x9000600c
core   0: 0x800000dc (0xfe512423) sw      x5, -24(x2)
core   0: 3 0x800000dc (0xfe512423) mem 0x70000010 0x90003000
core   0: 0x800000e0 (0x00852283) lw      x5, 8(x10)
core   0: 3 0x800000e0 (0x00852283) x5  0x90002000 mem 0x90006008
core   0: 0x800000e4 (0xfe512223) sw      x5, -28(x2)
core   0: 3 0x800000e4 (0xfe512223) mem 0x7000000c 0x90002000
core   0: 0x800000e8 (0x00452283) lw      x5, 4(x10)
core   0: 3 0x800000e8 (0x00452283) x5  0x90001000 mem 0x90006004
core   0: 0x800000ec (0xfe512023) sw      x5, -32(x2)
core   0: 3 0x800000ec (0xfe512023) mem 0x70000008 0x90001000
core   0: 0x800000f0 (0x00052283) lw      x5, 0(x10)
core   0: 3 0x800000f0 (0x00052283) x5  0x90000000 mem 0x90006000
core   0: 0x800000f4 (0xfe512623) sw      x5, -20(x2)
core   0: 3 0x800000f4 (0xfe512623) mem 0x70000014 0x90000000
core   0: 0x800000f8 (0x01452283) lw      x5, 20(x10)
core   0: 3 0x800000f8 (0x01452283) x5  0x00000010 mem 0x90006014
core   0: 0x800000fc (0xfe512c23) sw      x5, -8(x2)
core   0: 3 0x800000fc (0xfe512c23) mem 0x70000020 0x00000010
core   0: 0x80000100 (0x01052283) lw      x5, 16(x10)
core   0: 3 0x80000100 (0x01052283) x5  0x00000010 mem 0x90006010
core   0: 0x80000104 (0xfe512e23) sw      x5, -4(x2)
core   0: 3 0x80000104 (0xfe512e23) mem 0x70000024 0x00000010
core   0: 0x80000108 (0x5e004057) vmv.v.x v0, x0
core   0: 3 0x80000108 (0x5e004057) c8_vstart 0x00000000 e32 m1 l32 v0  ffffffff 0x00000000 00000000 00000000 00000000 00000000 00000000 00000000 00000000 00000000 00000000 00000000 00000000 00000000 00000000 00000000 00000000 00000000 00000000 00000000 00000000 00000000 00000000 00000000 00000000 00000000 00000000 00000000 00000000 00000000 00000000 00000000 00000000 
core   0: 0x8000010c (0x5e4000ef) jal     pc + 0x5e4
core   0: 3 0x8000010c (0x5e4000ef) x1  0x80000110
core   0: 0x800006f0 (0x00410113) addi    x2, x2, 4
core   0: 3 0x800006f0 (0x00410113) x2  0x7000002c
core   0: 0x800006f4 (0xfe112e23) sw      x1, -4(x2)
core   0: 3 0x800006f4 (0xfe112e23) mem 0x70000028 0x80000110
core   0: 0x800006f8 (0x020040d7) vadd.vx v1, v0, x0
core   0: 3 0x800006f8 (0x020040d7) c8_vstart 0x00000000 e32 m1 l32 v1  ffffffff 0x00000000 00000000 00000000 00000000 00000000 00000000 00000000 00000000 00000000 00000000 00000000 00000000 00000000 00000000 00000000 00000000 00000000 00000000 00000000 00000000 00000000 00000000 00000000 00000000 00000000 00000000 00000000 00000000 00000000 00000000 00000000 00000000 
core   0: 0x800006fc (0x00200293) li      x5, 2
core   0: 3 0x800006fc (0x00200293) x5  0x00000002
core   0: 0x80000700 (0x5e02c057) vmv.v.x v0, x5
core   0: 3 0x80000700 (0x5e02c057) c8_vstart 0x00000000 e32 m1 l32 v0  ffffffff 0x00000002 00000002 00000002 00000002 00000002 00000002 00000002 00000002 00000002 00000002 00000002 00000002 00000002 00000002 00000002 00000002 00000002 00000002 00000002 00000002 00000002 00000002 00000002 00000002 00000002 00000002 00000002 00000002 00000002 00000002 00000002 00000002 
core   0: 0x80000704 (0x00000317) auipc   x6, 0x0
core   0: 3 0x80000704 (0x00000317) x6  0x80000704
core   0: 0x80000708 (0x0543305b) setrpc  x0, x6, 84
core   0: 3 0x80000708 (0x0543305b) c2060_rpc 0x80000758 current mask:	ffffffff current npc:	00000000 stack size: 0
core   0: 0x8000070c (0x0410045b) vbeq    v1, v0, pc + 72
core   0: 3 0x8000070c (0x0410045b) c8_vstart 0x00000000 e32 m1 l32 current mask:	ffffffff current npc:	80000710 stack size: 0
core   0: 0x80000710 (0x0040006f) j       pc + 0x4
core   0: 3 0x80000710 (0x0040006f)
core   0: 0x80000714 (0x00100293) li      x5, 1
core   0: 3 0x80000714 (0x00100293) x5  0x00000001
core   0: 0x80000718 (0x5e02c057) vmv.v.x v0, x5
core   0: 3 0x80000718 (0x5e02c057) c8_vstart 0x00000000 e32 m1 l32 v0  ffffffff 0x00000001 00000001 00000001 00000001 00000001 00000001 00000001 00000001 00000001 00000001 00000001 00000001 00000001 00000001 00000001 00000001 00000001 00000001 00000001 00000001 00000001 00000001 00000001 00000001 00000001 00000001 00000001 00000001 00000001 00000001 00000001 00000001 
core   0: 0x8000071c (0x00000317) auipc   x6, 0x0
core   0: 3 0x8000071c (0x00000317) x6  0x8000071c
core   0: 0x80000720 (0x03c3305b) setrpc  x0, x6, 60
core   0: 3 0x80000720 (0x03c3305b) c2060_rpc 0x80000758 current mask:	ffffffff current npc:	80000710 stack size: 0
core   0: 0x80000724 (0x0210045b) vbeq    v1, v0, pc + 40
core   0: 3 0x80000724 (0x0210045b) c8_vstart 0x00000000 e32 m1 l32 current mask:	ffffffff current npc:	80000728 stack size: 0
core   0: 0x80000728 (0x0040006f) j       pc + 0x4
core   0: 3 0x80000728 (0x0040006f)
core   0: 0x8000072c (0x5e004157) vmv.v.x v2, x0
core   0: 3 0x8000072c (0x5e004157) c8_vstart 0x00000000 e32 m1 l32 v2  ffffffff 0x00000000 00000000 00000000 00000000 00000000 00000000 00000000 00000000 00000000 00000000 00000000 00000000 00000000 00000000 00000000 00000000 00000000 00000000 00000000 00000000 00000000 00000000 00000000 00000000 00000000 00000000 00000000 00000000 00000000 00000000 00000000 00000000 
core   0: 0x80000730 (0x5e004057) vmv.v.x v0, x0
core   0: 3 0x80000730 (0x5e004057) c8_vstart 0x00000000 e32 m1 l32 v0  ffffffff 0x00000000 00000000 00000000 00000000 00000000 00000000 00000000 00000000 00000000 00000000 00000000 00000000 00000000 00000000 00000000 00000000 00000000 00000000 00000000 00000000 00000000 00000000 00000000 00000000 00000000 00000000 00000000 00000000 00000000 00000000 00000000 00000000 
core   0: 0x80000734 (0x00000317) auipc   x6, 0x0
core   0: 3 0x80000734 (0x00000317) x6  0x80000734
core   0: 0x80000738 (0x0243305b) setrpc  x0, x6, 36
core   0: 3 0x80000738 (0x0243305b) c2060_rpc 0x80000758 current mask:	ffffffff current npc:	80000728 stack size: 0
core   0: 0x8000073c (0x00111e5b) vbne    v1, v2, pc + 28
core   0: 3 0x8000073c (0x00111e5b) c8_vstart 0x00000000 e32 m1 l32 current mask:	ffffffff current npc:	80000740 stack size: 0
core   0: 0x80000740 (0x0040006f) j       pc + 0x4
core   0: 3 0x80000740 (0x0040006f)
core   0: 0x80000744 (0x124000ef) jal     pc + 0x124
core   0: 3 0x80000744 (0x124000ef) x1  0x80000748
core   0: 0x80000868 (0x00410113) addi    x2, x2, 4
core   0: 3 0x80000868 (0x00410113) x2  0x70000030
core   0: 0x8000086c (0xfe112e23) sw      x1, -4(x2)
core   0: 3 0x8000086c (0xfe112e23) mem 0x7000002c 0x80000748
core   0: 0x80000870 (0xf1dff0ef) jal     pc - 0xe4
core   0: 3 0x80000870 (0xf1dff0ef) x1  0x80000874
core   0: 0x8000078c (0x00410113) addi    x2, x2, 4
core   0: 3 0x8000078c (0x00410113) x2  0x70000034
core   0: 0x80000790 (0xfe112e23) sw      x1, -4(x2)
core   0: 3 0x80000790 (0xfe112e23) mem 0x70000030 0x80000874
core   0: 0x80000794 (0x80302573) csrr    x10, knl
core   0: 3 0x80000794 (0x80302573) x10 0x90107000
core   0: 0x80000798 (0x00852283) lw      x5, 8(x10)
core   0: 3 0x80000798 (0x00852283) x5  0x00000001 mem 0x90107008
core   0: 0x8000079c (0x80002373) csrr    x6, tid
core   0: 3 0x8000079c (0x80002373) x6  0x00000000
core   0: 0x800007a0 (0x5208a157) vid.v   v2
core   0: 3 0x800007a0 (0x5208a157) c8_vstart 0x00000000 e32 m1 l32 v2  ffffffff 0x0000001f 0000001e 0000001d 0000001c 0000001b 0000001a 00000019 00000018 00000017 00000016 00000015 00000014 00000013 00000012 00000011 00000010 0000000f 0000000e 0000000d 0000000c 0000000b 0000000a 00000009 00000008 00000007 00000006 00000005 00000004 00000003 00000002 00000001 00000000 
core   0: 0x800007a4 (0x02234057) vadd.vx v0, v2, x6
core   0: 3 0x800007a4 (0x02234057) c8_vstart 0x00000000 e32 m1 l32 v0  ffffffff 0x0000001f 0000001e 0000001d 0000001c 0000001b 0000001a 00000019 00000018 00000017 00000016 00000015 00000014 00000013 00000012 00000011 00000010 0000000f 0000000e 0000000d 0000000c 0000000b 0000000a 00000009 00000008 00000007 00000006 00000005 00000004 00000003 00000002 00000001 00000000 
core   0: 0x800007a8 (0x01852e03) lw      x28, 24(x10)
core   0: 3 0x800007a8 (0x01852e03) x28 0x00000020 mem 0x90107018
core   0: 0x800007ac (0x8a0e6057) vremu.vx v0, v0, x28
core   0: 3 0x800007ac (0x8a0e6057) c8_vstart 0x00000000 e32 m1 l32 v0  ffffffff 0x0000001f 0000001e 0000001d 0000001c 0000001b 0000001a 00000019 00000018 00000017 00000016 00000015 00000014 00000013 00000012 00000011 00000010 0000000f 0000000e 0000000d 0000000c 0000000b 0000000a 00000009 00000008 00000007 00000006 00000005 00000004 00000003 00000002 00000001 00000000 
core   0: 0x800007b0 (0xffc12083) lw      x1, -4(x2)
core   0: 3 0x800007b0 (0xffc12083) x1  0x80000874 mem 0x70000030
core   0: 0x800007b4 (0xffc10113) addi    x2, x2, -4
core   0: 3 0x800007b4 (0xffc10113) x2  0x70000030
core   0: 0x800007b8 (0x00008067) ret
core   0: 3 0x800007b8 (0x00008067)
core   0: 0x80000874 (0x80302573) csrr    x10, knl
core   0: 3 0x80000874 (0x80302573) x10 0x90107000
core   0: 0x80000878 (0x80802373) csrr    x6, gidx
core   0: 3 0x80000878 (0x80802373) x6  0x00000006
core   0: 0x8000087c (0x01852e03) lw      x28, 24(x10)
core   0: 3 0x8000087c (0x01852e03) x28 0x00000020 mem 0x90107018
core   0: 0x80000880 (0x02452e83) lw      x29, 36(x10)
core   0: 3 0x80000880 (0x02452e83) x29 0x00000000 mem 0x90107024
core   0: 0x80000884 (0x03c30fb3) mul     x31, x6, x28
core   0: 3 0x80000884 (0x03c30fb3) x31 0x000000c0
core   0: 0x80000888 (0x01df8fb3) add     x31, x31, x29
core   0: 3 0x80000888 (0x01df8fb3) x31 0x000000c0
core   0: 0x8000088c (0x020fc057) vadd.vx v0, v0, x31
core   0: 3 0x8000088c (0x020fc057) c8_vstart 0x00000000 e32 m1 l32 v0  ffffffff 0x000000df 000000de 000000dd 000000dc 000000db 000000da 000000d9 000000d8 000000d7 000000d6 000000d5 000000d4 000000d3 000000d2 000000d1 000000d0 000000cf 000000ce 000000cd 000000cc 000000cb 000000ca 000000c9 000000c8 000000c7 000000c6 000000c5 000000c4 000000c3 000000c2 000000c1 000000c0 
core   0: 0x80000890 (0xffc12083) lw      x1, -4(x2)
core   0: 3 0x80000890 (0xffc12083) x1  0x80000748 mem 0x7000002c
core   0: 0x80000894 (0xffc10113) addi    x2, x2, -4
core   0: 3 0x80000894 (0xffc10113) x2  0x7000002c
core   0: 0x80000898 (0x00008067) ret
core   0: 3 0x80000898 (0x00008067)
core   0: 0x80000748 (0x0100006f) j       pc + 0x10
core   0: 3 0x80000748 (0x0100006f)
core   0: 0x80000758 (0x0000205b) join    v0, v0, pc + 0
core   0: 3 0x80000758 (0x0000205b) current mask:	ffffffff current npc:	80000740 stack size: 0
core   0: 0x8000075c (0xffc12083) lw      x1, -4(x2)
core   0: 3 0x8000075c (0xffc12083) x1  0x80000110 mem 0x70000028
core   0: 0x80000760 (0xffc10113) addi    x2, x2, -4
core   0: 3 0x80000760 (0xffc10113) x2  0x70000028
core   0: 0x80000764 (0x00008067) ret
core   0: 3 0x80000764 (0x00008067)
core   0: 0x80000110 (0xff812383) lw      x7, -8(x2)
core   0: 3 0x80000110 (0xff812383) x7  0x00000010 mem 0x70000020
core   0: 0x80000114 (0xffc12283) lw      x5, -4(x2)
core   0: 3 0x80000114 (0xffc12283) x5  0x00000010 mem 0x70000024
core   0: 0x80000118 (0x025382b3) mul     x5, x7, x5
core   0: 3 0x80000118 (0x025382b3) x5  0x00000100
core   0: 0x8000011c (0x5e02c0d7) vmv.v.x v1, x5
core   0: 3 0x8000011c (0x5e02c0d7) c8_vstart 0x00000000 e32 m1 l32 v1  ffffffff 0x00000100 00000100 00000100 00000100 00000100 00000100 00000100 00000100 00000100 00000100 00000100 00000100 00000100 00000100 00000100 00000100 00000100 00000100 00000100 00000100 00000100 00000100 00000100 00000100 00000100 00000100 00000100 00000100 00000100 00000100 00000100 00000100 
core   0: 0x80000120 (0x00000317) auipc   x6, 0x0
core   0: 3 0x80000120 (0x00000317) x6  0x80000120
core   0: 0x80000124 (0x0d03305b) setrpc  x0, x6, 208
core   0: 3 0x80000124 (0x0d03305b) c2060_rpc 0x800001f0 current mask:	ffffffff current npc:	80000740 stack size: 0
core   0: 0x80000128 (0x0c00d45b) vbge    v0, v1, pc + 200
core   0: 3 0x80000128 (0x0c00d45b) c8_vstart 0x00000000 e32 m1 l32 current mask:	ffffffff current npc:	8000012c stack size: 0
core   0: 0x8000012c (0x0040006f) j       pc + 0x4
core   0: 3 0x8000012c (0x0040006f)
core   0: 0x80000130 (0x5e0041d7) vmv.v.x v3, x0
core   0: 3 0x80000130 (0x5e0041d7) c8_vstart 0x00000000 e32 m1 l32 v3  ffffffff 0x00000000 00000000 00000000 00000000 00000000 00000000 00000000 00000000 00000000 00000000 00000000 00000000 00000000 00000000 00000000 00000000 00000000 00000000 00000000 00000000 00000000 00000000 00000000 00000000 00000000 00000000 00000000 00000000 00000000 00000000 00000000 00000000 
core   0: 0x80000134 (0x5e03c157) vmv.v.x v2, x7
core   0: 3 0x80000134 (0x5e03c157) c8_vstart 0x00000000 e32 m1 l32 v2  ffffffff 0x00000010 00000010 00000010 00000010 00000010 00000010 00000010 00000010 00000010 00000010 00000010 00000010 00000010 00000010 00000010 00000010 00000010 00000010 00000010 00000010 00000010 00000010 00000010 00000010 00000010 00000010 00000010 00000010 00000010 00000010 00000010 00000010 
core   0: 0x80000138 (0x8603e0d7) vdiv.vx v1, v0, x7
core   0: 3 0x80000138 (0x8603e0d7) c8_vstart 0x00000000 e32 m1 l32 v1  ffffffff 0x0000000d 0000000d 0000000d 0000000d 0000000d 0000000d 0000000d 0000000d 0000000d 0000000d 0000000d 0000000d 0000000d 0000000d 0000000d 0000000d 0000000c 0000000c 0000000c 0000000c 0000000c 0000000c 0000000c 0000000c 0000000c 0000000c 0000000c 0000000c 0000000c 0000000c 0000000c 0000000c 
core   0: 0x8000013c (0x02104257) vadd.vx v4, v1, x0
core   0: 3 0x8000013c (0x02104257) c8_vstart 0x00000000 e32 m1 l32 v4  ffffffff 0x0000000d 0000000d 0000000d 0000000d 0000000d 0000000d 0000000d 0000000d 0000000d 0000000d 0000000d 0000000d 0000000d 0000000d 0000000d 0000000d 0000000c 0000000c 0000000c 0000000c 0000000c 0000000c 0000000c 0000000c 0000000c 0000000c 0000000c 0000000c 0000000c 0000000c 0000000c 0000000c 
core   0: 0x80000140 (0x961132d7) vsll.vi v5, v1, 2
core   0: 3 0x80000140 (0x961132d7) c8_vstart 0x00000000 e32 m1 l32 v5  ffffffff 0x00000034 00000034 00000034 00000034 00000034 00000034 00000034 00000034 00000034 00000034 00000034 00000034 00000034 00000034 00000034 00000034 00000030 00000030 00000030 00000030 00000030 00000030 00000030 00000030 00000030 00000030 00000030 00000030 00000030 00000030 00000030 00000030 
core   0: 0x80000144 (0xfe012283) lw      x5, -32(x2)
core   0: 3 0x80000144 (0xfe012283) x5  0x90001000 mem 0x70000008
core   0: 0x80000148 (0x0252c357) vadd.vx v6, v5, x5
core   0: 3 0x80000148 (0x0252c357) c8_vstart 0x00000000 e32 m1 l32 v6  ffffffff 0x90001034 90001034 90001034 90001034 90001034 90001034 90001034 90001034 90001034 90001034 90001034 90001034 90001034 90001034 90001034 90001034 90001030 90001030 90001030 90001030 90001030 90001030 90001030 90001030 90001030 90001030 90001030 90001030 90001030 90001030 90001030 90001030 
core   0: 0x8000014c (0x0003237b) vlw12.v v6, v6, 0
core   0: 3 0x8000014c (0x0003237b) e32 m1 l32 v6  ffffffff 0x00000000 00000000 00000000 00000000 00000000 00000000 00000000 00000000 00000000 00000000 00000000 00000000 00000000 00000000 00000000 00000000 00000001 00000001 00000001 00000001 00000001 00000001 00000001 00000001 00000001 00000001 00000001 00000001 00000001 00000001 00000001 00000001  c8_vstart 0x00000000 mem 0x90001030 mem 0x90001030 mem 0x90001030 mem 0x90001030 mem 0x90001030 mem 0x90001030 mem 0x90001030 mem 0x90001030 mem 0x90001030 mem 0x90001030 mem 0x90001030 mem 0x90001030 mem 0x90001030 mem 0x90001030 mem 0x90001030 mem 0x90001030 mem 0x90001034 mem 0x90001034 mem 0x90001034 mem 0x90001034 mem 0x90001034 mem 0x90001034 mem 0x90001034 mem 0x90001034 mem 0x90001034 mem 0x90001034 mem 0x90001034 mem 0x90001034 mem 0x90001034 mem 0x90001034 mem 0x90001034 mem 0x90001034
core   0: 0x80000150 (0xae012257) vnmsub.vv v4, v0, v2
core   0: 3 0x80000150 (0xae012257) c8_vstart 0x00000000 e32 m1 l32 v4  ffffffff 0x0000000f 0000000e 0000000d 0000000c 0000000b 0000000a 00000009 00000008 00000007 00000006 00000005 00000004 00000003 00000002 00000001 00000000 0000000f 0000000e 0000000d 0000000c 0000000b 0000000a 00000009 00000008 00000007 00000006 00000005 00000004 00000003 00000002 00000001 00000000 
core   0: 0x80000154 (0x96613157) vsll.vi v2, v6, 2
core   0: 3 0x80000154 (0x96613157) c8_vstart 0x00000000 e32 m1 l32 v2  ffffffff 0x00000000 00000000 00000000 00000000 00000000 00000000 00000000 00000000 00000000 00000000 00000000 00000000 00000000 00000000 00000000 00000000 00000004 00000004 00000004 00000004 00000004 00000004 00000004 00000004 00000004 00000004 00000004 00000004 00000004 00000004 00000004 00000004 
core   0: 0x80000158 (0xfe812283) lw      x5, -24(x2)
core   0: 3 0x80000158 (0xfe812283) x5  0x90003000 mem 0x70000010
core   0: 0x8000015c (0x0222c157) vadd.vx v2, v2, x5
core   0: 3 0x8000015c (0x0222c157) c8_vstart 0x00000000 e32 m1 l32 v2  ffffffff 0x90003000 90003000 90003000 90003000 90003000 90003000 90003000 90003000 90003000 90003000 90003000 90003000 90003000 90003000 90003000 90003000 90003004 90003004 90003004 90003004 90003004 90003004 90003004 90003004 90003004 90003004 90003004 90003004 90003004 90003004 90003004 90003004 
core   0: 0x80000160 (0x0001217b) vlw12.v v2, v2, 0
core   0: 3 0x80000160 (0x0001217b) e32 m1 l32 v2  ffffffff 0x00000000 00000000 00000000 00000000 00000000 00000000 00000000 00000000 00000000 00000000 00000000 00000000 00000000 00000000 00000000 00000000 00000010 00000010 00000010 00000010 00000010 00000010 00000010 00000010 00000010 00000010 00000010 00000010 00000010 00000010 00000010 00000010  c8_vstart 0x00000000 mem 0x90003004 mem 0x90003004 mem 0x90003004 mem 0x90003004 mem 0x90003004 mem 0x90003004 mem 0x90003004 mem 0x90003004 mem 0x90003004 mem 0x90003004 mem 0x90003004 mem 0x90003004 mem 0x90003004 mem 0x90003004 mem 0x90003004 mem 0x90003004 mem 0x90003000 mem 0x90003000 mem 0x90003000 mem 0x90003000 mem 0x90003000 mem 0x90003000 mem 0x90003000 mem 0x90003000 mem 0x90003000 mem 0x90003000 mem 0x90003000 mem 0x90003000 mem 0x90003000 mem 0x90003000 mem 0x90003000 mem 0x90003000
core   0: 0x80000164 (0xfe412303) lw      x6, -28(x2)
core   0: 3 0x80000164 (0xfe412303) x6  0x90002000 mem 0x7000000c
core   0: 0x80000168 (0x025342d7) vadd.vx v5, v5, x6
core   0: 3 0x80000168 (0x025342d7) c8_vstart 0x00000000 e32 m1 l32 v5  ffffffff 0x90002034 90002034 90002034 90002034 90002034 90002034 90002034 90002034 90002034 90002034 90002034 90002034 90002034 90002034 90002034 90002034 90002030 90002030 90002030 90002030 90002030 90002030 90002030 90002030 90002030 90002030 90002030 90002030 90002030 90002030 90002030 90002030 
core   0: 0x8000016c (0x0002a2fb) vlw12.v v5, v5, 0
core   0: 3 0x8000016c (0x0002a2fb) e32 m1 l32 v5  ffffffff 0x00000006 00000006 00000006 00000006 00000006 00000006 00000006 00000006 00000006 00000006 00000006 00000006 00000006 00000006 00000006 00000006 00000006 00000006 00000006 00000006 00000006 00000006 00000006 00000006 00000006 00000006 00000006 00000006 00000006 00000006 00000006 00000006  c8_vstart 0x00000000 mem 0x90002030 mem 0x90002030 mem 0x90002030 mem 0x90002030 mem 0x90002030 mem 0x90002030 mem 0x90002030 mem 0x90002030 mem 0x90002030 mem 0x90002030 mem 0x90002030 mem 0x90002030 mem 0x90002030 mem 0x90002030 mem 0x90002030 mem 0x90002030 mem 0x90002034 mem 0x90002034 mem 0x90002034 mem 0x90002034 mem 0x90002034 mem 0x90002034 mem 0x90002034 mem 0x90002034 mem 0x90002034 mem 0x90002034 mem 0x90002034 mem 0x90002034 mem 0x90002034 mem 0x90002034 mem 0x90002034 mem 0x90002034
core   0: 0x80000170 (0x02510157) vadd.vv v2, v5, v2
core   0: 3 0x80000170 (0x02510157) c8_vstart 0x00000000 e32 m1 l32 v2  ffffffff 0x00000006 00000006 00000006 00000006 00000006 00000006 00000006 00000006 00000006 00000006 00000006 00000006 00000006 00000006 00000006 00000006 00000016 00000016 00000016 00000016 00000016 00000016 00000016 00000016 00000016 00000016 00000016 00000016 00000016 00000016 00000016 00000016 
core   0: 0x80000174 (0xa22232d7) vsrl.vi v5, v2, 4
core   0: 3 0x80000174 (0xa22232d7) c8_vstart 0x00000000 e32 m1 l32 v5  ffffffff 0x00000000 00000000 00000000 00000000 00000000 00000000 00000000 00000000 00000000 00000000 00000000 00000000 00000000 00000000 00000000 00000000 00000001 00000001 00000001 00000001 00000001 00000001 00000001 00000001 00000001 00000001 00000001 00000001 00000001 00000001 00000001 00000001 
core   0: 0x80000178 (0xa241b357) vsrl.vi v6, v4, 3
core   0: 3 0x80000178 (0xa241b357) c8_vstart 0x00000000 e32 m1 l32 v6  ffffffff 0x00000001 00000001 00000001 00000001 00000001 00000001 00000001 00000001 00000000 00000000 00000000 00000000 00000000 00000000 00000000 00000000 00000001 00000001 00000001 00000001 00000001 00000001 00000001 00000001 00000000 00000000 00000000 00000000 00000000 00000000 00000000 00000000 
core   0: 0x8000017c (0x2643b3d7) vand.vi v7, v4, 7
core   0: 3 0x8000017c (0x2643b3d7) c8_vstart 0x00000000 e32 m1 l32 v7  ffffffff 0x00000007 00000006 00000005 00000004 00000003 00000002 00000001 00000000 00000007 00000006 00000005 00000004 00000003 00000002 00000001 00000000 00000007 00000006 00000005 00000004 00000003 00000002 00000001 00000000 00000007 00000006 00000005 00000004 00000003 00000002 00000001 00000000 
core   0: 0x80000180 (0x9621b457) vsll.vi v8, v2, 3
core   0: 3 0x80000180 (0x9621b457) c8_vstart 0x00000000 e32 m1 l32 v8  ffffffff 0x00000030 00000030 00000030 00000030 00000030 00000030 00000030 00000030 00000030 00000030 00000030 00000030 00000030 00000030 00000030 00000030 000000b0 000000b0 000000b0 000000b0 000000b0 000000b0 000000b0 000000b0 000000b0 000000b0 000000b0 000000b0 000000b0 000000b0 000000b0 000000b0 
core   0: 0x80000184 (0xa22134d7) vsrl.vi v9, v2, 2
core   0: 3 0x80000184 (0xa22134d7) c8_vstart 0x00000000 e32 m1 l32 v9  ffffffff 0x00000001 00000001 00000001 00000001 00000001 00000001 00000001 00000001 00000001 00000001 00000001 00000001 00000001 00000001 00000001 00000001 00000005 00000005 00000005 00000005 00000005 00000005 00000005 00000005 00000005 00000005 00000005 00000005 00000005 00000005 00000005 00000005 
core   0: 0x80000188 (0x2691b4d7) vand.vi v9, v9, 3
core   0: 3 0x80000188 (0x2691b4d7) c8_vstart 0x00000000 e32 m1 l32 v9  ffffffff 0x00000001 00000001 00000001 00000001 00000001 00000001 00000001 00000001 00000001 00000001 00000001 00000001 00000001 00000001 00000001 00000001 00000001 00000001 00000001 00000001 00000001 00000001 00000001 00000001 00000001 00000001 00000001 00000001 00000001 00000001 00000001 00000001 
core   0: 0x8000018c (0x0000300b) regexti x0, x0,  0 0 0 
core   0: 3 0x8000018c (0x0000300b)
core   0: 0x80000190 (0x268c3457) vand.vi v8, v8, -8
core   0: 3 0x80000190 (0x268c3457) c8_vstart 0x00000000 e32 m1 l32 v8  ffffffff 0x00000010 00000010 00000010 00000010 00000010 00000010 00000010 00000010 00000010 00000010 00000010 00000010 00000010 00000010 00000010 00000010 00000010 00000010 00000010 00000010 00000010 00000010 00000010 00000010 00000010 00000010 00000010 00000010 00000010 00000010 00000010 00000010 
core   0: 0x80000194 (0x2a8383d7) vor.vv  v7, v8, v7
core   0: 3 0x80000194 (0x2a8383d7) c8_vstart 0x00000000 e32 m1 l32 v7  ffffffff 0x00000017 00000016 00000015 00000014 00000013 00000012 00000011 00000010 00000017 00000016 00000015 00000014 00000013 00000012 00000011 00000010 00000017 00000016 00000015 00000014 00000013 00000012 00000011 00000010 00000017 00000016 00000015 00000014 00000013 00000012 00000011 00000010 
core   0: 0x80000198 (0xff012283) lw      x5, -16(x2)
core   0: 3 0x80000198 (0xff012283) x5  0x00000002 mem 0x70000018
core   0: 0x8000019c (0xa662e2d7) vmadd.vx v5, v6, x5
core   0: 3 0x8000019c (0xa662e2d7) c8_vstart 0x00000000 e32 m1 l32 v5  ffffffff 0x00000001 00000001 00000001 00000001 00000001 00000001 00000001 00000001 00000000 00000000 00000000 00000000 00000000 00000000 00000000 00000000 00000003 00000003 00000003 00000003 00000003 00000003 00000003 00000003 00000002 00000002 00000002 00000002 00000002 00000002 00000002 00000002 
core   0: 0x800001a0 (0x9653b2d7) vsll.vi v5, v5, 7
core   0: 3 0x800001a0 (0x9653b2d7) c8_vstart 0x00000000 e32 m1 l32 v5  ffffffff 0x00000080 00000080 00000080 00000080 00000080 00000080 00000080 00000080 00000000 00000000 00000000 00000000 00000000 00000000 00000000 00000000 00000180 00000180 00000180 00000180 00000180 00000180 00000180 00000180 00000100 00000100 00000100 00000100 00000100 00000100 00000100 00000100 
core   0: 0x800001a4 (0x96713357) vsll.vi v6, v7, 2
core   0: 3 0x800001a4 (0x96713357) c8_vstart 0x00000000 e32 m1 l32 v6  ffffffff 0x0000005c 00000058 00000054 00000050 0000004c 00000048 00000044 00000040 0000005c 00000058 00000054 00000050 0000004c 00000048 00000044 00000040 0000005c 00000058 00000054 00000050 0000004c 00000048 00000044 00000040 0000005c 00000058 00000054 00000050 0000004c 00000048 00000044 00000040 
core   0: 0x800001a8 (0x2a5302d7) vor.vv  v5, v5, v6
core   0: 3 0x800001a8 (0x2a5302d7) c8_vstart 0x00000000 e32 m1 l32 v5  ffffffff 0x000000dc 000000d8 000000d4 000000d0 000000cc 000000c8 000000c4 000000c0 0000005c 00000058 00000054 00000050 0000004c 00000048 00000044 00000040 000001dc 000001d8 000001d4 000001d0 000001cc 000001c8 000001c4 000001c0 0000015c 00000158 00000154 00000150 0000014c 00000148 00000144 00000140 
core   0: 0x800001ac (0x96013057) vsll.vi v0, v0, 2
core   0: 3 0x800001ac (0x96013057) c8_vstart 0x00000000 e32 m1 l32 v0  ffffffff 0x0000037c 00000378 00000374 00000370 0000036c 00000368 00000364 00000360 0000035c 00000358 00000354 00000350 0000034c 00000348 00000344 00000340 0000033c 00000338 00000334 00000330 0000032c 00000328 00000324 00000320 0000031c 00000318 00000314 00000310 0000030c 00000308 00000304 00000300 
core   0: 0x800001b0 (0xfec12283) lw      x5, -20(x2)
core   0: 3 0x800001b0 (0xfec12283) x5  0x90000000 mem 0x70000014
core   0: 0x800001b4 (0x0202c057) vadd.vx v0, v0, x5
core   0: 3 0x800001b4 (0x0202c057) c8_vstart 0x00000000 e32 m1 l32 v0  ffffffff 0x9000037c 90000378 90000374 90000370 9000036c 90000368 90000364 90000360 9000035c 90000358 90000354 90000350 9000034c 90000348 90000344 90000340 9000033c 90000338 90000334 90000330 9000032c 90000328 90000324 90000320 9000031c 90000318 90000314 90000310 9000030c 90000308 90000304 90000300 
core   0: 0x800001b8 (0x0000207b) vlw12.v v0, v0, 0
core   0: 3 0x800001b8 (0x0000207b) e32 m1 l32 v0  ffffffff 0x30fe306f b05ab09d b0a4a193 ab922dcb 2a5a2c78 b3ceb091 316a2df9 b0deacbe b044b097 330cb26f 2c1530ff 1f9d1d28 b10433a5 9ca1a798 a82a25d0 ae0e2af3 9b3e2d92 3133ada1 b1332f43 2d52b23e 31acadde 2c1bb0fe 30bbac37 3123b3fc 2e16328b b080b039 a6d12d0e 2f54ace4 addeb3f3 af78b232 30afb003 b130ac86  c8_vstart 0x00000000 mem 0x90000300 mem 0x90000304 mem 0x90000308 mem 0x9000030c mem 0x90000310 mem 0x90000314 mem 0x90000318 mem 0x9000031c mem 0x90000320 mem 0x90000324 mem 0x90000328 mem 0x9000032c mem 0x90000330 mem 0x90000334 mem 0x90000338 mem 0x9000033c mem 0x90000340 mem 0x90000344 mem 0x90000348 mem 0x9000034c mem 0x90000350 mem 0x90000354 mem 0x90000358 mem 0x9000035c mem 0x90000360 mem 0x90000364 mem 0x90000368 mem 0x9000036c mem 0x90000370 mem 0x90000374 mem 0x90000378 mem 0x9000037c
core   0: 0x800001bc (0x2a5482d7) vor.vv  v5, v5, v9
core   0: 3 0x800001bc (0x2a5482d7) c8_vstart 0x00000000 e32 m1 l32 v5  ffffffff 0x000000dd 000000d9 000000d5 000000d1 000000cd 000000c9 000000c5 000000c1 0000005d 00000059 00000055 00000051 0000004d 00000049 00000045 00000041 000001dd 000001d9 000001d5 000001d1 000001cd 000001c9 000001c5 000001c1 0000015d 00000159 00000155 00000151 0000014d 00000149 00000145 00000141 
core   0: 0x800001c0 (0x965132d7) vsll.vi v5, v5, 2
core   0: 3 0x800001c0 (0x965132d7) c8_vstart 0x00000000 e32 m1 l32 v5  ffffffff 0x00000374 00000364 00000354 00000344 00000334 00000324 00000314 00000304 00000174 00000164 00000154 00000144 00000134 00000124 00000114 00000104 00000774 00000764 00000754 00000744 00000734 00000724 00000714 00000704 00000574 00000564 00000554 00000544 00000534 00000524 00000514 00000504 
core   0: 0x800001c4 (0xff412283) lw      x5, -12(x2)
core   0: 3 0x800001c4 (0xff412283) x5  0x90004000 mem 0x7000001c
core   0: 0x800001c8 (0x0252c2d7) vadd.vx v5, v5, x5
core   0: 3 0x800001c8 (0x0252c2d7) c8_vstart 0x00000000 e32 m1 l32 v5  ffffffff 0x90004374 90004364 90004354 90004344 90004334 90004324 90004314 90004304 90004174 90004164 90004154 90004144 90004134 90004124 90004114 90004104 90004774 90004764 90004754 90004744 90004734 90004724 90004714 90004704 90004574 90004564 90004554 90004544 90004534 90004524 90004514 90004504 
core   0: 0x800001cc (0x0002e07b) vsw12.v v0, v5, 0
core   0: 3 0x800001cc (0x0002e07b) c8_vstart 0x00000000 e32 m1 l32 mem 0x90004504 0xb130ac86 mem 0x90004514 0x30afb003 mem 0x90004524 0xaf78b232 mem 0x90004534 0xaddeb3f3 mem 0x90004544 0x2f54ace4 mem 0x90004554 0xa6d12d0e mem 0x90004564 0xb080b039 mem 0x90004574 0x2e16328b mem 0x90004704 0x3123b3fc mem 0x90004714 0x30bbac37 mem 0x90004724 0x2c1bb0fe mem 0x90004734 0x31acadde mem 0x90004744 0x2d52b23e mem 0x90004754 0xb1332f43 mem 0x90004764 0x3133ada1 mem 0x90004774 0x9b3e2d92 mem 0x90004104 0xae0e2af3 mem 0x90004114 0xa82a25d0 mem 0x90004124 0x9ca1a798 mem 0x90004134 0xb10433a5 mem 0x90004144 0x1f9d1d28 mem 0x90004154 0x2c1530ff mem 0x90004164 0x330cb26f mem 0x90004174 0xb044b097 mem 0x90004304 0xb0deacbe mem 0x90004314 0x316a2df9 mem 0x90004324 0xb3ceb091 mem 0x90004334 0x2a5a2c78 mem 0x90004344 0xab922dcb mem 0x90004354 0xb0a4a193 mem 0x90004364 0xb05ab09d mem 0x90004374 0x30fe306f
core   0: 0x800001d0 (0x00000317) auipc   x6, 0x0
core   0: 3 0x800001d0 (0x00000317) x6  0x800001d0
core   0: 0x800001d4 (0x0203305b) setrpc  x0, x6, 32
core   0: 3 0x800001d4 (0x0203305b) c2060_rpc 0x800001f0 current mask:	ffffffff current npc:	8000012c stack size: 0
core   0: 0x800001d8 (0x00419c5b) vbne    v4, v3, pc + 24
core   0: 3 0x800001d8 (0x00419c5b) c8_vstart 0x00000000 e32 m1 l32 current mask:	00010001 current npc:	800001dc stack size: 2
[r_pc] 800001f0 [else_pc] 800001f0 [else_mask] fffefffe 
[r_pc] 800001f0 [else_pc] 800001f0 [else_mask] ffffffff 
core   0: 0x800001dc (0x0040006f) j       pc + 0x4
core   0: 3 0x800001dc (0x0040006f)
core   0: 0x800001e0 (0x96213057) vsll.vi v0, v2, 2
core   0: 3 0x800001e0 (0x96213057) c8_vstart 0x00000000 e32 m1 l32 v0  00010001 0x30fe306f b05ab09d b0a4a193 ab922dcb 2a5a2c78 b3ceb091 316a2df9 b0deacbe b044b097 330cb26f 2c1530ff 1f9d1d28 b10433a5 9ca1a798 a82a25d0 00000018 9b3e2d92 3133ada1 b1332f43 2d52b23e 31acadde 2c1bb0fe 30bbac37 3123b3fc 2e16328b b080b039 a6d12d0e 2f54ace4 addeb3f3 af78b232 30afb003 00000058 
core   0: 0x800001e4 (0xfdc12283) lw      x5, -36(x2)
core   0: 3 0x800001e4 (0xfdc12283) x5  0x90005000 mem 0x70000004
core   0: 0x800001e8 (0x0202c057) vadd.vx v0, v0, x5
core   0: 3 0x800001e8 (0x0202c057) c8_vstart 0x00000000 e32 m1 l32 v0  00010001 0x30fe306f b05ab09d b0a4a193 ab922dcb 2a5a2c78 b3ceb091 316a2df9 b0deacbe b044b097 330cb26f 2c1530ff 1f9d1d28 b10433a5 9ca1a798 a82a25d0 90005018 9b3e2d92 3133ada1 b1332f43 2d52b23e 31acadde 2c1bb0fe 30bbac37 3123b3fc 2e16328b b080b039 a6d12d0e 2f54ace4 addeb3f3 af78b232 30afb003 90005058 
core   0: 0x800001ec (0x0010607b) vsw12.v v1, v0, 0
core   0: 3 0x800001ec (0x0010607b) c8_vstart 0x00000000 e32 m1 l32 mem 0x90005058 0x0000000c mem 0x90005018 0x0000000d
core   0: 0x800001f0 (0x0000205b) join    v0, v0, pc + 0
core   0: 3 0x800001f0 (0x0000205b) current mask:	fffefffe current npc:	800001f0 stack size: 1
[r_pc] 800001f0 [else_pc] 800001f0 [else_mask] ffffffff 
core   0: 3 0x800001f0 (0x0000205b) current mask:	ffffffff current npc:	800001f0 stack size: 0
core   0: 3 0x800001f0 (0x0000205b) current mask:	ffcore   0: 0x00001000 (0x00000297) auipc   x5, 0x0
core   0: 3 0x00001000 (0x00000297) x5  0x00001000
core   0: 0x00001004 (0x02028593) addi    x11, x5, 32
core   0: 3 0x00001004 (0x02028593) x11 0x00001020
core   0: 0x00001008 (0xf1402573) csrr    x10, mhartid
core   0: 3 0x00001008 (0xf1402573) x10 0x00000000
core   0: 0x0000100c (0x0182a283) lw      x5, 24(x5)
core   0: 3 0x0000100c (0x0182a283) x5  0x80000000 mem 0x00001018
core   0: 0x00001010 (0x00028067) jr      x5
core   0: 3 0x00001010 (0x00028067)
core   0: 0x80000000 (0x00004197) auipc   x3, 0x4
core   0: 3 0x80000000 (0x00004197) x3  0x80004000
core   0: 0x80000004 (0x80818193) addi    x3, x3, -2040
core   0: 3 0x80000004 (0x80818193) x3  0x80003808
core   0: 0x80000008 (0x02000e93) li      x29, 32
core   0: 3 0x80000008 (0x02000e93) x29 0x00000020
core   0: 0x8000000c (0x0d0efed7) vsetvli x29, x29, e32, m1, ta, ma
core   0: 3 0x8000000c (0x0d0efed7) x29 0x00000020 c8_vstart 0x00000000 c3104_vl 0x00000020 c3105_vtype 0x000000d0 c768_mstatus 0x80000600
core   0: 0x80000010 (0x00002eb7) lui     x29, 0x2
core   0: 3 0x80000010 (0x00002eb7) x29 0x00002000
core   0: 0x80000014 (0x300eaef3) csrrs   x29, mstatus, x29
core   0: 3 0x80000014 (0x300eaef3) x29 0x80000600 c768_mstatus 0x80006600
core   0: 0x80000018 (0x00000e93) li      x29, 0
core   0: 3 0x80000018 (0x00000e93) x29 0x00000000
core   0: 0x8000001c (0x80502373) csrr    x6, wid
core   0: 3 0x8000001c (0x80502373) x6  0x00000000
core   0: 0x80000020 (0x806023f3) csrr    x7, lds
core   0: 3 0x80000020 (0x806023f3) x7  0x70000000
core   0: 0x80000024 (0x40000e13) li      x28, 1024
core   0: 3 0x80000024 (0x40000e13) x28 0x00000400
core   0: 0x80000028 (0x03c30333) mul     x6, x6, x28
core   0: 3 0x80000028 (0x03c30333) x6  0x00000000
core   0: 0x8000002c (0x00730133) add     x2, x6, x7
core   0: 3 0x8000002c (0x00730133) x2  0x70000000
core   0: 0x80000030 (0x00000213) li      x4, 0
core   0: 3 0x80000030 (0x00000213) x4  0x00000000
core   0: 0x80000034 (0x80102f73) csrr    x30, numw
core   0: 3 0x80000034 (0x80102f73) x30 0x00000001
core   0: 0x80000038 (0x40000e13) li      x28, 1024
core   0: 3 0x80000038 (0x40000e13) x28 0x00000400
core   0: 0x8000003c (0x03cf0f33) mul     x30, x30, x28
core   0: 3 0x8000003c (0x03cf0f33) x30 0x00000400
core   0: 0x80000040 (0x01e38433) add     x8, x7, x30
core   0: 3 0x80000040 (0x01e38433) x8  0x70000400
core   0: 0x80000044 (0x00003517) auipc   x10, 0x3
core   0: 3 0x80000044 (0x00003517) x10 0x80003044
core   0: 0x80000048 (0xfc450513) addi    x10, x10, -60
core   0: 3 0x80000048 (0xfc450513) x10 0x80003008
core   0: 0x8000004c (0x00003617) auipc   x12, 0x3
core   0: 3 0x8000004c (0x00003617) x12 0x8000304c
core   0: 0x80000050 (0xfbc60613) addi    x12, x12, -68
core   0: 3 0x80000050 (0xfbc60613) x12 0x80003008
core   0: 0x80000054 (0x00c50863) beq     x10, x12, pc + 16
core   0: 3 0x80000054 (0x00c50863)
core   0: 0x80000064 (0x803022f3) csrr    x5, knl
core   0: 3 0x80000064 (0x803022f3) x5  0x90107000
core   0: 0x80000068 (0x0002a303) lw      x6, 0(x5)
core   0: 3 0x80000068 (0x0002a303) x6  0x800000b8 mem 0x90107000
core   0: 0x8000006c (0x0042a503) lw      x10, 4(x5)
core   0: 3 0x8000006c (0x0042a503) x10 0x90006000 mem 0x90107004
core   0: 0x80000070 (0x0302a383) lw      x7, 48(x5)
core   0: 3 0x80000070 (0x0302a383) x7  0x00000000 mem 0x90107030
core   0: 0x80000074 (0x0342ae03) lw      x28, 52(x5)
core   0: 3 0x80000074 (0x0342ae03) x28 0x00000000 mem 0x90107034
core   0: 0x80000078 (0x00003e97) auipc   x29, 0x3
core   0: 3 0x80000078 (0x00003e97) x29 0x80003078
core   0: 0x8000007c (0xf88e8e93) addi    x29, x29, -120
core   0: 3 0x8000007c (0xf88e8e93) x29 0x80003000
core   0: 0x80000080 (0x00003f17) auipc   x30, 0x3
core   0: 3 0x80000080 (0x00003f17) x30 0x80003080
core   0: 0x80000084 (0xf84f0f13) addi    x30, x30, -124
core   0: 3 0x80000084 (0xf84f0f13) x30 0x80003004
core   0: 0x80000088 (0x007ea023) sw      x7, 0(x29)
core   0: 3 0x80000088 (0x007ea023) mem 0x80003000 0x00000000
core   0: 0x8000008c (0x01cf2023) sw      x28, 0(x30)
core   0: 3 0x8000008c (0x01cf2023) mem 0x80003004 0x00000000
core   0: 0x80000090 (0x00000f97) auipc   x31, 0x0
core   0: 3 0x80000090 (0x00000f97) x31 0x80000090
core   0: 0x80000094 (0x018f8f93) addi    x31, x31, 24
core   0: 3 0x80000094 (0x018f8f93) x31 0x800000a8
core   0: 0x80000098 (0x305f9073) csrw    mtvec, x31
core   0: 3 0x80000098 (0x305f9073) c773_mtvec 0x800000a8
core   0: 0x8000009c (0x000300e7) jalr    x6
core   0: 3 0x8000009c (0x000300e7) x1  0x800000a0
core   0: 0x800000b8 (0x02810113) addi    x2, x2, 40
core   0: 3 0x800000b8 (0x02810113) x2  0x70000028
core   0: 0x800000bc (0xfc112c23) sw      x1, -40(x2)
core   0: 3 0x800000bc (0xfc112c23) mem 0x70000000 0x800000a0
core   0: 0x800000c0 (0x02052283) lw      x5, 32(x10)
core   0: 3 0x800000c0 (0x02052283) x5  0x90005000 mem 0x90006020
core   0: 0x800000c4 (0xfc512e23) sw      x5, -36(x2)
core   0: 3 0x800000c4 (0xfc512e23) mem 0x70000004 0x90005000
core   0: 0x800000c8 (0x01c52283) lw      x5, 28(x10)
core   0: 3 0x800000c8 (0x01c52283) x5  0x90004000 mem 0x9000601c
core   0: 0x800000cc (0xfe512a23) sw      x5, -12(x2)
core   0: 3 0x800000cc (0xfe512a23) mem 0x7000001c 0x90004000
core   0: 0x800000d0 (0x01852283) lw      x5, 24(x10)
core   0: 3 0x800000d0 (0x01852283) x5  0x00000002 mem 0x90006018
core   0: 0x800000d4 (0xfe512823) sw      x5, -16(x2)
core   0: 3 0x800000d4 (0xfe512823) mem 0x70000018 0x00000002
core   0: 0x800000d8 (0x00c52283) lw      x5, 12(x10)
core   0: 3 0x800000d8 (0x00c52283) x5  0x90003000 mem 0x9000600c
core   0: 0x800000dc (0xfe512423) sw      x5, -24(x2)
core   0: 3 0x800000dc (0xfe512423) mem 0x70000010 0x90003000
core   0: 0x800000e0 (0x00852283) lw      x5, 8(x10)
core   0: 3 0x800000e0 (0x00852283) x5  0x90002000 mem 0x90006008
core   0: 0x800000e4 (0xfe512223) sw      x5, -28(x2)
core   0: 3 0x800000e4 (0xfe512223) mem 0x7000000c 0x90002000
core   0: 0x800000e8 (0x00452283) lw      x5, 4(x10)
core   0: 3 0x800000e8 (0x00452283) x5  0x90001000 mem 0x90006004
core   0: 0x800000ec (0xfe512023) sw      x5, -32(x2)
core   0: 3 0x800000ec (0xfe512023) mem 0x70000008 0x90001000
core   0: 0x800000f0 (0x00052283) lw      x5, 0(x10)
core   0: 3 0x800000f0 (0x00052283) x5  0x90000000 mem 0x90006000
core   0: 0x800000f4 (0xfe512623) sw      x5, -20(x2)
core   0: 3 0x800000f4 (0xfe512623) mem 0x70000014 0x90000000
core   0: 0x800000f8 (0x01452283) lw      x5, 20(x10)
core   0: 3 0x800000f8 (0x01452283) x5  0x00000010 mem 0x90006014
core   0: 0x800000fc (0xfe512c23) sw      x5, -8(x2)
core   0: 3 0x800000fc (0xfe512c23) mem 0x70000020 0x00000010
core   0: 0x80000100 (0x01052283) lw      x5, 16(x10)
core   0: 3 0x80000100 (0x01052283) x5  0x00000010 mem 0x90006010
core   0: 0x80000104 (0xfe512e23) sw      x5, -4(x2)
core   0: 3 0x80000104 (0xfe512e23) mem 0x70000024 0x00000010
core   0: 0x80000108 (0x5e004057) vmv.v.x v0, x0
core   0: 3 0x80000108 (0x5e004057) c8_vstart 0x00000000 e32 m1 l32 v0  ffffffff 0x00000000 00000000 00000000 00000000 00000000 00000000 00000000 00000000 00000000 00000000 00000000 00000000 00000000 00000000 00000000 00000000 00000000 00000000 00000000 00000000 00000000 00000000 00000000 00000000 00000000 00000000 00000000 00000000 00000000 00000000 00000000 00000000 
core   0: 0x8000010c (0x5e4000ef) jal     pc + 0x5e4
core   0: 3 0x8000010c (0x5e4000ef) x1  0x80000110
core   0: 0x800006f0 (0x00410113) addi    x2, x2, 4
core   0: 3 0x800006f0 (0x00410113) x2  0x7000002c
core   0: 0x800006f4 (0xfe112e23) sw      x1, -4(x2)
core   0: 3 0x800006f4 (0xfe112e23) mem 0x70000028 0x80000110
core   0: 0x800006f8 (0x020040d7) vadd.vx v1, v0, x0
core   0: 3 0x800006f8 (0x020040d7) c8_vstart 0x00000000 e32 m1 l32 v1  ffffffff 0x00000000 00000000 00000000 00000000 00000000 00000000 00000000 00000000 00000000 00000000 00000000 00000000 00000000 00000000 00000000 00000000 00000000 00000000 00000000 00000000 00000000 00000000 00000000 00000000 00000000 00000000 00000000 00000000 00000000 00000000 00000000 00000000 
core   0: 0x800006fc (0x00200293) li      x5, 2
core   0: 3 0x800006fc (0x00200293) x5  0x00000002
core   0: 0x80000700 (0x5e02c057) vmv.v.x v0, x5
core   0: 3 0x80000700 (0x5e02c057) c8_vstart 0x00000000 e32 m1 l32 v0  ffffffff 0x00000002 00000002 00000002 00000002 00000002 00000002 00000002 00000002 00000002 00000002 00000002 00000002 00000002 00000002 00000002 00000002 00000002 00000002 00000002 00000002 00000002 00000002 00000002 00000002 00000002 00000002 00000002 00000002 00000002 00000002 00000002 00000002 
core   0: 0x80000704 (0x00000317) auipc   x6, 0x0
core   0: 3 0x80000704 (0x00000317) x6  0x80000704
core   0: 0x80000708 (0x0543305b) setrpc  x0, x6, 84
core   0: 3 0x80000708 (0x0543305b) c2060_rpc 0x80000758 current mask:	ffffffff current npc:	00000000 stack size: 0
core   0: 0x8000070c (0x0410045b) vbeq    v1, v0, pc + 72
core   0: 3 0x8000070c (0x0410045b) c8_vstart 0x00000000 e32 m1 l32 current mask:	ffffffff current npc:	80000710 stack size: 0
core   0: 0x80000710 (0x0040006f) j       pc + 0x4
core   0: 3 0x80000710 (0x0040006f)
core   0: 0x80000714 (0x00100293) li      x5, 1
core   0: 3 0x80000714 (0x00100293) x5  0x00000001
core   0: 0x80000718 (0x5e02c057) vmv.v.x v0, x5
core   0: 3 0x80000718 (0x5e02c057) c8_vstart 0x00000000 e32 m1 l32 v0  ffffffff 0x00000001 00000001 00000001 00000001 00000001 00000001 00000001 00000001 00000001 00000001 00000001 00000001 00000001 00000001 00000001 00000001 00000001 00000001 00000001 00000001 00000001 00000001 00000001 00000001 00000001 00000001 00000001 00000001 00000001 00000001 00000001 00000001 
core   0: 0x8000071c (0x00000317) auipc   x6, 0x0
core   0: 3 0x8000071c (0x00000317) x6  0x8000071c
core   0: 0x80000720 (0x03c3305b) setrpc  x0, x6, 60
core   0: 3 0x80000720 (0x03c3305b) c2060_rpc 0x80000758 current mask:	ffffffff current npc:	80000710 stack size: 0
core   0: 0x80000724 (0x0210045b) vbeq    v1, v0, pc + 40
core   0: 3 0x80000724 (0x0210045b) c8_vstart 0x00000000 e32 m1 l32 current mask:	ffffffff current npc:	80000728 stack size: 0
core   0: 0x80000728 (0x0040006f) j       pc + 0x4
core   0: 3 0x80000728 (0x0040006f)
core   0: 0x8000072c (0x5e004157) vmv.v.x v2, x0
core   0: 3 0x8000072c (0x5e004157) c8_vstart 0x00000000 e32 m1 l32 v2  ffffffff 0x00000000 00000000 00000000 00000000 00000000 00000000 00000000 00000000 00000000 00000000 00000000 00000000 00000000 00000000 00000000 00000000 00000000 00000000 00000000 00000000 00000000 00000000 00000000 00000000 00000000 00000000 00000000 00000000 00000000 00000000 00000000 00000000 
core   0: 0x80000730 (0x5e004057) vmv.v.x v0, x0
core   0: 3 0x80000730 (0x5e004057) c8_vstart 0x00000000 e32 m1 l32 v0  ffffffff 0x00000000 00000000 00000000 00000000 00000000 00000000 00000000 00000000 00000000 00000000 00000000 00000000 00000000 00000000 00000000 00000000 00000000 00000000 00000000 00000000 00000000 00000000 00000000 00000000 00000000 00000000 00000000 00000000 00000000 00000000 00000000 00000000 
core   0: 0x80000734 (0x00000317) auipc   x6, 0x0
core   0: 3 0x80000734 (0x00000317) x6  0x80000734
core   0: 0x80000738 (0x0243305b) setrpc  x0, x6, 36
core   0: 3 0x80000738 (0x0243305b) c2060_rpc 0x80000758 current mask:	ffffffff current npc:	80000728 stack size: 0
core   0: 0x8000073c (0x00111e5b) vbne    v1, v2, pc + 28
core   0: 3 0x8000073c (0x00111e5b) c8_vstart 0x00000000 e32 m1 l32 current mask:	ffffffff current npc:	80000740 stack size: 0
core   0: 0x80000740 (0x0040006f) j       pc + 0x4
core   0: 3 0x80000740 (0x0040006f)
core   0: 0x80000744 (0x124000ef) jal     pc + 0x124
core   0: 3 0x80000744 (0x124000ef) x1  0x80000748
core   0: 0x80000868 (0x00410113) addi    x2, x2, 4
core   0: 3 0x80000868 (0x00410113) x2  0x70000030
core   0: 0x8000086c (0xfe112e23) sw      x1, -4(x2)
core   0: 3 0x8000086c (0xfe112e23) mem 0x7000002c 0x80000748
core   0: 0x80000870 (0xf1dff0ef) jal     pc - 0xe4
core   0: 3 0x80000870 (0xf1dff0ef) x1  0x80000874
core   0: 0x8000078c (0x00410113) addi    x2, x2, 4
core   0: 3 0x8000078c (0x00410113) x2  0x70000034
core   0: 0x80000790 (0xfe112e23) sw      x1, -4(x2)
core   0: 3 0x80000790 (0xfe112e23) mem 0x70000030 0x80000874
core   0: 0x80000794 (0x80302573) csrr    x10, knl
core   0: 3 0x80000794 (0x80302573) x10 0x90107000
core   0: 0x80000798 (0x00852283) lw      x5, 8(x10)
core   0: 3 0x80000798 (0x00852283) x5  0x00000001 mem 0x90107008
core   0: 0x8000079c (0x80002373) csrr    x6, tid
core   0: 3 0x8000079c (0x80002373) x6  0x00000000
core   0: 0x800007a0 (0x5208a157) vid.v   v2
core   0: 3 0x800007a0 (0x5208a157) c8_vstart 0x00000000 e32 m1 l32 v2  ffffffff 0x0000001f 0000001e 0000001d 0000001c 0000001b 0000001a 00000019 00000018 00000017 00000016 00000015 00000014 00000013 00000012 00000011 00000010 0000000f 0000000e 0000000d 0000000c 0000000b 0000000a 00000009 00000008 00000007 00000006 00000005 00000004 00000003 00000002 00000001 00000000 
core   0: 0x800007a4 (0x02234057) vadd.vx v0, v2, x6
core   0: 3 0x800007a4 (0x02234057) c8_vstart 0x00000000 e32 m1 l32 v0  ffffffff 0x0000001f 0000001e 0000001d 0000001c 0000001b 0000001a 00000019 00000018 00000017 00000016 00000015 00000014 00000013 00000012 00000011 00000010 0000000f 0000000e 0000000d 0000000c 0000000b 0000000a 00000009 00000008 00000007 00000006 00000005 00000004 00000003 00000002 00000001 00000000 
core   0: 0x800007a8 (0x01852e03) lw      x28, 24(x10)
core   0: 3 0x800007a8 (0x01852e03) x28 0x00000020 mem 0x90107018
core   0: 0x800007ac (0x8a0e6057) vremu.vx v0, v0, x28
core   0: 3 0x800007ac (0x8a0e6057) c8_vstart 0x00000000 e32 m1 l32 v0  ffffffff 0x0000001f 0000001e 0000001d 0000001c 0000001b 0000001a 00000019 00000018 00000017 00000016 00000015 00000014 00000013 00000012 00000011 00000010 0000000f 0000000e 0000000d 0000000c 0000000b 0000000a 00000009 00000008 00000007 00000006 00000005 00000004 00000003 00000002 00000001 00000000 
core   0: 0x800007b0 (0xffc12083) lw      x1, -4(x2)
core   0: 3 0x800007b0 (0xffc12083) x1  0x80000874 mem 0x70000030
core   0: 0x800007b4 (0xffc10113) addi    x2, x2, -4
core   0: 3 0x800007b4 (0xffc10113) x2  0x70000030
core   0: 0x800007b8 (0x00008067) ret
core   0: 3 0x800007b8 (0x00008067)
core   0: 0x80000874 (0x80302573) csrr    x10, knl
core   0: 3 0x80000874 (0x80302573) x10 0x90107000
core   0: 0x80000878 (0x80802373) csrr    x6, gidx
core   0: 3 0x80000878 (0x80802373) x6  0x00000007
core   0: 0x8000087c (0x01852e03) lw      x28, 24(x10)
core   0: 3 0x8000087c (0x01852e03) x28 0x00000020 mem 0x90107018
core   0: 0x80000880 (0x02452e83) lw      x29, 36(x10)
core   0: 3 0x80000880 (0x02452e83) x29 0x00000000 mem 0x90107024
core   0: 0x80000884 (0x03c30fb3) mul     x31, x6, x28
core   0: 3 0x80000884 (0x03c30fb3) x31 0x000000e0
core   0: 0x80000888 (0x01df8fb3) add     x31, x31, x29
core   0: 3 0x80000888 (0x01df8fb3) x31 0x000000e0
core   0: 0x8000088c (0x020fc057) vadd.vx v0, v0, x31
core   0: 3 0x8000088c (0x020fc057) c8_vstart 0x00000000 e32 m1 l32 v0  ffffffff 0x000000ff 000000fe 000000fd 000000fc 000000fb 000000fa 000000f9 000000f8 000000f7 000000f6 000000f5 000000f4 000000f3 000000f2 000000f1 000000f0 000000ef 000000ee 000000ed 000000ec 000000eb 000000ea 000000e9 000000e8 000000e7 000000e6 000000e5 000000e4 000000e3 000000e2 000000e1 000000e0 
core   0: 0x80000890 (0xffc12083) lw      x1, -4(x2)
core   0: 3 0x80000890 (0xffc12083) x1  0x80000748 mem 0x7000002c
core   0: 0x80000894 (0xffc10113) addi    x2, x2, -4
core   0: 3 0x80000894 (0xffc10113) x2  0x7000002c
core   0: 0x80000898 (0x00008067) ret
core   0: 3 0x80000898 (0x00008067)
core   0: 0x80000748 (0x0100006f) j       pc + 0x10
core   0: 3 0x80000748 (0x0100006f)
core   0: 0x80000758 (0x0000205b) join    v0, v0, pc + 0
core   0: 3 0x80000758 (0x0000205b) current mask:	ffffffff current npc:	80000740 stack size: 0
core   0: 0x8000075c (0xffc12083) lw      x1, -4(x2)
core   0: 3 0x8000075c (0xffc12083) x1  0x80000110 mem 0x70000028
core   0: 0x80000760 (0xffc10113) addi    x2, x2, -4
core   0: 3 0x80000760 (0xffc10113) x2  0x70000028
core   0: 0x80000764 (0x00008067) ret
core   0: 3 0x80000764 (0x00008067)
core   0: 0x80000110 (0xff812383) lw      x7, -8(x2)
core   0: 3 0x80000110 (0xff812383) x7  0x00000010 mem 0x70000020
core   0: 0x80000114 (0xffc12283) lw      x5, -4(x2)
core   0: 3 0x80000114 (0xffc12283) x5  0x00000010 mem 0x70000024
core   0: 0x80000118 (0x025382b3) mul     x5, x7, x5
core   0: 3 0x80000118 (0x025382b3) x5  0x00000100
core   0: 0x8000011c (0x5e02c0d7) vmv.v.x v1, x5
core   0: 3 0x8000011c (0x5e02c0d7) c8_vstart 0x00000000 e32 m1 l32 v1  ffffffff 0x00000100 00000100 00000100 00000100 00000100 00000100 00000100 00000100 00000100 00000100 00000100 00000100 00000100 00000100 00000100 00000100 00000100 00000100 00000100 00000100 00000100 00000100 00000100 00000100 00000100 00000100 00000100 00000100 00000100 00000100 00000100 00000100 
core   0: 0x80000120 (0x00000317) auipc   x6, 0x0
core   0: 3 0x80000120 (0x00000317) x6  0x80000120
core   0: 0x80000124 (0x0d03305b) setrpc  x0, x6, 208
core   0: 3 0x80000124 (0x0d03305b) c2060_rpc 0x800001f0 current mask:	ffffffff current npc:	80000740 stack size: 0
core   0: 0x80000128 (0x0c00d45b) vbge    v0, v1, pc + 200
core   0: 3 0x80000128 (0x0c00d45b) c8_vstart 0x00000000 e32 m1 l32 current mask:	ffffffff current npc:	8000012c stack size: 0
core   0: 0x8000012c (0x0040006f) j       pc + 0x4
core   0: 3 0x8000012c (0x0040006f)
core   0: 0x80000130 (0x5e0041d7) vmv.v.x v3, x0
core   0: 3 0x80000130 (0x5e0041d7) c8_vstart 0x00000000 e32 m1 l32 v3  ffffffff 0x00000000 00000000 00000000 00000000 00000000 00000000 00000000 00000000 00000000 00000000 00000000 00000000 00000000 00000000 00000000 00000000 00000000 00000000 00000000 00000000 00000000 00000000 00000000 00000000 00000000 00000000 00000000 00000000 00000000 00000000 00000000 00000000 
core   0: 0x80000134 (0x5e03c157) vmv.v.x v2, x7
core   0: 3 0x80000134 (0x5e03c157) c8_vstart 0x00000000 e32 m1 l32 v2  ffffffff 0x00000010 00000010 00000010 00000010 00000010 00000010 00000010 00000010 00000010 00000010 00000010 00000010 00000010 00000010 00000010 00000010 00000010 00000010 00000010 00000010 00000010 00000010 00000010 00000010 00000010 00000010 00000010 00000010 00000010 00000010 00000010 00000010 
core   0: 0x80000138 (0x8603e0d7) vdiv.vx v1, v0, x7
core   0: 3 0x80000138 (0x8603e0d7) c8_vstart 0x00000000 e32 m1 l32 v1  ffffffff 0x0000000f 0000000f 0000000f 0000000f 0000000f 0000000f 0000000f 0000000f 0000000f 0000000f 0000000f 0000000f 0000000f 0000000f 0000000f 0000000f 0000000e 0000000e 0000000e 0000000e 0000000e 0000000e 0000000e 0000000e 0000000e 0000000e 0000000e 0000000e 0000000e 0000000e 0000000e 0000000e 
core   0: 0x8000013c (0x02104257) vadd.vx v4, v1, x0
core   0: 3 0x8000013c (0x02104257) c8_vstart 0x00000000 e32 m1 l32 v4  ffffffff 0x0000000f 0000000f 0000000f 0000000f 0000000f 0000000f 0000000f 0000000f 0000000f 0000000f 0000000f 0000000f 0000000f 0000000f 0000000f 0000000f 0000000e 0000000e 0000000e 0000000e 0000000e 0000000e 0000000e 0000000e 0000000e 0000000e 0000000e 0000000e 0000000e 0000000e 0000000e 0000000e 
core   0: 0x80000140 (0x961132d7) vsll.vi v5, v1, 2
core   0: 3 0x80000140 (0x961132d7) c8_vstart 0x00000000 e32 m1 l32 v5  ffffffff 0x0000003c 0000003c 0000003c 0000003c 0000003c 0000003c 0000003c 0000003c 0000003c 0000003c 0000003c 0000003c 0000003c 0000003c 0000003c 0000003c 00000038 00000038 00000038 00000038 00000038 00000038 00000038 00000038 00000038 00000038 00000038 00000038 00000038 00000038 00000038 00000038 
core   0: 0x80000144 (0xfe012283) lw      x5, -32(x2)
core   0: 3 0x80000144 (0xfe012283) x5  0x90001000 mem 0x70000008
core   0: 0x80000148 (0x0252c357) vadd.vx v6, v5, x5
core   0: 3 0x80000148 (0x0252c357) c8_vstart 0x00000000 e32 m1 l32 v6  ffffffff 0x9000103c 9000103c 9000103c 9000103c 9000103c 9000103c 9000103c 9000103c 9000103c 9000103c 9000103c 9000103c 9000103c 9000103c 9000103c 9000103c 90001038 90001038 90001038 90001038 90001038 90001038 90001038 90001038 90001038 90001038 90001038 90001038 90001038 90001038 90001038 90001038 
core   0: 0x8000014c (0x0003237b) vlw12.v v6, v6, 0
core   0: 3 0x8000014c (0x0003237b) e32 m1 l32 v6  ffffffff 0x00000000 00000000 00000000 00000000 00000000 00000000 00000000 00000000 00000000 00000000 00000000 00000000 00000000 00000000 00000000 00000000 00000001 00000001 00000001 00000001 00000001 00000001 00000001 00000001 00000001 00000001 00000001 00000001 00000001 00000001 00000001 00000001  c8_vstart 0x00000000 mem 0x90001038 mem 0x90001038 mem 0x90001038 mem 0x90001038 mem 0x90001038 mem 0x90001038 mem 0x90001038 mem 0x90001038 mem 0x90001038 mem 0x90001038 mem 0x90001038 mem 0x90001038 mem 0x90001038 mem 0x90001038 mem 0x90001038 mem 0x90001038 mem 0x9000103c mem 0x9000103c mem 0x9000103c mem 0x9000103c mem 0x9000103c mem 0x9000103c mem 0x9000103c mem 0x9000103c mem 0x9000103c mem 0x9000103c mem 0x9000103c mem 0x9000103c mem 0x9000103c mem 0x9000103c mem 0x9000103c mem 0x9000103c
core   0: 0x80000150 (0xae012257) vnmsub.vv v4, v0, v2
core   0: 3 0x80000150 (0xae012257) c8_vstart 0x00000000 e32 m1 l32 v4  ffffffff 0x0000000f 0000000e 0000000d 0000000c 0000000b 0000000a 00000009 00000008 00000007 00000006 00000005 00000004 00000003 00000002 00000001 00000000 0000000f 0000000e 0000000d 0000000c 0000000b 0000000a 00000009 00000008 00000007 00000006 00000005 00000004 00000003 00000002 00000001 00000000 
core   0: 0x80000154 (0x96613157) vsll.vi v2, v6, 2
core   0: 3 0x80000154 (0x96613157) c8_vstart 0x00000000 e32 m1 l32 v2  ffffffff 0x00000000 00000000 00000000 00000000 00000000 00000000 00000000 00000000 00000000 00000000 00000000 00000000 00000000 00000000 00000000 00000000 00000004 00000004 00000004 00000004 00000004 00000004 00000004 00000004 00000004 00000004 00000004 00000004 00000004 00000004 00000004 00000004 
core   0: 0x80000158 (0xfe812283) lw      x5, -24(x2)
core   0: 3 0x80000158 (0xfe812283) x5  0x90003000 mem 0x70000010
core   0: 0x8000015c (0x0222c157) vadd.vx v2, v2, x5
core   0: 3 0x8000015c (0x0222c157) c8_vstart 0x00000000 e32 m1 l32 v2  ffffffff 0x90003000 90003000 90003000 90003000 90003000 90003000 90003000 90003000 90003000 90003000 90003000 90003000 90003000 90003000 90003000 90003000 90003004 90003004 90003004 90003004 90003004 90003004 90003004 90003004 90003004 90003004 90003004 90003004 90003004 90003004 90003004 90003004 
core   0: 0x80000160 (0x0001217b) vlw12.v v2, v2, 0
core   0: 3 0x80000160 (0x0001217b) e32 m1 l32 v2  ffffffff 0x00000000 00000000 00000000 00000000 00000000 00000000 00000000 00000000 00000000 00000000 00000000 00000000 00000000 00000000 00000000 00000000 00000010 00000010 00000010 00000010 00000010 00000010 00000010 00000010 00000010 00000010 00000010 00000010 00000010 00000010 00000010 00000010  c8_vstart 0x00000000 mem 0x90003004 mem 0x90003004 mem 0x90003004 mem 0x90003004 mem 0x90003004 mem 0x90003004 mem 0x90003004 mem 0x90003004 mem 0x90003004 mem 0x90003004 mem 0x90003004 mem 0x90003004 mem 0x90003004 mem 0x90003004 mem 0x90003004 mem 0x90003004 mem 0x90003000 mem 0x90003000 mem 0x90003000 mem 0x90003000 mem 0x90003000 mem 0x90003000 mem 0x90003000 mem 0x90003000 mem 0x90003000 mem 0x90003000 mem 0x90003000 mem 0x90003000 mem 0x90003000 mem 0x90003000 mem 0x90003000 mem 0x90003000
core   0: 0x80000164 (0xfe412303) lw      x6, -28(x2)
core   0: 3 0x80000164 (0xfe412303) x6  0x90002000 mem 0x7000000c
core   0: 0x80000168 (0x025342d7) vadd.vx v5, v5, x6
core   0: 3 0x80000168 (0x025342d7) c8_vstart 0x00000000 e32 m1 l32 v5  ffffffff 0x9000203c 9000203c 9000203c 9000203c 9000203c 9000203c 9000203c 9000203c 9000203c 9000203c 9000203c 9000203c 9000203c 9000203c 9000203c 9000203c 90002038 90002038 90002038 90002038 90002038 90002038 90002038 90002038 90002038 90002038 90002038 90002038 90002038 90002038 90002038 90002038 
core   0: 0x8000016c (0x0002a2fb) vlw12.v v5, v5, 0
core   0: 3 0x8000016c (0x0002a2fb) e32 m1 l32 v5  ffffffff 0x00000007 00000007 00000007 00000007 00000007 00000007 00000007 00000007 00000007 00000007 00000007 00000007 00000007 00000007 00000007 00000007 00000007 00000007 00000007 00000007 00000007 00000007 00000007 00000007 00000007 00000007 00000007 00000007 00000007 00000007 00000007 00000007  c8_vstart 0x00000000 mem 0x90002038 mem 0x90002038 mem 0x90002038 mem 0x90002038 mem 0x90002038 mem 0x90002038 mem 0x90002038 mem 0x90002038 mem 0x90002038 mem 0x90002038 mem 0x90002038 mem 0x90002038 mem 0x90002038 mem 0x90002038 mem 0x90002038 mem 0x90002038 mem 0x9000203c mem 0x9000203c mem 0x9000203c mem 0x9000203c mem 0x9000203c mem 0x9000203c mem 0x9000203c mem 0x9000203c mem 0x9000203c mem 0x9000203c mem 0x9000203c mem 0x9000203c mem 0x9000203c mem 0x9000203c mem 0x9000203c mem 0x9000203c
core   0: 0x80000170 (0x02510157) vadd.vv v2, v5, v2
core   0: 3 0x80000170 (0x02510157) c8_vstart 0x00000000 e32 m1 l32 v2  ffffffff 0x00000007 00000007 00000007 00000007 00000007 00000007 00000007 00000007 00000007 00000007 00000007 00000007 00000007 00000007 00000007 00000007 00000017 00000017 00000017 00000017 00000017 00000017 00000017 00000017 00000017 00000017 00000017 00000017 00000017 00000017 00000017 00000017 
core   0: 0x80000174 (0xa22232d7) vsrl.vi v5, v2, 4
core   0: 3 0x80000174 (0xa22232d7) c8_vstart 0x00000000 e32 m1 l32 v5  ffffffff 0x00000000 00000000 00000000 00000000 00000000 00000000 00000000 00000000 00000000 00000000 00000000 00000000 00000000 00000000 00000000 00000000 00000001 00000001 00000001 00000001 00000001 00000001 00000001 00000001 00000001 00000001 00000001 00000001 00000001 00000001 00000001 00000001 
core   0: 0x80000178 (0xa241b357) vsrl.vi v6, v4, 3
core   0: 3 0x80000178 (0xa241b357) c8_vstart 0x00000000 e32 m1 l32 v6  ffffffff 0x00000001 00000001 00000001 00000001 00000001 00000001 00000001 00000001 00000000 00000000 00000000 00000000 00000000 00000000 00000000 00000000 00000001 00000001 00000001 00000001 00000001 00000001 00000001 00000001 00000000 00000000 00000000 00000000 00000000 00000000 00000000 00000000 
core   0: 0x8000017c (0x2643b3d7) vand.vi v7, v4, 7
core   0: 3 0x8000017c (0x2643b3d7) c8_vstart 0x00000000 e32 m1 l32 v7  ffffffff 0x00000007 00000006 00000005 00000004 00000003 00000002 00000001 00000000 00000007 00000006 00000005 00000004 00000003 00000002 00000001 00000000 00000007 00000006 00000005 00000004 00000003 00000002 00000001 00000000 00000007 00000006 00000005 00000004 00000003 00000002 00000001 00000000 
core   0: 0x80000180 (0x9621b457) vsll.vi v8, v2, 3
core   0: 3 0x80000180 (0x9621b457) c8_vstart 0x00000000 e32 m1 l32 v8  ffffffff 0x00000038 00000038 00000038 00000038 00000038 00000038 00000038 00000038 00000038 00000038 00000038 00000038 00000038 00000038 00000038 00000038 000000b8 000000b8 000000b8 000000b8 000000b8 000000b8 000000b8 000000b8 000000b8 000000b8 000000b8 000000b8 000000b8 000000b8 000000b8 000000b8 
core   0: 0x80000184 (0xa22134d7) vsrl.vi v9, v2, 2
core   0: 3 0x80000184 (0xa22134d7) c8_vstart 0x00000000 e32 m1 l32 v9  ffffffff 0x00000001 00000001 00000001 00000001 00000001 00000001 00000001 00000001 00000001 00000001 00000001 00000001 00000001 00000001 00000001 00000001 00000005 00000005 00000005 00000005 00000005 00000005 00000005 00000005 00000005 00000005 00000005 00000005 00000005 00000005 00000005 00000005 
core   0: 0x80000188 (0x2691b4d7) vand.vi v9, v9, 3
core   0: 3 0x80000188 (0x2691b4d7) c8_vstart 0x00000000 e32 m1 l32 v9  ffffffff 0x00000001 00000001 00000001 00000001 00000001 00000001 00000001 00000001 00000001 00000001 00000001 00000001 00000001 00000001 00000001 00000001 00000001 00000001 00000001 00000001 00000001 00000001 00000001 00000001 00000001 00000001 00000001 00000001 00000001 00000001 00000001 00000001 
core   0: 0x8000018c (0x0000300b) regexti x0, x0,  0 0 0 
core   0: 3 0x8000018c (0x0000300b)
core   0: 0x80000190 (0x268c3457) vand.vi v8, v8, -8
core   0: 3 0x80000190 (0x268c3457) c8_vstart 0x00000000 e32 m1 l32 v8  ffffffff 0x00000018 00000018 00000018 00000018 00000018 00000018 00000018 00000018 00000018 00000018 00000018 00000018 00000018 00000018 00000018 00000018 00000018 00000018 00000018 00000018 00000018 00000018 00000018 00000018 00000018 00000018 00000018 00000018 00000018 00000018 00000018 00000018 
core   0: 0x80000194 (0x2a8383d7) vor.vv  v7, v8, v7
core   0: 3 0x80000194 (0x2a8383d7) c8_vstart 0x00000000 e32 m1 l32 v7  ffffffff 0x0000001f 0000001e 0000001d 0000001c 0000001b 0000001a 00000019 00000018 0000001f 0000001e 0000001d 0000001c 0000001b 0000001a 00000019 00000018 0000001f 0000001e 0000001d 0000001c 0000001b 0000001a 00000019 00000018 0000001f 0000001e 0000001d 0000001c 0000001b 0000001a 00000019 00000018 
core   0: 0x80000198 (0xff012283) lw      x5, -16(x2)
core   0: 3 0x80000198 (0xff012283) x5  0x00000002 mem 0x70000018
core   0: 0x8000019c (0xa662e2d7) vmadd.vx v5, v6, x5
core   0: 3 0x8000019c (0xa662e2d7) c8_vstart 0x00000000 e32 m1 l32 v5  ffffffff 0x00000001 00000001 00000001 00000001 00000001 00000001 00000001 00000001 00000000 00000000 00000000 00000000 00000000 00000000 00000000 00000000 00000003 00000003 00000003 00000003 00000003 00000003 00000003 00000003 00000002 00000002 00000002 00000002 00000002 00000002 00000002 00000002 
core   0: 0x800001a0 (0x9653b2d7) vsll.vi v5, v5, 7
core   0: 3 0x800001a0 (0x9653b2d7) c8_vstart 0x00000000 e32 m1 l32 v5  ffffffff 0x00000080 00000080 00000080 00000080 00000080 00000080 00000080 00000080 00000000 00000000 00000000 00000000 00000000 00000000 00000000 00000000 00000180 00000180 00000180 00000180 00000180 00000180 00000180 00000180 00000100 00000100 00000100 00000100 00000100 00000100 00000100 00000100 
core   0: 0x800001a4 (0x96713357) vsll.vi v6, v7, 2
core   0: 3 0x800001a4 (0x96713357) c8_vstart 0x00000000 e32 m1 l32 v6  ffffffff 0x0000007c 00000078 00000074 00000070 0000006c 00000068 00000064 00000060 0000007c 00000078 00000074 00000070 0000006c 00000068 00000064 00000060 0000007c 00000078 00000074 00000070 0000006c 00000068 00000064 00000060 0000007c 00000078 00000074 00000070 0000006c 00000068 00000064 00000060 
core   0: 0x800001a8 (0x2a5302d7) vor.vv  v5, v5, v6
core   0: 3 0x800001a8 (0x2a5302d7) c8_vstart 0x00000000 e32 m1 l32 v5  ffffffff 0x000000fc 000000f8 000000f4 000000f0 000000ec 000000e8 000000e4 000000e0 0000007c 00000078 00000074 00000070 0000006c 00000068 00000064 00000060 000001fc 000001f8 000001f4 000001f0 000001ec 000001e8 000001e4 000001e0 0000017c 00000178 00000174 00000170 0000016c 00000168 00000164 00000160 
core   0: 0x800001ac (0x96013057) vsll.vi v0, v0, 2
core   0: 3 0x800001ac (0x96013057) c8_vstart 0x00000000 e32 m1 l32 v0  ffffffff 0x000003fc 000003f8 000003f4 000003f0 000003ec 000003e8 000003e4 000003e0 000003dc 000003d8 000003d4 000003d0 000003cc 000003c8 000003c4 000003c0 000003bc 000003b8 000003b4 000003b0 000003ac 000003a8 000003a4 000003a0 0000039c 00000398 00000394 00000390 0000038c 00000388 00000384 00000380 
core   0: 0x800001b0 (0xfec12283) lw      x5, -20(x2)
core   0: 3 0x800001b0 (0xfec12283) x5  0x90000000 mem 0x70000014
core   0: 0x800001b4 (0x0202c057) vadd.vx v0, v0, x5
core   0: 3 0x800001b4 (0x0202c057) c8_vstart 0x00000000 e32 m1 l32 v0  ffffffff 0x900003fc 900003f8 900003f4 900003f0 900003ec 900003e8 900003e4 900003e0 900003dc 900003d8 900003d4 900003d0 900003cc 900003c8 900003c4 900003c0 900003bc 900003b8 900003b4 900003b0 900003ac 900003a8 900003a4 900003a0 9000039c 90000398 90000394 90000390 9000038c 90000388 90000384 90000380 
core   0: 0x800001b8 (0x0000207b) vlw12.v v0, v0, 0
core   0: 3 0x800001b8 (0x0000207b) e32 m1 l32 v0  ffffffff 0x2b2cb083 b1a1b2af 2badb0cc 1c7aae54 aeb62efd 2d52afa0 32213130 adfaa483 b1092e38 b1ada82a 29353115 33493303 b351301a 33043225 b0cb313e b239a401 2e02b202 b1072cf7 ae829a8f 33993372 2f6432c9 acb3332a 2468b3be 1eab2999 30c9a1dd 2c9ca8e9 30692291 2bf3b18c 307daa03 326d2d87 b0023027 aec722b1  c8_vstart 0x00000000 mem 0x90000380 mem 0x90000384 mem 0x90000388 mem 0x9000038c mem 0x90000390 mem 0x90000394 mem 0x90000398 mem 0x9000039c mem 0x900003a0 mem 0x900003a4 mem 0x900003a8 mem 0x900003ac mem 0x900003b0 mem 0x900003b4 mem 0x900003b8 mem 0x900003bc mem 0x900003c0 mem 0x900003c4 mem 0x900003c8 mem 0x900003cc mem 0x900003d0 mem 0x900003d4 mem 0x900003d8 mem 0x900003dc mem 0x900003e0 mem 0x900003e4 mem 0x900003e8 mem 0x900003ec mem 0x900003f0 mem 0x900003f4 mem 0x900003f8 mem 0x900003fc
core   0: 0x800001bc (0x2a5482d7) vor.vv  v5, v5, v9
core   0: 3 0x800001bc (0x2a5482d7) c8_vstart 0x00000000 e32 m1 l32 v5  ffffffff 0x000000fd 000000f9 000000f5 000000f1 000000ed 000000e9 000000e5 000000e1 0000007d 00000079 00000075 00000071 0000006d 00000069 00000065 00000061 000001fd 000001f9 000001f5 000001f1 000001ed 000001e9 000001e5 000001e1 0000017d 00000179 00000175 00000171 0000016d 00000169 00000165 00000161 
core   0: 0x800001c0 (0x965132d7) vsll.vi v5, v5, 2
core   0: 3 0x800001c0 (0x965132d7) c8_vstart 0x00000000 e32 m1 l32 v5  ffffffff 0x000003f4 000003e4 000003d4 000003c4 000003b4 000003a4 00000394 00000384 000001f4 000001e4 000001d4 000001c4 000001b4 000001a4 00000194 00000184 000007f4 000007e4 000007d4 000007c4 000007b4 000007a4 00000794 00000784 000005f4 000005e4 000005d4 000005c4 000005b4 000005a4 00000594 00000584 
core   0: 0x800001c4 (0xff412283) lw      x5, -12(x2)
core   0: 3 0x800001c4 (0xff412283) x5  0x90004000 mem 0x7000001c
core   0: 0x800001c8 (0x0252c2d7) vadd.vx v5, v5, x5
core   0: 3 0x800001c8 (0x0252c2d7) c8_vstart 0x00000000 e32 m1 l32 v5  ffffffff 0x900043f4 900043e4 900043d4 900043c4 900043b4 900043a4 90004394 90004384 900041f4 900041e4 900041d4 900041c4 900041b4 900041a4 90004194 90004184 900047f4 900047e4 900047d4 900047c4 900047b4 900047a4 90004794 90004784 900045f4 900045e4 900045d4 900045c4 900045b4 900045a4 90004594 90004584 
core   0: 0x800001cc (0x0002e07b) vsw12.v v0, v5, 0
core   0: 3 0x800001cc (0x0002e07b) c8_vstart 0x00000000 e32 m1 l32 mem 0x90004584 0xaec722b1 mem 0x90004594 0xb0023027 mem 0x900045a4 0x326d2d87 mem 0x900045b4 0x307daa03 mem 0x900045c4 0x2bf3b18c mem 0x900045d4 0x30692291 mem 0x900045e4 0x2c9ca8e9 mem 0x900045f4 0x30c9a1dd mem 0x90004784 0x1eab2999 mem 0x90004794 0x2468b3be mem 0x900047a4 0xacb3332a mem 0x900047b4 0x2f6432c9 mem 0x900047c4 0x33993372 mem 0x900047d4 0xae829a8f mem 0x900047e4 0xb1072cf7 mem 0x900047f4 0x2e02b202 mem 0x90004184 0xb239a401 mem 0x90004194 0xb0cb313e mem 0x900041a4 0x33043225 mem 0x900041b4 0xb351301a mem 0x900041c4 0x33493303 mem 0x900041d4 0x29353115 mem 0x900041e4 0xb1ada82a mem 0x900041f4 0xb1092e38 mem 0x90004384 0xadfaa483 mem 0x90004394 0x32213130 mem 0x900043a4 0x2d52afa0 mem 0x900043b4 0xaeb62efd mem 0x900043c4 0x1c7aae54 mem 0x900043d4 0x2badb0cc mem 0x900043e4 0xb1a1b2af mem 0x900043f4 0x2b2cb083
core   0: 0x800001d0 (0x00000317) auipc   x6, 0x0
core   0: 3 0x800001d0 (0x00000317) x6  0x800001d0
core   0: 0x800001d4 (0x0203305b) setrpc  x0, x6, 32
core   0: 3 0x800001d4 (0x0203305b) c2060_rpc 0x800001f0 current mask:	ffffffff current npc:	8000012c stack size: 0
core   0: 0x800001d8 (0x00419c5b) vbne    v4, v3, pc + 24
core   0: 3 0x800001d8 (0x00419c5b) c8_vstart 0x00000000 e32 m1 l32 current mask:	00010001 current npc:	800001dc stack size: 2
[r_pc] 800001f0 [else_pc] 800001f0 [else_mask] fffefffe 
[r_pc] 800001f0 [else_pc] 800001f0 [else_mask] ffffffff 
core   0: 0x800001dc (0x0040006f) j       pc + 0x4
core   0: 3 0x800001dc (0x0040006f)
core   0: 0x800001e0 (0x96213057) vsll.vi v0, v2, 2
core   0: 3 0x800001e0 (0x96213057) c8_vstart 0x00000000 e32 m1 l32 v0  00010001 0x2b2cb083 b1a1b2af 2badb0cc 1c7aae54 aeb62efd 2d52afa0 32213130 adfaa483 b1092e38 b1ada82a 29353115 33493303 b351301a 33043225 b0cb313e 0000001c 2e02b202 b1072cf7 ae829a8f 33993372 2f6432c9 acb3332a 2468b3be 1eab2999 30c9a1dd 2c9ca8e9 30692291 2bf3b18c 307daa03 326d2d87 b0023027 0000005c 
core   0: 0x800001e4 (0xfdc12283) lw      x5, -36(x2)
core   0: 3 0x800001e4 (0xfdc12283) x5  0x90005000 mem 0x70000004
core   0: 0x800001e8 (0x0202c057) vadd.vx v0, v0, x5
core   0: 3 0x800001e8 (0x0202c057) c8_vstart 0x00000000 e32 m1 l32 v0  00010001 0x2b2cb083 b1a1b2af 2badb0cc 1c7aae54 aeb62efd 2d52afa0 32213130 adfaa483 b1092e38 b1ada82a 29353115 33493303 b351301a 33043225 b0cb313e 9000501c 2e02b202 b1072cf7 ae829a8f 33993372 2f6432c9 acb3332a 2468b3be 1eab2999 30c9a1dd 2c9ca8e9 30692291 2bf3b18c 307daa03 326d2d87 b0023027 9000505c 
core   0: 0x800001ec (0x0010607b) vsw12.v v1, v0, 0
core   0: 3 0x800001ec (0x0010607b) c8_vstart 0x00000000 e32 m1 l32 mem 0x9000505c 0x0000000e mem 0x9000501c 0x0000000f
core   0: 0x800001f0 (0x0000205b) join    v0, v0, pc + 0
core   0: 3 0x800001f0 (0x0000205b) current mask:	fffefffe current npc:	800001f0 stack size: 1
[r_pc] 800001f0 [else_pc] 800001f0 [else_mask] ffffffff 
core   0: 3 0x800001f0 (0x0000205b) current mask:	ffffffff current npc:	800001f0 stack size: 0
core   0: 3 0x800001f0 (0x0000205b) current mask:	ffffffff current npc:	800001f0 stack size: 0
core   0: Executed 3 times
core   0: 0x800001f4 (0xfd812083) lw      x1, -40(x2)
core   0: 3 0x800001f4 (0xfd812083) x1  0x800000a0 mem 0x70000000
core   0: 0x800001f8 (0xfd810113) addi    x2, x2, -40
core   0: 3 0x800001f8 (0xfd810113) x2  0x70000000
core   0: 0x800001fc (0x00008067) ret
core   0: 3 0x800001fc (0x00008067)
core   0: 0x800000a0 (0x0000400b) endprg  x0, x0, x0
core   0: 3 0x800000a0 (0x0000400b)
core   0: 0x800000a4 (0x0040006f) j       pc + 0x4
core   0: 3 0x800000a4 (0x0040006f)
core   0: 0x800000a8 (0x00100313) li      x6, 1
core   0: 3 0x800000a8 (0x00100313) x6  0x00000001
core   0: 0x800000ac (0x00001297) auipc   x5, 0x1
core   0: 3 0x800000ac (0x00001297) x5  0x800010ac
core   0: 0x800000b0 (0xf5428293) addi    x5, x5, -172
core   0: 3 0x800000b0 (0xf5428293) x5  0x80001000
core   0: 0x800000b4 (0x0062a023) sw      x6, 0(x5)
core   0: 3 0x800000b4 (0x0062a023) mem 0x80001000 0x00000001
ffffff current npc:	800001f0 stack size: 0
core   0: Executed 3 times
core   0: 0x800001f4 (0xfd812083) lw      x1, -40(x2)
core   0: 3 0x800001f4 (0xfd812083) x1  0x800000a0 mem 0x70000000
core   0: 0x800001f8 (0xfd810113) addi    x2, x2, -40
core   0: 3 0x800001f8 (0xfd810113) x2  0x70000000
core   0: 0x800001fc (0x00008067) ret
core   0: 3 0x800001fc (0x00008067)
core   0: 0x800000a0 (0x0000400b) endprg  x0, x0, x0
core   0: 3 0x800000a0 (0x0000400b)
core   0: 0x800000a4 (0x0040006f) j       pc + 0x4
core   0: 3 0x800000a4 (0x0040006f)
core   0: 0x800000a8 (0x00100313) li      x6, 1
core   0: 3 0x800000a8 (0x00100313) x6  0x00000001
core   0: 0x800000ac (0x00001297) auipc   x5, 0x1
core   0: 3 0x800000ac (0x00001297) x5  0x800010ac
core   0: 0x800000b0 (0xf5428293) addi    x5, x5, -172
core   0: 3 0x800000b0 (0xf5428293) x5  0x80001000
core   0: 0x800000b4 (0x0062a023) sw      x6, 0(x5)
core   0: 3 0x800000b4 (0x0062a023) mem 0x80001000 0x00000001
ffffff current npc:	800001f0 stack size: 0
core   0: Executed 3 times
core   0: 0x800001f4 (0xfd812083) lw      x1, -40(x2)
core   0: 3 0x800001f4 (0xfd812083) x1  0x800000a0 mem 0x70000000
core   0: 0x800001f8 (0xfd810113) addi    x2, x2, -40
core   0: 3 0x800001f8 (0xfd810113) x2  0x70000000
core   0: 0x800001fc (0x00008067) ret
core   0: 3 0x800001fc (0x00008067)
core   0: 0x800000a0 (0x0000400b) endprg  x0, x0, x0
core   0: 3 0x800000a0 (0x0000400b)
core   0: 0x800000a4 (0x0040006f) j       pc + 0x4
core   0: 3 0x800000a4 (0x0040006f)
core   0: 0x800000a8 (0x00100313) li      x6, 1
core   0: 3 0x800000a8 (0x00100313) x6  0x00000001
core   0: 0x800000ac (0x00001297) auipc   x5, 0x1
core   0: 3 0x800000ac (0x00001297) x5  0x800010ac
core   0: 0x800000b0 (0xf5428293) addi    x5, x5, -172
core   0: 3 0x800000b0 (0xf5428293) x5  0x80001000
core   0: 0x800000b4 (0x0062a023) sw      x6, 0(x5)
core   0: 3 0x800000b4 (0x0062a023) mem 0x80001000 0x00000001
ffffff current npc:	800001f0 stack size: 0
core   0: Executed 3 times
core   0: 0x800001f4 (0xfd812083) lw      x1, -40(x2)
core   0: 3 0x800001f4 (0xfd812083) x1  0x800000a0 mem 0x70000000
core   0: 0x800001f8 (0xfd810113) addi    x2, x2, -40
core   0: 3 0x800001f8 (0xfd810113) x2  0x70000000
core   0: 0x800001fc (0x00008067) ret
core   0: 3 0x800001fc (0x00008067)
core   0: 0x800000a0 (0x0000400b) endprg  x0, x0, x0
core   0: 3 0x800000a0 (0x0000400b)
core   0: 0x800000a4 (0x0040006f) j       pc + 0x4
core   0: 3 0x800000a4 (0x0040006f)
core   0: 0x800000a8 (0x00100313) li      x6, 1
core   0: 3 0x800000a8 (0x00100313) x6  0x00000001
core   0: 0x800000ac (0x00001297) auipc   x5, 0x1
core   0: 3 0x800000ac (0x00001297) x5  0x800010ac
core   0: 0x800000b0 (0xf5428293) addi    x5, x5, -172
core   0: 3 0x800000b0 (0xf5428293) x5  0x80001000
core   0: 0x800000b4 (0x0062a023) sw      x6, 0(x5)
core   0: 3 0x800000b4 (0x0062a023) mem 0x80001000 0x00000001
ffffff current npc:	800001f0 stack size: 0
core   0: Executed 3 times
core   0: 0x800001f4 (0xfd812083) lw      x1, -40(x2)
core   0: 3 0x800001f4 (0xfd812083) x1  0x800000a0 mem 0x70000000
core   0: 0x800001f8 (0xfd810113) addi    x2, x2, -40
core   0: 3 0x800001f8 (0xfd810113) x2  0x70000000
core   0: 0x800001fc (0x00008067) ret
core   0: 3 0x800001fc (0x00008067)
core   0: 0x800000a0 (0x0000400b) endprg  x0, x0, x0
core   0: 3 0x800000a0 (0x0000400b)
core   0: 0x800000a4 (0x0040006f) j       pc + 0x4
core   0: 3 0x800000a4 (0x0040006f)
core   0: 0x800000a8 (0x00100313) li      x6, 1
core   0: 3 0x800000a8 (0x00100313) x6  0x00000001
core   0: 0x800000ac (0x00001297) auipc   x5, 0x1
core   0: 3 0x800000ac (0x00001297) x5  0x800010ac
core   0: 0x800000b0 (0xf5428293) addi    x5, x5, -172
core   0: 3 0x800000b0 (0xf5428293) x5  0x80001000
core   0: 0x800000b4 (0x0062a023) sw      x6, 0(x5)
core   0: 3 0x800000b4 (0x0062a023) mem 0x80001000 0x00000001
ffffff current npc:	800001f0 stack size: 0
core   0: Executed 3 times
core   0: 0x800001f4 (0xfd812083) lw      x1, -40(x2)
core   0: 3 0x800001f4 (0xfd812083) x1  0x800000a0 mem 0x70000000
core   0: 0x800001f8 (0xfd810113) addi    x2, x2, -40
core   0: 3 0x800001f8 (0xfd810113) x2  0x70000000
core   0: 0x800001fc (0x00008067) ret
core   0: 3 0x800001fc (0x00008067)
core   0: 0x800000a0 (0x0000400b) endprg  x0, x0, x0
core   0: 3 0x800000a0 (0x0000400b)
core   0: 0x800000a4 (0x0040006f) j       pc + 0x4
core   0: 3 0x800000a4 (0x0040006f)
core   0: 0x800000a8 (0x00100313) li      x6, 1
core   0: 3 0x800000a8 (0x00100313) x6  0x00000001
core   0: 0x800000ac (0x00001297) auipc   x5, 0x1
core   0: 3 0x800000ac (0x00001297) x5  0x800010ac
core   0: 0x800000b0 (0xf5428293) addi    x5, x5, -172
core   0: 3 0x800000b0 (0xf5428293) x5  0x80001000
core   0: 0x800000b4 (0x0062a023) sw      x6, 0(x5)
core   0: 3 0x800000b4 (0x0062a023) mem 0x80001000 0x00000001
ffffff current npc:	800001f0 stack size: 0
core   0: Executed 3 times
core   0: 0x800001f4 (0xfd812083) lw      x1, -40(x2)
core   0: 3 0x800001f4 (0xfd812083) x1  0x800000a0 mem 0x70000000
core   0: 0x800001f8 (0xfd810113) addi    x2, x2, -40
core   0: 3 0x800001f8 (0xfd810113) x2  0x70000000
core   0: 0x800001fc (0x00008067) ret
core   0: 3 0x800001fc (0x00008067)
core   0: 0x800000a0 (0x0000400b) endprg  x0, x0, x0
core   0: 3 0x800000a0 (0x0000400b)
core   0: 0x800000a4 (0x0040006f) j       pc + 0x4
core   0: 3 0x800000a4 (0x0040006f)
core   0: 0x800000a8 (0x00100313) li      x6, 1
core   0: 3 0x800000a8 (0x00100313) x6  0x00000001
core   0: 0x800000ac (0x00001297) auipc   x5, 0x1
core   0: 3 0x800000ac (0x00001297) x5  0x800010ac
core   0: 0x800000b0 (0xf5428293) addi    x5, x5, -172
core   0: 3 0x800000b0 (0xf5428293) x5  0x80001000
core   0: 0x800000b4 (0x0062a023) sw      x6, 0(x5)
core   0: 3 0x800000b4 (0x0062a023) mem 0x80001000 0x00000001
ffffff current npc:	800001f0 stack size: 0
core   0: Executed 3 times
core   0: 0x800001f4 (0xfd812083) lw      x1, -40(x2)
core   0: 3 0x800001f4 (0xfd812083) x1  0x800000a0 mem 0x70000000
core   0: 0x800001f8 (0xfd810113) addi    x2, x2, -40
core   0: 3 0x800001f8 (0xfd810113) x2  0x70000000
core   0: 0x800001fc (0x00008067) ret
core   0: 3 0x800001fc (0x00008067)
core   0: 0x800000a0 (0x0000400b) endprg  x0, x0, x0
core   0: 3 0x800000a0 (0x0000400b)
core   0: 0x800000a4 (0x0040006f) j       pc + 0x4
core   0: 3 0x800000a4 (0x0040006f)
core   0: 0x800000a8 (0x00100313) li      x6, 1
core   0: 3 0x800000a8 (0x00100313) x6  0x00000001
core   0: 0x800000ac (0x00001297) auipc   x5, 0x1
core   0: 3 0x800000ac (0x00001297) x5  0x800010ac
core   0: 0x800000b0 (0xf5428293) addi    x5, x5, -172
core   0: 3 0x800000b0 (0xf5428293) x5  0x80001000
core   0: 0x800000b4 (0x0062a023) sw      x6, 0(x5)
core   0: 3 0x800000b4 (0x0062a023) mem 0x80001000 0x00000001
